"probability","observed_positive","overall_positive","complier_positive"
0,1,1.09061488443186,1.28151377701796
5e-04,6,23.099959948474,23.4778569352451
0.001,10.406,36.3685598910106,40.0219634978696
0.0015,17.0726666666667,49.7678507982775,53.7548182262124
0.002,18,63.7392520851893,65.3633991074572
0.0025,23.015,77.2982510253507,76.986205616432
0.003,27,89.2349717902902,88.3434561872541
0.0035,27.807,98.0426725643021,98.1885586002975
0.004,31.7493333333333,107.766599849471,107.71972680976
0.0045,34,118.067893101155,117.416904730289
0.005,39,129.323986572353,129.026953704891
0.0055,40,138.052494612488,138.343245119586
0.006,42,146.955255249625,146.409486826698
0.0065,44,155.38763099618,155.160505118958
0.007,45,165.066919647276,164.90600319864
0.0075,46,174.020897276031,174.536739979814
0.008,48,183.179491151268,183.157870078358
0.0085,49.9673333333334,192.694870439851,192.41229316409
0.009,51,202.002400674339,202.13250462216
0.0095,53.238,209.715274815169,210.891653585425
0.01,56.6866666666667,216.875665830738,217.741481730935
0.0105,59.263,225.547845787239,225.902820820851
0.011,60.822,232.941826917456,234.633992430115
0.0115,65.7793333333333,240.598418239298,242.110866400987
0.012,68.872,248.527421815094,248.496153348447
0.0125,72,255.232675448886,255.47886407372
0.013,75,262.826783428448,261.614079392547
0.0135,78,271.295507169806,269.120115560097
0.014,80.456,279.390771120348,276.703197924685
0.0145,84,287.216247984239,285.390989081599
0.015,87,294.25570123268,291.994545535988
0.0155,89.431,302.383861623685,300.10769651917
0.016,93,308.635517279468,308.419264973575
0.0165,96.5663333333333,313.776954361207,315.835179755157
0.017,99.634,321.709072410277,323.567821945583
0.0175,104,328.584019096737,330.842520537
0.018,107.769333333333,335.990013455387,337.735958662697
0.0185,108,343.698330892418,343.570128511494
0.019,112.809333333333,350.09809377815,349.754058439061
0.0195,117,358.87183784021,356.927685935062
0.02,120.08,364.957759548688,364.319632500868
0.0205,126.107666666667,370.682402678053,371.320126935671
0.021,129.350666666667,377.141730845772,377.97869889591
0.0215,132,384.245889744158,385.410299593227
0.022,135,390.809347135242,393.266265195332
0.0225,141.378333333333,398.881559361781,400.606719784486
0.023,144,405.636323964777,407.424720733215
0.0235,147,413.53062854558,415.393439639864
0.024,150,419.932946363361,422.202306649854
0.0245,154,426.671935960545,428.366642254468
0.025,159.15,433.555455521664,436.614858979184
0.0255,162,439.705198302614,443.449781329399
0.026,164.556,445.717455644379,449.972186521333
0.0265,171,451.430876718431,456.859731641111
0.027,175.974666666667,458.350975863314,464.295202292648
0.0275,183,464.490702709765,471.409863403177
0.028,189,471.737378497391,478.903071495497
0.0285,193.380666666667,479.237721689751,486.919899543597
0.029,198,485.761078025313,492.285614687278
0.0295,201,492.252975914699,498.775884197
0.03,203,498.777447442419,505.007827470927
0.0305,206.461,504.65291552173,510.701148296995
0.031,213,510.31287163622,517.277697890627
0.0315,216,516.909136036142,523.74804450301
0.032,216.664,522.565952873415,530.347568741466
0.0325,224.195,528.318388918184,537.063397224975
0.033,226,534.833048792769,542.718767158107
0.0335,231,540.135710233759,549.586832041432
0.034,234,547.317051190123,555.589601863871
0.0345,237.007,552.748056818208,562.611968445896
0.035,243,559.711698957031,568.618871564536
0.0355,247.275333333333,565.823066070917,574.491914073766
0.036,251.205333333333,571.813557681804,582.186782868807
0.0365,255,577.739205018898,587.996904700256
0.037,258.340666666667,585.528210376697,594.158063770007
0.0375,264,592.397486697271,600.952039494846
0.038,269.476,599.629612801795,606.802763891041
0.0385,282.543666666667,605.282080613101,613.147938955943
0.039,294,610.326831217561,618.674314746127
0.0395,297,615.965262589234,624.263691892136
0.04,300,622.067348897074,630.385522661027
0.0405,308.443,627.820825383046,636.301181546556
0.041,312,633.942643400953,642.295722088379
0.0415,318.949666666667,640.634283451086,648.091410998202
0.042,321.017333333333,647.894606206351,654.496932508413
0.0425,325.17,653.792911837752,661.140106701272
0.043,332.305333333333,659.370357886374,666.883414886275
0.0435,337.440666666667,665.686942307702,673.118335237171
0.044,344.288,672.689125738903,679.566300575856
0.0445,351.355666666667,679.784664547227,686.027549677238
0.045,354,685.879793408479,692.714859708098
0.0455,358.491,693.249184251023,699.085197954963
0.046,363,699.367333039895,705.130978741671
0.0465,366,705.363190796269,710.31117398031
0.047,369,711.294661036709,716.045108994222
0.0475,374.285,716.469195779216,723.429618043195
0.048,376.829333333333,722.523947552036,729.633647101175
0.0485,383.691,728.136491110508,736.2275302895
0.049,389.894,734.262527661403,741.664600871366
0.0495,395.194,739.701598895484,748.077213803474
0.05,406.2,744.690978580276,754.041617568434
0.0505,418.335333333333,750.328591863848,760.569779159649
0.051,425.235333333333,755.986605428527,766.483310225647
0.0515,427.606,762.149361995894,772.383151190878
0.052,435,768.148444105847,779.11558835927
0.0525,438,774.334028020227,784.659045264857
0.053,442.012,780.596711541277,790.846701652838
0.0535,453,786.72019358203,796.440999769704
0.054,457.282666666667,791.559132471429,801.55072223784
0.0545,462,797.19484017846,807.18478560969
0.055,463,803.689491641519,813.002969936644
0.0555,468.844333333333,809.583296315077,818.74177602815
0.056,476.912,815.888918434209,825.056541866616
0.0565,482.939,821.010898682685,830.483461710225
0.057,486.047333333333,826.915877967559,836.003251950748
0.0575,489.115,833.263265631555,841.185215670893
0.058,504,839.320546093557,847.641933970498
0.0585,516.751,846.700432024931,854.417572585135
0.059,522,852.646020161643,860.695459049246
0.0595,527.242333333334,859.580037517425,866.168088185929
0.06,542,865.70765791157,872.288201171755
0.0605,545.042,871.718737799666,878.74481100751
0.061,552.588666666667,876.913058173471,884.740305116003
0.0615,555,883.161515070152,891.138392846772
0.062,558.896,888.359518276587,896.354802983141
0.0625,564.791666666667,894.707805294931,901.773412338057
0.063,575.578,900.980652991454,907.306788680887
0.0635,579.927,906.799491966347,912.455528293379
0.064,585.994666666667,912.183546905232,917.707864205835
0.0645,589.124666666667,917.945187968498,924.26476653079
0.065,597,923.8635148577,930.234952821929
0.0655,600.790666666667,929.646343851661,936.314981495296
0.066,606.796,935.589570222981,941.329833844191
0.0665,612.999,942.128373940491,946.982679365531
0.067,618,948.787250041941,953.494346428397
0.0675,626.468333333333,955.293481369253,959.503170407808
0.068,629.536,961.549931128728,965.276768635503
0.0685,636,967.946429763182,971.580976242711
0.069,641.342666666667,974.868921599196,977.505416838
0.0695,647.478,980.96473779147,983.42951771244
0.07,651,985.309416393461,989.555885345531
0.0705,654,991.062544546855,995.44973554789
0.071,662.826,996.786848042872,1002.33181385
0.0715,669.009666666667,1001.89902257054,1007.76319229358
0.072,672.232,1007.40860723839,1012.99310667466
0.0725,678.435,1013.68221201706,1018.84416262204
0.073,687.212666666667,1019.48820467749,1024.87453486678
0.0735,693,1027.06038285618,1031.21910034375
0.074,699,1033.00631279487,1037.2790438469
0.0745,705.415666666667,1039.11023685977,1042.96018546615
0.075,710.483333333333,1045.04579123273,1048.32826019074
0.0755,716.102,1050.54428904275,1053.56526501151
0.076,720,1056.86421706187,1059.33372869557
0.0765,725.059,1062.16454018793,1065.27931122671
0.077,731.262,1068.47516606826,1071.71856793156
0.0775,737.465,1074.25921992746,1077.22938248779
0.078,743.668,1080.42368746484,1083.19869192338
0.0785,750,1085.88475795442,1088.71573592393
0.079,762,1092.41165059639,1093.67729810131
0.0795,771.184666666667,1098.07609452288,1099.75341793435
0.08,782.16,1103.89723630816,1106.32838063147
0.0805,786.683,1109.46910167003,1111.87911344707
0.081,789,1114.3498980299,1117.82941499756
0.0815,796.726,1119.87947536665,1123.16128454131
0.082,801.292,1125.64646591215,1130.23931902675
0.0825,808.495,1132.37092409706,1135.9679577753
0.083,816,1137.88562312211,1141.63913628016
0.0835,824.633666666667,1145.16362847242,1147.60547616879
0.084,832.208,1151.34263985708,1153.32917183127
0.0845,844.614000000001,1157.33557163226,1160.4834286296
0.085,858,1164.17107884146,1165.87977835505
0.0855,861,1171.00806461382,1171.62729550862
0.086,864,1176.5754527191,1177.36008931297
0.0865,870.119,1182.50643350034,1183.15177063442
0.087,885,1188.52268792233,1188.44468656159
0.0875,896.175,1194.79505655249,1194.14518838677
0.088,903,1199.84878590794,1199.59387951626
0.0885,906,1205.65765076815,1204.58284339018
0.089,912,1212.05128317503,1210.2163897125
0.0895,918.891333333333,1217.72658293354,1215.55882055538
0.09,924.513333333333,1222.84724721472,1221.02605202307
0.0905,927.581,1229.65329464201,1227.70757996671
0.091,933,1235.76176874315,1233.71612368995
0.0915,933,1242.38809496426,1238.94696239568
0.092,946.704000000001,1248.65486783762,1245.14919709948
0.0925,953.555,1254.79588439267,1251.63034102977
0.093,959.919333333333,1260.17456180632,1258.13390129088
0.0935,969.987,1267.21141811035,1264.00259256612
0.094,973.273333333334,1273.41585952415,1270.11848001258
0.0945,981.367,1279.16935881639,1275.77081939299
0.095,990,1285.41674982708,1281.4734468969
0.0955,999.773,1291.33629613789,1287.43382632492
0.096,1005.976,1296.9579234297,1293.19248243559
0.0965,1009.179,1303.14872943024,1298.49344354022
0.097,1014,1308.70036835688,1304.08767954181
0.0975,1026,1315.04462629632,1310.57898153971
0.098,1035,1321.00291544045,1316.36770638049
0.0985,1043.32733333333,1327.06863631306,1322.75275524987
0.099,1052.194,1332.66807036368,1328.90796907326
0.0995,1057.799,1338.39820140589,1334.02108056874
0.1,1065,1344.60323374064,1339.76861161248
0.1005,1074,1351.55351456806,1345.80552174628
0.101,1086,1357.47450971587,1351.84410034109
0.1015,1092,1363.73787266614,1357.91974673322
0.102,1104.68666666667,1369.97900718759,1364.45961569015
0.1025,1113.82,1375.40798658266,1371.35764085218
0.103,1126.54533333333,1381.37707736423,1378.34130168364
0.1035,1136.021,1387.77972236659,1383.73456823672
0.104,1143.04,1394.04764888555,1389.34404948553
0.1045,1157.32966666667,1399.75437985913,1395.27932021176
0.105,1182,1406.60572720124,1401.06468380376
0.1055,1194.666,1413.15946438891,1406.29970560149
0.106,1203,1419.51437203124,1412.55974353635
0.1065,1209.74633333333,1425.83526696918,1418.9136841454
0.107,1215,1432.22678080344,1424.09178362242
0.1075,1222.76333333333,1437.35401702678,1428.96590253716
0.108,1233.79733333333,1443.43043930817,1435.24711491457
0.1085,1239,1449.58315476523,1441.22489261481
0.109,1245.254,1455.49240396596,1446.39737802644
0.1095,1254,1461.38498728215,1452.67377001158
0.11,1257.22,1466.5365807879,1458.42505115292
0.1105,1274.28766666667,1472.39651824163,1464.90939878524
0.111,1286.35533333333,1478.63414143697,1470.40503409926
0.1115,1292.423,1484.67719703428,1476.92552575238
0.112,1299.49066666667,1490.37217944726,1482.73627584163
0.1125,1304.11666666667,1496.48707099923,1489.03060248147
0.113,1311,1503.01493790962,1495.3800084192
0.1135,1319.38733333333,1509.06994599024,1502.34111970067
0.114,1324.76133333333,1514.57554428115,1509.10398516824
0.1145,1344.948,1520.29502432451,1515.43802397483
0.115,1350,1524.9207385351,1522.2413813842
0.1155,1358.82166666667,1531.18529995101,1527.97182582317
0.116,1366.032,1536.13184938174,1533.27370855043
0.1165,1368.299,1543.70628688538,1539.88617271156
0.117,1374.83666666667,1550.22510092193,1545.73173540379
0.1175,1383,1555.85316727787,1552.74475442284
0.118,1390.60533333333,1562.48156202824,1558.69703455367
0.1185,1406.92533333334,1569.1321423116,1565.02433723428
0.119,1431.628,1574.15304600256,1570.73563626179
0.1195,1440,1580.07952659739,1576.98501973737
0.12,1447.72,1585.91313098408,1582.50549178372
0.1205,1454.282,1591.65884350862,1589.1428106767
0.121,1458,1597.97635436597,1594.86456168245
0.1215,1461.77633333333,1603.48985793091,1600.46332864489
0.122,1464.844,1610.11311822629,1606.12300108788
0.1225,1470,1615.96058152826,1612.76660219398
0.123,1477,1621.41461924962,1618.03047337838
0.1235,1482.094,1627.12174349974,1623.85361680743
0.124,1485.344,1632.83833922839,1629.4485051926
0.1245,1491.547,1639.03655081757,1634.62676055968
0.125,1503.5,1645.60478224259,1640.84519220266
0.1255,1508.859,1651.2357267441,1647.9611036574
0.126,1516.38533333333,1656.42211221779,1655.15840971879
0.1265,1524,1663.91599853705,1661.04831532596
0.127,1529.04133333333,1671.32393960653,1667.81862146601
0.1275,1533.58833333333,1677.92005147864,1675.27747675615
0.128,1541.656,1684.59659921139,1680.363955716
0.1285,1555.06566666667,1691.10093894024,1686.0529349164
0.129,1569,1697.14532231043,1693.16176966188
0.1295,1575,1705.13665167049,1697.90731724283
0.13,1583.78,1711.54541677632,1705.50487727408
0.1305,1606.98866666667,1717.20580736722,1711.6755209599
0.131,1614.186,1722.5439845275,1718.65573984724
0.1315,1623,1729.54165105521,1725.32905220566
0.132,1629.592,1735.14117164273,1731.88227827557
0.1325,1642.265,1741.73585610714,1738.70404686199
0.133,1647.998,1749.09294898859,1745.20628410818
0.1335,1657.201,1756.46222678209,1750.81799091118
0.134,1671.468,1763.13977912712,1758.08515134265
0.1345,1676.07133333333,1769.78160653909,1765.28486642905
0.135,1680.60333333333,1775.19854567659,1772.67707738139
0.1355,1686,1782.33045955793,1778.08896603214
0.136,1699.69333333333,1789.97558059347,1784.03450985366
0.1365,1704,1796.69724949918,1790.33716488309
0.137,1710.496,1803.49434499896,1796.72194112678
0.1375,1722,1810.2943714513,1802.56959369256
0.138,1731.084,1817.85982573752,1808.70420370348
0.1385,1749.077,1823.65969582738,1815.29208026156
0.139,1752,1830.48029384464,1821.68298063549
0.1395,1755.637,1836.75819440637,1828.35302317273
0.14,1763.28,1844.30734673307,1833.77230418813
0.1405,1774.043,1850.85071573241,1840.89887437973
0.141,1785,1856.93626678256,1847.4425568812
0.1415,1791,1863.26706711564,1854.86054778953
0.142,1799.55066666667,1869.81235449732,1861.6913801924
0.1425,1814.09166666667,1877.20559562481,1868.67644452843
0.143,1819.686,1882.868462773,1875.63022015739
0.1435,1830,1889.85285350458,1881.68040941707
0.144,1837.10666666667,1896.46825470006,1888.69868242921
0.1445,1856.001,1902.6527970555,1895.95430459935
0.145,1872.43666666667,1909.66675943746,1902.56539717179
0.1455,1887,1917.15551514515,1909.35049748955
0.146,1902.092,1923.79618081162,1915.49238560677
0.1465,1921.31933333333,1930.97506159228,1921.61530348344
0.147,1929,1937.6218969758,1928.97034213464
0.1475,1933,1943.82066479038,1935.58356655738
0.148,1938.088,1950.0485737936,1941.91648873056
0.1485,1944,1956.8308954033,1949.47507303995
0.149,1947,1962.84438670272,1955.07132904092
0.1495,1958.82833333333,1969.41973990372,1962.1813292567
0.15,1974.9,1976.66367587954,1968.6298843118
0.1505,1986,1984.35854889834,1974.42569039955
0.151,1997.76866666667,1991.0742436426,1980.77923392851
0.1515,2004,1997.89440556873,1987.67531428326
0.152,2017.04,2005.01234053679,1993.85355419477
0.1525,2035.94333333333,2010.57259689514,2000.52275997561
0.153,2042.03933333333,2018.40684966989,2007.99302555978
0.1535,2051.214,2024.69534078507,2015.17371383631
0.154,2067.22266666667,2032.09014057217,2022.76137355311
0.1545,2075.96933333333,2037.85211313806,2029.46628880381
0.155,2094.93,2044.20491277684,2035.97798277442
0.1555,2107.37766666667,2051.45471775781,2042.85947419045
0.156,2115,2057.90588900458,2050.51973644512
0.1565,2123.026,2063.79142306015,2058.58943639383
0.157,2134.742,2071.28895814076,2065.1931597323
0.1575,2155.78,2076.88376340089,2071.12594398535
0.158,2170.296,2083.37269590336,2077.35886137502
0.1585,2178.78366666667,2090.76551590782,2084.0884243434
0.159,2184,2097.37944153493,2090.88406542282
0.1595,2187,2103.92285090751,2097.74891535737
0.16,2197.97333333333,2110.9453639739,2105.45627097396
0.1605,2212.43466666667,2118.07724837449,2112.79973327161
0.161,2233.244,2124.8295521368,2119.52060376208
0.1615,2245.18966666667,2130.97786418288,2127.20010664388
0.162,2250,2138.62780342986,2134.26233408147
0.1625,2254.95,2145.59900656695,2140.48199184058
0.163,2262.57066666667,2152.61148706642,2147.55305561501
0.1635,2269.92066666667,2158.34516050562,2154.17397232064
0.164,2279.528,2165.29650839584,2160.55859021514
0.1645,2287.19133333333,2172.99253892852,2166.59057379126
0.165,2296.63333333333,2180.3181345687,2172.88643581695
0.1655,2314.193,2189.01278025545,2179.68261088292
0.166,2322,2196.61188227098,2186.24334163138
0.1665,2338.797,2204.60973577281,2192.52499332963
0.167,2345.802,2211.71312332139,2200.05031300707
0.1675,2349.005,2219.8697779586,2206.61634060682
0.168,2361.416,2227.40160725496,2212.96104945528
0.1685,2372.548,2233.82407250872,2220.70757020944
0.169,2392,2241.06054904561,2229.24971684042
0.1695,2397.817,2248.69856552517,2236.21137186599
0.17,2421.68,2256.8685663799,2242.86884408239
0.1705,2431.223,2264.21470064328,2251.16919958441
0.171,2440.426,2271.70637142736,2258.52449962339
0.1715,2451.543,2279.38074613261,2265.21174164555
0.172,2464.832,2286.36190147469,2273.25577819538
0.1725,2471.035,2293.64732119883,2279.44834382435
0.173,2491.476,2301.06021963539,2287.69701775942
0.1735,2501.441,2308.38656566461,2295.31285126952
0.174,2505,2315.28527528305,2301.51180685771
0.1745,2519.847,2323.52638763854,2309.71804434932
0.175,2529.13333333334,2331.26751801622,2317.17286202246
0.1755,2541,2339.87748250245,2323.28982216203
0.176,2544,2347.46920170244,2329.31405106126
0.1765,2552.87866666667,2355.25241412641,2337.19471722344
0.177,2577,2363.42403419988,2345.16723680175
0.1775,2585.42,2370.56710063012,2351.97439736575
0.178,2596.268,2377.98355674315,2359.49854186825
0.1785,2606.942,2385.3162623628,2367.4072339916
0.179,2613.558,2392.11786792856,2373.92880283095
0.1795,2621.62566666667,2400.34412884419,2381.51728791407
0.18,2625,2407.78027694801,2388.59739651757
0.1805,2631.761,2415.70923738552,2397.7539498324
0.181,2645.80066666667,2423.30238443124,2405.34463366776
0.1815,2657.378,2431.39822748738,2412.11929171372
0.182,2667.856,2439.70838157921,2420.59141554416
0.1825,2674.03166666667,2447.5301335454,2427.67062956647
0.183,2676,2454.62201114553,2435.711076454
0.1835,2694,2463.03283989714,2444.46656918641
0.184,2705.224,2469.79050559513,2452.08587701317
0.1845,2734.51166666667,2477.29633361328,2460.690622981
0.185,2746.74,2485.79153341112,2466.92350893494
0.1855,2752.87533333333,2492.23430857344,2474.87641336362
0.186,2760,2500.16275217027,2483.91027817836
0.1865,2767.146,2508.17638820059,2492.37585956404
0.187,2773.922,2516.39123254539,2499.02292699395
0.1875,2781.54166666667,2524.04417415908,2506.88632934228
0.188,2794.656,2532.10649759904,2515.32093171632
0.1885,2813.68733333333,2539.47794384463,2522.13177017686
0.189,2824.91133333333,2546.96645295156,2529.81152471695
0.1895,2831.937,2554.8961924907,2537.64162715342
0.19,2835.09333333333,2562.30893909034,2546.9309546956
0.1905,2865.343,2570.47664803146,2554.40745192949
0.191,2874,2578.3068108406,2563.4494300692
0.1915,2881.49933333333,2585.35305182621,2571.36888736056
0.192,2895.31733333333,2592.98614677114,2579.26933054919
0.1925,2901.385,2602.06268983537,2586.15107858719
0.193,2914.358,2610.2534091924,2592.49759162827
0.1935,2923.561,2617.58832135201,2600.41811811352
0.194,2937.528,2625.86430865588,2607.31708308243
0.1945,2949,2635.32699120851,2617.18557638998
0.195,2955,2644.4885870137,2625.84512025277
0.1955,2972.373,2652.48716482271,2633.33147749702
0.196,2987.152,2661.89172369548,2641.24926234737
0.1965,2993.92633333333,2670.05544482191,2649.27316593887
0.197,3008.994,2678.18231253826,2657.33110882992
0.1975,3033.12333333333,2686.6571618947,2665.17580409434
0.198,3051.388,2695.39567327298,2673.57848656948
0.1985,3060.197,2703.24693011246,2681.22310638063
0.199,3083.382,2711.5203882324,2689.59409204841
0.1995,3099.997,2719.29078467835,2699.34425676675
0.2,3117,2726.72475700673,2706.9123686495
0.2005,3130.403,2735.71022548024,2714.29638432953
0.201,3141,2743.90410248714,2722.79017444049
0.2015,3150,2752.82705267175,2729.89059560517
0.202,3159.69466666667,2762.003189374,2738.49245765846
0.2025,3164,2769.47478115963,2747.13238312292
0.203,3178.612,2777.52986768505,2755.58251907222
0.2035,3189.74733333333,2785.24809454552,2765.5671969275
0.204,3197.824,2792.16915932702,2775.38786866156
0.2045,3225.036,2802.11524319734,2783.58484683108
0.205,3237.15333333333,2810.713922415,2791.35555555578
0.2055,3250.28866666667,2819.57998510907,2800.14868033489
0.206,3264.484,2827.77561317357,2808.90127672845
0.2065,3276,2836.25735577784,2817.88037971806
0.207,3292.73666666667,2843.9951661692,2826.94898779994
0.2075,3301,2852.93401153378,2835.19562481296
0.208,3309,2860.65149770744,2844.03810598803
0.2085,3316.10066666667,2869.82354585702,2851.87865870089
0.209,3324,2877.63032721079,2860.98724569013
0.2095,3336,2885.70517858138,2869.8249520049
0.21,3350.01333333333,2893.94872381069,2877.91091435667
0.2105,3358,2903.88374261601,2887.63361759041
0.211,3366,2912.2788196112,2896.42861502922
0.2115,3375,2921.76211099834,2903.7069585082
0.212,3390.168,2931.44734830051,2914.8068122768
0.2125,3405,2941.49554680707,2923.92154465451
0.213,3411.15933333333,2949.7628204894,2933.06007574078
0.2135,3432.227,2958.06009729502,2942.6981043549
0.214,3439.42,2967.93022655868,2951.55171443694
0.2145,3457.81166666667,2976.08744385218,2959.31911276607
0.215,3480.43,2985.15210749618,2966.69742424738
0.2155,3490.493,2993.93470687196,2975.7475607827
0.216,3499.696,3004.23970979968,2984.77470993683
0.2165,3517.596,3013.50422242251,2992.70447879872
0.217,3534.10866666667,3022.30707287327,3000.19101500241
0.2175,3563.305,3031.29362822572,3009.79651032701
0.218,3576.508,3040.02037012844,3017.92964830073
0.2185,3594.90366666667,3049.37144161987,3028.84989909173
0.219,3601,3059.33961261217,3038.28550637525
0.2195,3606.117,3068.32891953347,3046.02688802054
0.22,3618.21333333333,3077.42978296833,3054.21411560376
0.2205,3626.69733333333,3087.32979783713,3064.15863312692
0.221,3649.484,3095.37798489005,3072.12594808355
0.2215,3661.858,3104.87203468188,3080.76199479836
0.222,3674.88666666667,3114.81840732102,3089.67852378025
0.2225,3693.89,3123.59862043502,3098.4091331851
0.223,3706.10133333333,3132.85856951148,3107.79258174465
0.2235,3720,3142.82984756607,3117.61911986698
0.224,3724.296,3151.5783089293,3126.68351240345
0.2245,3734.147,3159.55261602969,3135.98690394862
0.225,3754.7,3169.60365705528,3144.88657149489
0.2255,3770.106,3180.58159132813,3155.59442944566
0.226,3778.91866666667,3190.14365603594,3164.27101503991
0.2265,3784.98633333333,3200.27810710412,3173.47209063627
0.227,3794.108,3209.01656383364,3182.39304845068
0.2275,3807.365,3220.43332697811,3190.97919237658
0.228,3817.136,3229.78448173116,3201.77273109708
0.2285,3837.257,3239.46599986654,3211.95749151294
0.229,3846.32466666667,3249.85807374414,3220.28972179937
0.2295,3874.177,3259.40068270901,3229.10816898787
0.23,3891.06,3268.54237073558,3238.81328955193
0.2305,3923.22133333333,3276.62919126027,3248.33260651771
0.231,3945.572,3286.29440569786,3258.9749765702
0.2315,3978.271,3294.43909540133,3269.74078285487
0.232,3988.92266666667,3305.40205438658,3280.42483120819
0.2325,3997.58833333333,3313.74832808876,3290.53962494366
0.233,4005,3324.26323693659,3300.61575117702
0.2335,4013.801,3334.61647331425,3309.63397411154
0.234,4027.00666666667,3345.04282000469,3321.19192079815
0.2345,4038.069,3354.45824176232,3331.52773448501
0.235,4046.13666666667,3364.98602330928,3341.72336488528
0.2355,4073.452,3374.68115394634,3350.32158893211
0.236,4095.36,3386.13956346741,3360.32553893356
0.2365,4116,3396.36286036843,3369.5980794726
0.237,4131.666,3406.32431444103,3380.68718476466
0.2375,4144.95,3417.80320815654,3392.26696888376
0.238,4164.256,3426.70566201869,3403.17827141345
0.2385,4192.493,3436.28178767014,3412.67558026545
0.239,4206.034,3448.56307754687,3423.4515431122
0.2395,4226.948,3457.73075844933,3433.01569205821
0.24,4256.69333333333,3467.14150099936,3443.73771571377
0.2405,4280.643,3476.37202792973,3453.39836693146
0.241,4292.74333333333,3487.94671976646,3463.75504321015
0.2415,4308.03266666667,3498.60000641017,3474.5111746057
0.242,4330.252,3510.49399777914,3485.29178812344
0.2425,4346.60666666667,3521.56926996867,3497.15011817486
0.243,4361.87733333333,3531.71927170502,3506.43038785919
0.2435,4378,3540.85867852862,3517.3385165329
0.244,4383.35466666667,3551.14696458243,3526.96417079933
0.2445,4392.801,3561.81424921375,3537.57325251903
0.245,4409.35,3572.87951701638,3548.24314707304
0.2455,4432.673,3582.45861478455,3559.76748801707
0.246,4446.62533333333,3593.50624196649,3571.70131631067
0.2465,4460.386,3603.61433293875,3581.63218993236
0.247,4466.32466666667,3613.43374866585,3593.96344976443
0.2475,4472.65666666667,3622.8612273708,3604.47202308609
0.248,4487.688,3632.5389059466,3615.3911537929
0.2485,4496.891,3644.24291325106,3626.84267419541
0.249,4515,3655.10714876939,3636.98416125576
0.2495,4521.297,3664.2693641625,3647.45346906199
0.25,4529.33333333333,3674.96937173569,3659.10167512548
0.2505,4547.93733333333,3685.69543339499,3669.99756858894
0.251,4557.604,3696.43808769183,3680.30664911994
0.2515,4569.73933333333,3707.07279463134,3690.59523183713
0.252,4583.43733333333,3719.45904247097,3700.94950694941
0.2525,4600.535,3731.43002952655,3712.55092400306
0.253,4611.436,3741.75583055614,3724.87723180473
0.2535,4618.64033333333,3753.35258174565,3734.80367894325
0.254,4623,3766.37412608565,3746.77742079502
0.2545,4660.53233333334,3775.93479414634,3759.43906982065
0.255,4679.37333333333,3789.69350551678,3772.95208474839
0.2555,4691.288,3800.57209266378,3786.09157986763
0.256,4703.936,3811.22331235817,3797.89272027763
0.2565,4720.09266666667,3821.58639202139,3808.87296604959
0.257,4730.114,3833.71071356848,3820.36013609831
0.2575,4746.36333333333,3843.07064789924,3830.83614361332
0.258,4773.24933333333,3854.98382255592,3843.16702379288
0.2585,4794.951,3867.285876032,3853.07683816538
0.259,4810.53933333334,3880.31893024474,3864.18849637961
0.2595,4830.61866666667,3891.5220011197,3875.38881381759
0.26,4852.04,3903.54357581367,3886.5182789133
0.2605,4861.05200000001,3914.99218201776,3898.17727030718
0.261,4897.20866666667,3926.4777559555,3909.91065927582
0.2615,4911.615,3939.29912772234,3923.77582490641
0.262,4931.372,3952.65443417284,3936.53761622029
0.2625,4940.575,3963.99122154304,3948.15343439004
0.263,4946.852,3976.10234939119,3959.90800971535
0.2635,4964.981,3986.74616755358,3973.70282353985
0.264,4980,4000.18654102583,3986.63783111521
0.2645,4993.645,4012.53981029797,3999.59644724487
0.265,5013.78666666667,4024.95081026624,4010.99523528808
0.2655,5037.90766666667,4037.31862590897,4022.72015841457
0.266,5058,4047.90169969546,4034.97260010956
0.2665,5064,4060.25406520286,4047.54051474554
0.267,5069.86933333334,4072.14978605329,4058.48788470807
0.2675,5078.675,4084.34984324483,4069.84453159915
0.268,5098.62933333334,4095.11320029793,4081.79348336489
0.2685,5123.011,4109.67650606623,4094.36444059598
0.269,5137.38,4123.95915731697,4107.05441526924
0.2695,5145,4136.59091261343,4120.46335699115
0.27,5158.36666666667,4148.5666406128,4131.52863550775
0.2705,5183.292,4162.82143297272,4146.81039327679
0.271,5195.00866666667,4176.36599846448,4158.9202555404
0.2715,5211.458,4189.97444287406,4170.77940313334
0.272,5226.144,4202.95023992214,4184.80767014436
0.2725,5232,4219.71195955634,4199.41339760781
0.273,5240.39666666667,4234.48799009846,4216.83020793276
0.2735,5268.388,4248.23825961604,4231.37499929227
0.274,5292,4260.5671176752,4247.38468441099
0.2745,5309.447,4275.56761728424,4260.28415477008
0.275,5334.75,4288.49063096625,4274.94561565257
0.2755,5348.11800000001,4301.93648719775,4286.91422109336
0.276,5374.42666666667,4314.29565155026,4298.15842751888
0.2765,5390.012,4328.20535862993,4312.50727783999
0.277,5415.848,4342.13623759439,4326.07080043942
0.2775,5438.21833333334,4355.37141901462,4341.24823503132
0.278,5445,4368.27098501917,4353.36702104621
0.2785,5460,4384.05635024739,4366.45455992228
0.279,5472.274,4399.02306394635,4378.57040622167
0.2795,5484.954,4413.57964744508,4391.99584783625
0.28,5506.81333333334,4425.25887297571,4408.40621500595
0.2805,5536.41500000001,4436.9756774116,4422.47700293216
0.281,5560.81,4452.75804675702,4435.733881995
0.2815,5592.86700000001,4466.12141052268,4450.0449362126
0.282,5613.99466666667,4482.16274848038,4462.99319722398
0.2825,5645.47500000001,4498.48879931872,4478.31682885097
0.283,5675.26533333333,4513.58724338423,4495.25377463875
0.2835,5687.70033333333,4527.02091824806,4508.54047454594
0.284,5704,4543.50593433749,4522.97843538672
0.2845,5720.507,4558.77567774382,4536.22447131183
0.285,5740.61333333334,4571.71303232819,4551.08677807016
0.2855,5783.36200000001,4587.04348339281,4565.43606545877
0.286,5805.69600000001,4600.41551270226,4580.73740887187
0.2865,5830.53166666667,4615.1532519427,4595.93223373719
0.287,5848.348,4631.12964697729,4611.89804202062
0.2875,5856.69166666667,4646.80366938998,4625.27506663152
0.288,5876.61866666667,4662.62741185582,4639.70569083576
0.2885,5887,4679.19414407131,4653.18935794302
0.289,5899.78066666667,4693.57175154283,4669.72917868111
0.2895,5917.02466666667,4706.39124628456,4684.91984826599
0.29,5950.74,4720.37392533194,4699.44560638682
0.2905,5955,4736.05311761144,4716.05393758624
0.291,5960.146,4750.88802948045,4731.60265697721
0.2915,5969.132,4765.37298771114,4745.86252404398
0.292,5978.70133333333,4782.16643069121,4760.7617877574
0.2925,5991,4799.41532716204,4779.02039249089
0.293,5999.93,4816.59122961478,4795.82389761069
0.2935,6038.21466666667,4833.86324392296,4811.4396513049
0.294,6055.728,4848.36763283177,4826.18549621472
0.2945,6081.378,4863.87565089167,4841.89368579334
0.295,6102.51333333333,4881.68769859894,4857.6922034034
0.2955,6123.21633333334,4896.03866186959,4871.33368616083
0.296,6144,4913.58169844567,4884.3541268692
0.2965,6152.29833333334,4927.37211810161,4897.75043273159
0.297,6167.52733333333,4943.08659704171,4914.15246970771
0.2975,6179.595,4960.48959439621,4928.19065380368
0.298,6201.66266666667,4975.68124555317,4947.36478223146
0.2985,6211.46066666667,4992.939627284,4963.03364134834
0.299,6249.778,5011.36802009352,4979.61994583425
0.2995,6265.86566666667,5028.59482734264,4995.74291693773
0.3,6278.73333333333,5044.4424856125,5010.92276658527
0.3005,6291.008,5061.58386512616,5028.14326194917
0.301,6305,5078.22317249637,5047.32904953954
0.3015,6309,5094.8769712299,5063.53911547621
0.302,6332.02,5112.45326928399,5081.48663945905
0.3025,6347.17333333334,5127.86508566237,5097.20975730316
0.303,6377.37533333334,5143.53904162308,5115.77590877035
0.3035,6402.442,5161.29422481701,5132.42848328002
0.304,6410,5179.53943127606,5149.79212269223
0.3045,6424.08466666667,5194.42595202772,5164.10369076122
0.305,6437.83,5210.59535702676,5181.702817346
0.3055,6450.38833333333,5225.97926065441,5196.20988280193
0.306,6465.74533333333,5244.22160472494,5213.36773179115
0.3065,6480.252,5260.09228272915,5234.03453141511
0.307,6504.04533333334,5275.56292130361,5253.08682260851
0.3075,6520.94833333333,5293.62059652198,5272.13330544637
0.308,6545.032,5309.08104781246,5289.07632903264
0.3085,6558.08366666667,5328.6292762366,5307.15625498491
0.309,6570.87533333334,5347.1479233099,5326.13005224149
0.3095,6603,5361.60346265727,5344.85595181105
0.31,6616.72,5381.34826021768,5363.41085429436
0.3105,6629.35433333333,5398.73289862824,5383.87545568394
0.311,6639.422,5418.75901442952,5400.51517231991
0.3115,6643.95866666667,5438.74939692434,5419.49858887576
0.312,6663.22933333333,5457.90156013649,5434.85073314241
0.3125,6672.375,5476.37052258897,5454.60613054314
0.313,6683.078,5491.2706665265,5473.10830411123
0.3135,6711.76033333333,5510.04488874075,5489.67425374295
0.314,6732.796,5529.35061385892,5509.42776375428
0.3145,6745.26966666667,5548.80258671502,5527.89782160342
0.315,6759.96333333333,5566.10225420611,5545.75838809816
0.3155,6768,5584.13682331255,5562.32051323748
0.316,6780,5601.78064958389,5581.37245055454
0.3165,6786.16633333333,5618.90986156971,5600.51054094258
0.317,6798.234,5636.97125233249,5617.17088792272
0.3175,6813,5656.88485291598,5633.44931741553
0.318,6824.216,5676.15896534059,5652.11247697792
0.3185,6836.748,5693.78766569938,5674.58786792655
0.319,6850.514,5711.78569636805,5692.66018393451
0.3195,6874.717,5731.69286152473,5710.97874676127
0.32,6896.6,5752.22821877827,5727.75580706739
0.3205,6920.07666666667,5769.20380905058,5745.73937448055
0.321,6932.326,5787.80660313478,5763.86606845786
0.3215,6947.058,5807.62306423732,5784.51798207294
0.322,6965,5829.84284824409,5804.8063716055
0.3225,6983.935,5850.89469657463,5822.91412919012
0.323,6993,5870.3929642289,5844.6904497957
0.3235,6999.13666666667,5893.96086391105,5864.98011214778
0.324,7028.36266666667,5913.50198381189,5882.99198657573
0.3245,7038.249,5937.41425928031,5904.58786592488
0.325,7062.95,5958.06187271006,5926.76048460204
0.3255,7083.76866666667,5975.33489249467,5946.38708792648
0.326,7092,5992.53410443106,5966.85362833516
0.3265,7107.59833333334,6012.47515257396,5987.70519193073
0.327,7130.11133333334,6033.20513321855,6007.99955221378
0.3275,7150.275,6054.51079619654,6030.17535891489
0.328,7169.504,6074.52383595418,6053.06162229808
0.3285,7181.53233333334,6097.92944884743,6072.0580441002
0.329,7194.432,6118.60502353128,6095.41886743258
0.3295,7214.85133333333,6137.71431924644,6117.61641354706
0.33,7239.85333333334,6158.52395980855,6138.88893110728
0.3305,7260,6179.89373354029,6162.56316505756
0.331,7277.12866666667,6204.22454264689,6183.91571675244
0.3315,7289.178,6224.52734896313,6207.02203594703
0.332,7314.28000000001,6243.78807671728,6231.15946023522
0.3325,7350.98000000001,6264.52286930644,6255.84712478352
0.333,7377.39933333333,6286.45852582496,6273.02682280762
0.3335,7386.868,6307.46253964487,6296.83057804982
0.334,7395.53466666667,6328.1101169398,6320.50969323254
0.3345,7407,6350.47666045631,6342.97134293515
0.335,7413.67,6376.07560469731,6363.12414029582
0.3355,7421.213,6399.84242416106,6384.17457587294
0.336,7440,6422.02464968178,6406.65090433073
0.3365,7457.238,6443.51770055722,6426.3836790916
0.337,7469.70333333334,6464.3256440196,6447.41646804081
0.3375,7497.03333333333,6484.78929503383,6469.6764062686
0.338,7506.076,6505.26863117236,6489.76702739967
0.3385,7513.862,6530.27801626891,6512.40745094297
0.339,7529.05666666667,6556.03782955815,6542.24301454601
0.3395,7546.674,6579.98046906445,6565.90918392936
0.34,7561.04,6600.91672825454,6586.45887018186
0.3405,7581.486,6626.40977112988,6611.9605527311
0.341,7589.446,6644.20135921307,6634.49778137944
0.3415,7611.09933333333,6666.08243006379,6657.5359145073
0.342,7627.852,6692.72785016775,6679.76458929881
0.3425,7655.425,6717.40931192277,6702.85818932417
0.343,7670.258,6741.90110132596,6724.57055443197
0.3435,7705.38300000001,6763.17346886847,6747.1148739675
0.344,7733.664,6783.95090795267,6774.00842148938
0.3445,7748.91133333333,6810.94146280649,6803.51760473968
0.345,7755.04666666667,6835.24368998134,6826.01334038216
0.3455,7772.364,6860.68122378978,6849.84907418282
0.346,7794.79333333334,6883.93491805735,6869.33455929646
0.3465,7811.52666666668,6909.37870860768,6891.74652320751
0.347,7842,6938.21533076251,6916.74147518449
0.3475,7881.61666666667,6964.74335144336,6940.13697391
0.348,7898,6988.02497899284,6964.44472670964
0.3485,7918.485,7008.20189907612,6989.01722015698
0.349,7943.56466666667,7029.50590330361,7010.17756664846
0.3495,7956.16166666667,7053.67827350015,7034.48555823054
0.35,7979.7,7078.44457268372,7059.51650189269
0.3505,8001.212,7098.79973552716,7084.27230755804
0.351,8012.34133333334,7122.5842735455,7104.27890695282
0.3515,8035.806,7143.23000496004,7130.77315457896
0.352,8049.88266666667,7168.36467612512,7153.41358453514
0.3525,8073.07666666667,7193.18186962907,7176.21301995106
0.353,8081.272,7213.57355637444,7200.712394732
0.3535,8100.17366666667,7236.07059067978,7225.2691260693
0.354,8109.724,7260.20405451273,7249.17015823038
0.3545,8127,7279.55981865632,7272.75085917285
0.355,8139.52,7302.7036661968,7300.47337284063
0.3555,8153.77733333333,7330.35861551215,7327.35022683427
0.356,8170.608,7351.56081708861,7349.0650363485
0.3565,8190.478,7377.45860477396,7374.00481607515
0.357,8204.17866666667,7403.11385489493,7397.09329387436
0.3575,8238.15,7428.60785871993,7418.90964239115
0.358,8264.348,7454.75825755719,7446.3815057225
0.3585,8269,7480.37369896947,7469.12797174445
0.359,8288.59,7506.83897582373,7499.46563713219
0.3595,8305.97133333333,7531.06545434532,7521.93832375113
0.36,8315.26666666667,7555.66902100174,7546.83826204085
0.3605,8347.363,7578.10457451719,7569.13088072104
0.361,8361.566,7603.45628297247,7591.11291255977
0.3615,8380.51266666667,7627.2892969048,7616.09115422653
0.362,8389.648,7651.48653690681,7643.66135543431
0.3625,8400.78333333333,7676.36682551435,7673.72397508264
0.363,8422.134,7696.7879716953,7698.29658523352
0.3635,8440.581,7721.20752304296,7721.16263627066
0.364,8490.568,7744.90478954208,7744.07150569898
0.3645,8502,7772.55749892476,7767.47470748363
0.365,8525.19,7802.27469545619,7793.41730216528
0.3655,8536.786,7827.40494526091,7818.45298338356
0.366,8545.73066666667,7853.28819882012,7838.63094263183
0.3665,8555.799,7879.415106478,7866.87167217344
0.367,8574.004,7904.18583001937,7890.7144863667
0.3675,8589.95666666667,7933.50405508643,7913.97276327622
0.368,8634.408,7959.52224543327,7939.2034334924
0.3685,8652,7986.72988630394,7963.50012059406
0.369,8665.17066666667,8015.9847073384,7984.6313308597
0.3695,8689.017,8046.02549693122,8012.75503961447
0.37,8707.16666666668,8072.81566171752,8038.2680287109
0.3705,8730,8092.88815960917,8060.57800674778
0.371,8752.626,8115.04294468833,8090.99982140878
0.3715,8761.26766666667,8139.32568328646,8119.24766893118
0.372,8779.74133333334,8167.13661775597,8144.48843682088
0.3725,8793,8192.17195519783,8169.78692202887
0.373,8817.31400000001,8213.28729837004,8197.00577139934
0.3735,8826,8239.26277638476,8222.65347313204
0.374,8835.948,8265.6384500914,8246.9465033193
0.3745,8861.23500000001,8287.1222158289,8274.14021299477
0.375,8891.16666666667,8311.12812898295,8298.98266827202
0.3755,8904.453,8343.76445223702,8325.91953747755
0.376,8922.93600000001,8369.89637722015,8351.38473895924
0.3765,8941.57266666667,8399.61669953321,8378.9982744978
0.377,8954.124,8426.8366012871,8406.05489491414
0.3775,8988.21666666667,8454.6381316273,8433.38393437766
0.378,9001.468,8484.66357956147,8460.73935624015
0.3785,9016.114,8510.29388317159,8488.68658687386
0.379,9027.874,8536.39059099368,8515.18578381691
0.3795,9070.154,8563.02582194958,8540.18336592351
0.38,9084,8587.1683743738,8564.48865901427
0.3805,9109.13833333334,8610.67650449546,8587.17685681197
0.381,9127.79066666667,8637.55492865306,8616.15784441408
0.3815,9162.66700000001,8663.8246215414,8641.18666058663
0.382,9177.092,8695.62780173522,8665.54598565902
0.3825,9188.39333333334,8719.07832542939,8690.37963798245
0.383,9201.83,8745.98275886668,8719.49427268592
0.3835,9219.23366666667,8767.66489607191,8746.04974293349
0.384,9259.808,8794.16357971161,8770.3187176841
0.3845,9274.16600000001,8819.70566093431,8793.82923721087
0.385,9298.87333333333,8842.34432073369,8819.30485721652
0.3855,9317.00866666667,8868.66114165073,8842.42276213966
0.386,9337.43600000001,8900.84471021421,8869.47196927191
0.3865,9365.757,8934.63651026625,8901.07879900833
0.387,9380.65866666667,8957.15094176253,8928.81849177635
0.3875,9410.775,8978.9133019204,8956.31730459472
0.388,9429.21333333334,9002.57554708228,8980.3024162018
0.3885,9440.731,9026.46332047701,9004.47277160001
0.389,9458.846,9054.1881671642,9034.73905030101
0.3895,9477.04566666667,9080.88842703171,9058.39816041567
0.39,9483.34,9110.8711279064,9084.51047987776
0.3905,9491.181,9139.11974424962,9110.88845554257
0.391,9512.24866666667,9166.03316285744,9138.68248867349
0.3915,9532.26533333333,9189.19507620188,9165.13523059768
0.392,9547.536,9217.48176363346,9191.73329774875
0.3925,9563.25833333334,9241.37445706609,9215.98172233569
0.393,9585.116,9272.31231514303,9247.50565061275
0.3935,9604.935,9299.86275921547,9275.02170386246
0.394,9619.30933333333,9326.14365365385,9304.41268847046
0.3945,9633.44466666667,9349.96342575318,9330.3300582727
0.395,9650.37,9374.36531655018,9357.25179973006
0.3955,9683.86133333334,9400.23795698047,9381.66176706672
0.396,9703.32800000001,9423.95659239568,9408.16798075063
0.3965,9720,9452.94016942345,9435.60854323162
0.397,9735.72800000001,9477.09227594765,9461.52888446783
0.3975,9764.66833333334,9502.1968944691,9488.57424785574
0.398,9793.784,9529.57645503379,9513.83552781162
0.3985,9799.26366666667,9549.09856581101,9537.47800936344
0.399,9827.33133333333,9572.71459556543,9562.48948557203
0.3995,9840,9598.49210803551,9585.31123302511
0.4,9876.33333333334,9624.35643608424,9609.91895793373
0.4005,9908.01500000001,9648.25435492304,9633.95067208574
0.401,9920.204,9681.09469101218,9660.63249424651
0.4015,9948.027,9705.50989776687,9687.88896059963
0.402,9964.94933333334,9730.50994262675,9715.01376601676
0.4025,9979.63500000001,9756.95268329115,9741.91955348641
0.403,10000.854,9779.46034361787,9764.57171311836
0.4035,10014,9806.34796944798,9788.52628223343
0.404,10028.008,9830.43079446602,9813.31586649828
0.4045,10047.3783333333,9856.9515096277,9838.14354365854
0.405,10061.86,9880.05319942319,9866.34243785724
0.4055,10085.11,9907.6285318436,9889.56476114614
0.406,10096.1146666667,9931.6038181861,9912.88248632531
0.4065,10106.078,9959.54347958593,9940.62338189622
0.407,10124.484,9987.58781769768,9967.21302378644
0.4075,10138.8533333333,10017.2761352504,9992.45949839062
0.408,10170.296,10048.2286599102,10021.8955998142
0.4085,10190.617,10072.9411902643,10047.5083356231
0.409,10193.3693333333,10104.3973064653,10078.6175068553
0.4095,10239.2756666667,10128.6343415075,10102.1819640491
0.41,10256.64,10149.1380863392,10125.4310079816
0.4105,10282.989,10175.5079918093,10153.2310647752
0.411,10298.9106666667,10199.8375007228,10175.7993532103
0.4115,10311.644,10226.9586743331,10200.459526783
0.412,10351.1813333333,10248.4923329459,10225.9385043684
0.4125,10366.6333333333,10277.80879112,10251.8059445497
0.413,10378.842,10302.870361736,10276.3996867187
0.4135,10396.5873333333,10328.8244537299,10300.30498321
0.414,10406.5293333333,10355.8408014093,10327.3340411695
0.4145,10423.858,10377.5719540021,10353.1152394045
0.415,10429.4833333333,10402.8281085369,10380.8378615844
0.4155,10447.8216666667,10427.9494005676,10405.8003832027
0.416,10472.264,10456.1701416108,10427.535966221
0.4165,10511.4983333333,10482.1257485176,10448.9643597617
0.417,10527.208,10511.4480020126,10474.4675989068
0.4175,10545.835,10537.3063689365,10498.6286271965
0.418,10569.9026666667,10560.2899877594,10522.3268473654
0.4185,10591.8516666667,10582.3039713085,10544.0645298451
0.419,10623.152,10607.3783365932,10572.1214482107
0.4195,10649.317,10639.2620970734,10597.7441854986
0.42,10676.3466666667,10664.8178893523,10624.9857429923
0.4205,10696.446,10691.8526692631,10653.2004473372
0.421,10714.0866666667,10715.536582512,10671.885161559
0.4215,10728,10741.3575869791,10699.5442206372
0.422,10733.664,10763.7659379582,10726.6541466086
0.4225,10758.07,10788.4644278158,10749.8050907761
0.423,10781.0553333333,10817.3344282978,10773.0120642506
0.4235,10825.764,10846.9054828319,10798.0300354242
0.424,10844.144,10869.6557443968,10827.3169466667
0.4245,10851,10893.8729316618,10856.1070512941
0.425,10871.25,10920.9067787461,10880.5584938843
0.4255,10877.8353333333,10945.4105165049,10908.0004493192
0.426,10886.9706666667,10971.8524878118,10936.0680258716
0.4265,10932.106,10994.455104731,10964.422870631
0.427,10942.1206666667,11020.6897525483,10992.4915772053
0.4275,10956.2016666667,11047.3250748246,11016.7324910459
0.428,11003.768,11070.6414146619,11042.858127236
0.4285,11009.3236666667,11096.2707676058,11070.8963372838
0.429,11014.348,11118.9748087251,11095.683196972
0.4295,11042.508,11143.9520832696,11123.8641525986
0.43,11072.1066666667,11169.4163119446,11151.8798268396
0.4305,11086.3773333333,11195.1720551983,11175.0603294719
0.431,11100.662,11219.7129338844,11199.8907909782
0.4315,11119.9186666667,11243.8790182709,11228.0371599464
0.432,11145.1893333333,11267.8246709108,11250.6112648267
0.4325,11168.325,11291.265519885,11277.9974318144
0.433,11180.596,11313.0913608373,11301.6353184844
0.4335,11198.0033333333,11337.3310731156,11329.4667603271
0.434,11228.136,11362.2275937676,11354.1858014126
0.4345,11240.2713333333,11389.360259184,11375.2295263561
0.435,11249.2033333333,11415.4545252381,11399.8478349341
0.4355,11276,11439.7578974646,11427.1371029984
0.436,11293.6933333333,11465.9430372158,11454.9811190808
0.4365,11321.8126666667,11492.0361397946,11478.6342746224
0.437,11357.532,11517.2388840957,11502.0352059384
0.4375,11372.5416666667,11542.7980598613,11524.0684283264
0.438,11382,11567.9319463869,11549.6630090458
0.4385,11391.677,11594.3599543083,11573.9369502455
0.439,11408.9786666667,11617.4437482842,11594.927207834
0.4395,11440.311,11642.7089269615,11618.4481821127
0.44,11446.76,11668.5938210611,11643.5340708853
0.4405,11467.529,11697.979964042,11667.5554877156
0.441,11476.0153333333,11718.9325350582,11692.8613902268
0.4415,11490.498,11742.5404410184,11714.3938336852
0.442,11507.6026666667,11768.1894732587,11739.3598689646
0.4425,11520.2183333333,11789.6010463924,11765.0932976738
0.443,11538.286,11816.504596014,11793.518734921
0.4435,11558.549,11842.2957513568,11817.918284478
0.444,11585.792,11866.330816058,11845.4515554777
0.4445,11609.956,11889.3290791488,11874.48791409
0.445,11620.67,11917.500820858,11899.131229816
0.4455,11635.6243333333,11944.0546571088,11926.6841784925
0.446,11645.076,11967.4928504269,11952.4206910127
0.4465,11655,11990.5179870649,11979.5402670531
0.447,11680.6546666667,12010.581064113,12003.6210894741
0.4475,11701.74,12037.9208467369,12027.8257056073
0.448,11740.552,12056.4020259833,12055.0018171531
0.4485,11755.364,12082.4334311076,12080.6924703897
0.449,11793,12108.7091073493,12101.579301039
0.4495,11800.1476666667,12132.8268001607,12127.0724017379
0.45,11832.7,12160.4331538733,12152.5801747273
0.4505,11863.301,12185.3206887588,12177.9632440299
0.451,11880.4746666667,12203.007901159,12203.6685269994
0.4515,11903.7996666667,12224.3965000851,12229.0685110383
0.452,11914.512,12247.188921033,12249.3256837803
0.4525,11956.7166666667,12268.9221967207,12275.0149146209
0.453,11975.754,12293.8738258833,12300.2948341425
0.4535,11995.242,12319.2778486265,12324.2346863632
0.454,12006.324,12346.2648652454,12347.6888532825
0.4545,12021,12371.025467119,12369.0400212472
0.455,12038.28,12394.0654179482,12389.9536694159
0.4555,12056.8436666667,12416.0784592494,12413.206718146
0.456,12076.3626666667,12437.1554714619,12437.3562402964
0.4565,12093.791,12464.7852098191,12462.296890348
0.457,12125.542,12487.107953258,12486.3429428774
0.4575,12154.2416666667,12511.5654352837,12508.2719184357
0.458,12171.948,12537.3758922911,12531.322321964
0.4585,12192.0693333333,12559.6715912154,12554.1950870673
0.459,12214.354,12584.9386047306,12580.4704059035
0.4595,12258.114,12607.7290416623,12607.7455839941
0.46,12297,12632.2955764502,12628.86416073
0.4605,12304.6543333333,12659.3182348851,12653.6823996842
0.461,12309,12687.3105199045,12677.9312442218
0.4615,12326.369,12713.0049737532,12697.9754013883
0.462,12351.4293333333,12735.6381770019,12721.2484825925
0.4625,12374.85,12757.1289540055,12745.2860303208
0.463,12398.978,12778.6552831462,12769.4913012043
0.4635,12411.0603333333,12802.5380738337,12793.7675368935
0.464,12435,12824.6348025143,12818.968140991
0.4645,12450.3913333333,12847.682238143,12841.0986806827
0.465,12459.2633333333,12871.104418608,12862.9756188379
0.4655,12472.986,12892.8434943011,12886.0950472666
0.466,12482.5946666667,12917.2019050592,12909.6060869252
0.4665,12503.4663333333,12940.985771624,12935.4401565679
0.467,12514.272,12964.8280236781,12955.2457920073
0.4675,12525.2033333333,12989.2351070889,12976.6911083729
0.468,12537,13011.4642272309,13003.2943542348
0.4685,12556.737,13039.0674557898,13028.1397823365
0.469,12567.0233333333,13063.2313029944,13051.8160092073
0.4695,12585.4893333333,13085.1716867586,13076.4797194979
0.47,12596.94,13107.656152954,13101.7761801769
0.4705,12614.0076666667,13129.0699485739,13123.5906377888
0.471,12627.452,13154.5090730127,13145.7211224538
0.4715,12642.573,13180.2951375417,13168.1881389593
0.472,12664.6853333333,13205.4220446697,13191.487708218
0.4725,12690.5566666667,13232.8983424325,13213.5224974268
0.473,12712.038,13258.2875879852,13236.447592895
0.4735,12728.4136666667,13279.7401193082,13259.5253606718
0.474,12751.9626666667,13305.4436334981,13279.7142702663
0.4745,12775.196,13328.8290064628,13305.8911795068
0.475,12801.7,13350.017098165,13325.2668347871
0.4755,12839.3686666667,13371.5293535206,13350.5314502473
0.476,12849.752,13393.0606468754,13372.6088123128
0.4765,12873.295,13418.2443223506,13399.8083037575
0.477,12918.0986666667,13439.8049196849,13426.036840882
0.4775,12943.91,13461.4959759069,13448.9688869091
0.478,12955.1813333333,13486.6807892431,13475.5194335137
0.4785,12991.9936666667,13507.8653634762,13496.4227222424
0.479,13013.264,13532.9322084856,13522.4089307415
0.4795,13026.677,13556.9379755072,13544.1723934506
0.48,13046.8133333333,13579.6802301081,13569.1814842896
0.4805,13069.444,13601.0475853216,13589.3899087371
0.481,13089.8573333333,13626.2519571201,13614.9709498696
0.4815,13104.4963333333,13651.2248450191,13637.3179028949
0.482,13129.128,13674.8489405767,13660.5806546822
0.4825,13152.475,13699.1535137103,13684.7540725294
0.483,13189.784,13722.7754229033,13705.9317150939
0.4835,13205.534,13747.634308976,13732.4692102031
0.484,13216.6693333333,13771.8569980983,13758.2300560848
0.4845,13250.0233333333,13793.7973799314,13782.4639746597
0.485,13279.58,13816.5936945947,13809.9259364183
0.4855,13305,13841.5298772054,13831.2416297983
0.486,13323.948,13861.289504629,13852.7617314862
0.4865,13335.346,13884.7085980986,13875.2239695417
0.487,13366.2406666667,13906.5031846596,13902.6444094807
0.4875,13376.1583333333,13930.5979442718,13927.4129547613
0.488,13383.752,13955.7358620594,13950.8068176171
0.4885,13396.8873333333,13977.9781601888,13969.9793354896
0.489,13420.534,14000.8376681477,13990.1625485526
0.4895,13482.737,14026.2557473688,14013.2825046347
0.49,13510.5266666667,14053.7124446062,14035.7426455689
0.4905,13535.4286666667,14078.6457619255,14059.0624289838
0.491,13562,14100.0779311384,14082.9089321494
0.4915,13584.3986666667,14124.8266529075,14106.9242891058
0.492,13637.504,14145.6527066156,14128.9919286097
0.4925,13647,14168.0637014638,14155.6479922286
0.493,13674,14190.7913797378,14179.0692027988
0.4935,13680,14213.9740995712,14202.870971261
0.494,13693.94,14237.1887969217,14222.2985767669
0.4945,13724.5113333333,14260.0391629957,14247.828096454
0.495,13741.3233333333,14285.4508795264,14267.4574593067
0.4955,13749.391,14310.3326100974,14290.1994781541
0.496,13755,14331.1515555609,14313.4564876506
0.4965,13780.5263333333,14357.5029333153,14340.0311610584
0.497,13805.188,14379.8701027962,14363.6075783039
0.4975,13815.6616666667,14401.3348560691,14386.3122401497
0.498,13823.9173333333,14423.0113895183,14408.3766960585
0.4985,13851.391,14445.1957322973,14431.4537995737
0.499,13866,14471.5250626142,14455.1459838433
0.4995,13873.797,14495.052452899,14480.5271481816
0.5,13892,14521.7896638765,14502.0121584456
0.5005,13910.2706666667,14548.6586079573,14522.3419440244
0.501,13933.1353333333,14570.2139788226,14551.8006328541
0.5015,13957.812,14592.6428154327,14577.5746861354
0.502,13974.5413333333,14615.5229175243,14600.3695459936
0.5025,13998.6766666667,14643.6120944099,14621.5377182309
0.503,14005.406,14664.2970019691,14643.101518276
0.5035,14018.4736666667,14689.5608462832,14666.616689084
0.504,14038.5413333333,14714.8922911769,14688.5411727139
0.5045,14048.045,14738.0204236762,14707.752600027
0.505,14075.4133333333,14758.2565438057,14729.1861099221
0.5055,14109.233,14782.8116854887,14751.6417156081
0.506,14131.624,14805.0942057408,14775.4578007632
0.5065,14147.639,14829.538870598,14798.3406437691
0.507,14179.6313333333,14851.7680620805,14821.4423142488
0.5075,14219,14877.4070555303,14840.9238137516
0.508,14241.496,14896.7046639895,14861.0152473355
0.5085,14265.3006666667,14919.595671696,14881.483889206
0.509,14284.744,14943.8548903207,14902.9337932284
0.5095,14305.714,14966.6598193605,14932.0529702094
0.51,14366.9466666667,14995.2740797251,14951.1959812693
0.5105,14386.842,15018.7571194626,14972.4582336445
0.511,14431.466,15040.2272860181,14997.4191613376
0.5115,14456.7816666667,15062.5667759747,15021.879276781
0.512,14474.624,15086.7758485382,15044.9639258782
0.5125,14497.7666666667,15109.4386779316,15064.615664847
0.513,14517.8713333333,15135.979651553,15086.7097759984
0.5135,14534.789,15159.3265018474,15113.4413318751
0.514,14547.8946666667,15181.882623125,15133.9496139291
0.5145,14578.7363333333,15207.0067495276,15155.8239794151
0.515,14592.18,15228.8101742897,15179.6046142453
0.5155,14617.7813333333,15250.5554402647,15206.0282446079
0.516,14642.976,15270.373174558,15229.6102428086
0.5165,14680.466,15293.4470999527,15252.1777082165
0.517,14713.1046666667,15314.5966136342,15277.6268407644
0.5175,14732.525,15334.7772259624,15302.0558796645
0.518,14749.308,15359.5650780309,15323.8567070173
0.5185,14781.5623333333,15380.8373612338,15346.1792667035
0.519,14834.57,15406.3034925324,15370.6471873518
0.5195,14855.917,15430.21275469,15395.8914671936
0.52,14864.8266666667,15453.2895436905,15419.0896032027
0.5205,14895.0973333333,15476.0908890731,15446.0027142822
0.521,14931.788,15500.7607360761,15466.8190721575
0.5215,14951.3676666667,15525.5696848981,15488.8583464817
0.522,14981.5693333333,15549.0638658939,15511.4624202377
0.5225,14990.045,15570.0614711258,15534.9063046904
0.523,15003.338,15597.4489014788,15559.4669898359
0.5235,15021.705,15621.819541945,15583.143590369
0.524,15038.248,15647.513105724,15607.740184806
0.5245,15064.2096666667,15671.4321024167,15633.042883333
0.525,15073.7666666667,15694.3719705033,15659.14977493
0.5255,15097.961,15718.7516395679,15684.6923013401
0.526,15115.5186666667,15743.5566262447,15706.0615526364
0.5265,15126.3453333333,15763.2499897702,15728.8227922517
0.527,15139.962,15785.8163837703,15750.3694835384
0.5275,15166.165,15803.1995967151,15770.4679092809
0.528,15176.7893333333,15825.3608889062,15793.4045738333
0.5285,15201.427,15846.9241025521,15818.9481168025
0.529,15222.6233333333,15867.7000616781,15840.3769424726
0.5295,15247.9156666667,15890.8431002294,15864.3839769853
0.53,15288.06,15915.3143588692,15890.4288862345
0.5305,15303.2553333333,15941.4881313515,15911.8149752559
0.531,15328.5626666667,15964.1636448234,15937.7866616688
0.5315,15349.315,15986.802072566,15957.7715721294
0.532,15362.6613333333,16008.9255011391,15981.0201630243
0.5325,15375,16030.97568754,16003.0219866598
0.533,15389.592,16057.4757147441,16027.9677203983
0.5335,15409.5336666667,16084.7102686445,16053.4033636402
0.534,15434.6013333333,16108.1110542,16075.3716470235
0.5345,15469.007,16130.9393796167,16100.3586725265
0.535,15480.7366666667,16153.9265411159,16122.0509689491
0.5355,15522.2823333333,16176.8655834592,16146.9650310883
0.536,15548.104,16198.0565215034,16170.081466404
0.5365,15568.8793333333,16221.1321470276,16195.85847909
0.537,15623.0073333333,16245.4385441408,16214.9508946291
0.5375,15635.125,16270.8043551309,16239.4776446245
0.538,15656.4266666667,16290.5506754928,16263.4509951848
0.5385,15684.631,16312.06846934,16284.5752271382
0.539,15708.834,16336.5031919169,16309.5810186549
0.5395,15731.222,16361.9659212353,16337.4706776818
0.54,15759.8266666667,16387.5269127726,16362.3035867971
0.5405,15778.215,16413.0510078624,16384.5651047737
0.541,15794,16433.2233268773,16406.6699172228
0.5415,15808.7796666667,16453.9800308533,16427.397511577
0.542,15827.052,16478.0173202795,16453.5718974602
0.5425,15845.51,16502.6286477087,16476.2497524335
0.543,15883.8193333333,16528.5229257528,16498.3449518051
0.5435,15916.774,16552.9579434718,16519.3636314615
0.544,15929.9546666667,16578.8738289597,16542.0534034189
0.5445,15939.134,16599.6529855784,16564.108126659
0.545,15966.9,16621.6199712088,16584.161175611
0.5455,16003.892,16643.7557875381,16612.290153858
0.546,16028.2253333333,16667.4154854702,16634.8243156602
0.5465,16057.051,16689.3662467519,16662.6323273928
0.547,16078.3606666667,16712.4083699246,16687.4835733519
0.5475,16112.5683333333,16736.645995776,16708.2544443277
0.548,16131.984,16758.3990418046,16733.3393237032
0.5485,16154.9456666667,16785.0514828865,16753.0539126484
0.549,16197.788,16807.4560912973,16780.4498839488
0.5495,16226.796,16830.1431981877,16804.3589365386
0.55,16255.5333333333,16859.7253605917,16830.9004486966
0.5505,16273.503,16885.7515371425,16854.3110593387
0.551,16285.51,16908.3675066065,16879.2664143681
0.5515,16295.8483333333,16931.3851190454,16903.7306425654
0.552,16319.0373333333,16952.0003348524,16930.4319137224
0.5525,16324.21,16977.3040483354,16951.1769445672
0.553,16337.3813333333,17001.8516941869,16977.3202402672
0.5535,16375.2016666667,17025.248521489,16997.4896760471
0.554,16397.772,17048.1128040708,17020.1389198339
0.5545,16426.889,17072.2522242563,17043.8705230044
0.555,16455.7733333333,17096.5806294689,17073.0745763223
0.5555,16467.577,17123.6434079931,17096.6683745296
0.556,16500.888,17148.6441759579,17120.8764187463
0.5565,16559.5853333333,17172.2063547294,17145.2903193917
0.557,16569,17201.1096411891,17170.4413032495
0.5575,16615.035,17225.642896989,17195.1005672766
0.558,16639.644,17251.2075989017,17218.9724703649
0.5585,16650.917,17276.209344801,17239.4597688347
0.559,16674,17295.1243345249,17260.961644699
0.5595,16692,17322.910037159,17281.4758649834
0.56,16714.08,17349.6433521557,17302.2958449903
0.5605,16745.252,17373.6760387017,17321.1807427084
0.561,16770.5106666667,17396.3553928237,17343.9768830876
0.5615,16783.553,17418.1604489105,17367.0639048485
0.562,16803,17440.4904459066,17390.6323791175
0.5625,16838,17461.9134734428,17412.0240096812
0.563,16873.734,17483.2485658619,17438.3732994496
0.5635,16891.1873333333,17509.7767138223,17460.0131398774
0.564,16898.3226666667,17532.1220930495,17484.6175100643
0.5645,16916.729,17556.5628981929,17505.8038441162
0.565,16929.5766666667,17583.0790589106,17527.9030016066
0.5655,16943.593,17606.6907092683,17550.4827885346
0.566,16970.592,17628.0930022077,17572.4108967791
0.5665,17002.9973333333,17649.0614416569,17595.3206339728
0.567,17038,17671.4986434267,17618.274670403
0.5675,17046.135,17692.3872129606,17641.3319811735
0.568,17065.8506666667,17718.6650788352,17666.5125823008
0.5685,17085.5406666667,17741.1277825451,17692.2695068311
0.569,17107.338,17761.3746124841,17716.019173
0.5695,17128.217,17786.83027847,17741.440649858
0.57,17155.42,17810.5168421929,17764.9457239283
0.5705,17163.705,17835.0546922956,17786.3256384115
0.571,17182.826,17855.8923638341,17808.4771607058
0.5715,17194,17884.0481479408,17831.5986046812
0.572,17220.744,17907.1461122011,17858.171010351
0.5725,17244.1166666667,17930.4013269928,17879.8202813112
0.573,17260.552,17953.5552759017,17903.4840540222
0.5735,17279.523,17981.1793210741,17927.9249563819
0.574,17301.044,18001.3902139045,17954.4004289183
0.5745,17317.235,18023.7718246957,17979.878338966
0.575,17341.4,18043.6068504667,18002.9903329821
0.5755,17366.1766666667,18067.4602122734,18029.5612965547
0.576,17412.2853333333,18092.0906641076,18055.9841570153
0.5765,17452.236,18115.4466959236,18077.3826228003
0.577,17470.4206666667,18139.0662531541,18097.6380533551
0.5775,17500.9766666667,18161.3410383857,18118.5411899331
0.578,17525.556,18185.0978550645,18141.5185626453
0.5785,17537.6236666667,18208.1231118602,18166.671817579
0.579,17555,18232.3785703274,18186.8847096067
0.5795,17576.277,18257.9935135372,18211.8155879701
0.58,17602.1333333333,18284.492033552,18234.0535166465
0.5805,17646,18309.0992683354,18258.1491052508
0.581,17672.848,18331.3188067813,18280.2859096502
0.5815,17697.178,18356.5743367824,18306.9399251426
0.582,17718.0973333333,18381.1813657859,18327.4669922279
0.5825,17731.485,18403.3984831382,18351.3890905311
0.583,17769.7473333333,18428.8911688933,18377.0070153055
0.5835,17818.2013333333,18449.9395688813,18400.8625196564
0.584,17834.84,18469.3643440186,18422.5230653954
0.5845,17851.921,18494.4996953402,18444.5822685001
0.585,17873.5166666667,18513.8669721992,18469.3949763336
0.5855,17897.142,18540.9432585599,18491.1478889068
0.586,17915,18563.0620740424,18512.0037028457
0.5865,17958.7063333333,18587.4050548147,18536.3582637069
0.587,17971.644,18608.3934271507,18563.0313365948
0.5875,17981.6833333333,18634.0455786056,18583.5601333302
0.588,18011.728,18665.9972035493,18611.1349789771
0.5885,18037.977,18692.5027426538,18636.5609582484
0.589,18078.268,18713.4562654976,18662.3162280199
0.5895,18096.5616666667,18735.689270167,18683.1717588318
0.59,18116.72,18760.9363443457,18707.492531945
0.5905,18126.743,18783.324741464,18730.919369879
0.591,18149.2073333333,18811.7706601238,18755.2387267869
0.5915,18193.149,18839.1109662641,18777.053336186
0.592,18206.408,18863.1431396706,18802.2103095053
0.5925,18232.555,18886.5196990312,18823.4499692137
0.593,18260.172,18915.6198449326,18849.5420549202
0.5935,18273.2683333333,18940.969070259,18873.0692722535
0.594,18291.6066666667,18967.2402503819,18901.0484996669
0.5945,18304.578,18989.3305204992,18925.2847732104
0.595,18324.14,19009.6863191686,18946.6340936806
0.5955,18359.773,19031.1146158431,18970.3108197681
0.596,18382.944,19049.659069253,18995.6816803886
0.5965,18393,19073.366396667,19023.7937658614
0.597,18416.0186666667,19096.0862425412,19047.7051041324
0.5975,18461.34,19122.7321716207,19072.3852934595
0.598,18489.788,19147.3257699758,19096.9626163417
0.5985,18519.991,19169.483107565,19122.3837517069
0.599,18541.766,19193.1574477207,19149.7969601139
0.5995,18583.794,19218.7502805524,19180.007573977
0.6,18603.6,19240.594011647,19204.8085459621
0.6005,18622.611,19264.4754532786,19230.721893318
0.601,18648,19289.0792094324,19252.029237025
0.6015,18692.1543333333,19312.8158499077,19275.513995379
0.602,18701.608,19333.838034546,19298.3235281614
0.6025,18757.7433333333,19358.1201725177,19325.30783942
0.603,18785.3933333333,19384.2233035505,19349.1389585675
0.6035,18806.035,19409.8006773128,19375.5039812684
0.604,18828,19436.8019346039,19402.3550388154
0.6045,18844.5693333333,19459.7676769564,19426.1718474849
0.605,18852.63,19483.936001793,19455.1289934821
0.6055,18892.7203333333,19503.7999859203,19481.4348552197
0.606,18933.7626666667,19526.6477574921,19504.1965851445
0.6065,18951.239,19551.8543943887,19525.8355222261
0.607,18965.1326666667,19577.4954985704,19550.2692042196
0.6075,19000.6766666667,19596.6294562581,19576.9318385611
0.608,19019.624,19619.0390668533,19599.655434217
0.6085,19045.6836666667,19643.5032317861,19622.9311875709
0.609,19094.7513333333,19665.5783324997,19650.2512419675
0.6095,19108.914,19690.1150102174,19675.7266720157
0.61,19128,19713.7883710966,19700.2061003051
0.6105,19194.9086666667,19736.8504908195,19721.8826032792
0.611,19257,19762.1451501501,19744.7545040237
0.6115,19262.0896666667,19784.0609424839,19774.0926616094
0.612,19289.3146666667,19805.2432794314,19802.6092126942
0.6125,19327,19831.7806423041,19828.4370167337
0.613,19345.5853333333,19853.8847567011,19854.7563752312
0.6135,19360.8826666667,19881.0640518576,19879.9325298145
0.614,19398.996,19906.3193060271,19905.4460753954
0.6145,19414.9913333333,19929.2539405249,19932.8205327559
0.615,19457.45,19952.3979460429,19959.1314121852
0.6155,19500,19973.7011843497,19982.7446656449
0.616,19505.6986666667,19999.6094939373,20001.8444210398
0.6165,19541.7663333333,20028.0411866251,20025.3345509601
0.617,19554.668,20054.8890274048,20049.4478459773
0.6175,19590.4266666667,20079.7930449198,20072.0277246092
0.618,19619.908,20106.3749504061,20098.620241549
0.6185,19659.111,20130.0604140368,20123.0476710236
0.619,19683.256,20153.9577718149,20146.2258953737
0.6195,19708.2063333333,20186.2787315976,20167.8855956581
0.62,19735.48,20212.2730281654,20195.2008063322
0.6205,19750.153,20238.6399063853,20217.0978272746
0.621,19801.7533333333,20261.505903593,20239.9340302187
0.6215,19839,20285.6647264122,20265.3700033937
0.622,19858.0213333333,20308.5667312617,20292.1029120413
0.6225,19888.735,20333.9211251399,20315.2703309096
0.623,19931.814,20362.0323156953,20335.3057723522
0.6235,19958.4273333333,20387.0948936435,20361.4689345702
0.624,20015.5626666667,20409.9069447712,20387.3060164857
0.6245,20034.547,20437.4322131615,20411.1615586914
0.625,20058,20457.3823725024,20432.7596327886
0.6255,20078.953,20483.8541899873,20461.0716671615
0.626,20100.156,20510.4627803079,20486.0934969186
0.6265,20120.5983333333,20533.797038057,20509.1773240528
0.627,20181,20556.3398298927,20532.9167659226
0.6275,20193.765,20579.7141326387,20557.6957773153
0.628,20256.968,20607.2697619242,20581.1159695195
0.6285,20299.171,20633.2911999258,20608.0196394425
0.629,20326.664,20661.046771539,20632.702533144
0.6295,20358.5256666667,20686.3743244025,20658.2734949559
0.63,20373.5933333333,20710.3894365791,20687.5624553112
0.6305,20384.322,20733.6767456634,20713.3684985557
0.631,20400.7286666667,20761.733938259,20741.6223477234
0.6315,20427.1486666667,20787.0839530527,20769.0957800942
0.632,20483.504,20811.9037371329,20792.9306963753
0.6325,20511.8633333333,20832.9286635624,20815.7598459957
0.633,20533.9926666667,20858.591152132,20842.0484119868
0.6335,20553,20880.5874365905,20870.0306488621
0.634,20565.5386666667,20906.6892116924,20892.8670958305
0.6345,20596.214,20932.7553097289,20918.5492744272
0.635,20609.81,20954.7499206333,20943.8914201241
0.6355,20636.3376666667,20982.9730368335,20967.1233695756
0.636,20656.6213333333,21009.1009085246,20994.2735142593
0.6365,20672.514,21033.9154393968,21023.996538865
0.637,20692.622,21063.4036262492,21050.3708404867
0.6375,20726.6916666667,21087.8032154571,21074.0478043458
0.638,20762.352,21113.0238296504,21094.1715609337
0.6385,20772.4873333333,21140.1414736436,21121.1047786974
0.639,20787,21167.4986371372,21146.0748590062
0.6395,20845.637,21193.5897416565,21169.0798296164
0.64,20856,21222.8331140266,21192.7753692176
0.6405,20875.0286666667,21245.7332505584,21217.0934514848
0.641,20891.738,21267.5989545024,21239.832397536
0.6415,20918.1973333333,21292.8390217322,21268.3038295782
0.642,20949,21315.1916836518,21296.2253324536
0.6425,20979.84,21339.347142696,21324.8166155979
0.643,21022.7633333333,21365.5537265454,21350.7788391939
0.6435,21046.6813333333,21391.115627576,21377.4020879823
0.644,21071.736,21412.1411063363,21399.0989702079
0.6445,21109.334,21439.0232719298,21422.9243788377
0.645,21126.74,21465.2627580324,21446.9725954126
0.6455,21153,21490.9004708477,21471.9116828428
0.646,21190.656,21516.5713162868,21499.0203031651
0.6465,21208.958,21543.6680619738,21525.8779579468
0.647,21230.682,21567.5754018294,21550.714253777
0.6475,21249.6166666667,21591.1039518537,21570.0518041029
0.648,21277.0586666667,21616.1855648519,21592.0024150134
0.6485,21297.291,21642.999275413,21612.8983173864
0.649,21308.3293333333,21668.2789552645,21642.3474777548
0.6495,21319.6263333333,21697.3261900977,21665.224951528
0.65,21376.8,21722.352904572,21693.1090681095
0.6505,21411.7353333333,21749.1726783657,21715.6790829056
0.651,21425.0473333333,21777.0111098252,21739.4558578059
0.6515,21467.593,21800.7465531019,21770.6863588735
0.652,21498.5706666667,21826.5421449046,21796.0891592561
0.6525,21517.9366666667,21856.2785133518,21820.2383945136
0.653,21530.118,21877.2152815344,21844.8213329662
0.6535,21559.1893333333,21901.131855137,21872.660020217
0.654,21569.8413333333,21927.3537206382,21900.132846847
0.6545,21615.363,21952.9380910497,21924.9913036966
0.655,21629,21975.1057667039,21951.621595804
0.6555,21654.931,22003.7734172582,21978.0533848429
0.656,21705.112,22032.0296751232,22008.364542968
0.6565,21723.539,22059.0759905195,22035.5385403483
0.657,21745.484,22084.7471460709,22060.3940976018
0.6575,21762.945,22108.8018049009,22084.3635736343
0.658,21777.7653333333,22134.548859862,22109.0084029411
0.6585,21795.2516666667,22157.4095967883,22132.0610772996
0.659,21816.108,22181.8390407676,22157.4275151155
0.6595,21843.1713333333,22207.4123390899,22179.1649071825
0.66,21879.6533333333,22232.5153754143,22209.5038656536
0.6605,21895.21,22260.0634699248,22233.4974831517
0.661,21913.7886666667,22285.9423582197,22258.5414329748
0.6615,21931.8563333333,22311.2066029192,22283.9589916322
0.662,21967.86,22335.9205862364,22313.705192529
0.6625,21983.95,22364.0350348649,22340.6639446108
0.663,22027.246,22390.1997887631,22370.0243596289
0.6635,22063.397,22416.0525201028,22397.468439813
0.664,22081.168,22448.9812703608,22423.4755266869
0.6645,22095.3116666667,22474.6426464735,22451.4988263569
0.665,22112.99,22499.9933142229,22480.8881417475
0.6655,22174.9883333333,22528.509677441,22505.2647385161
0.666,22202.792,22555.8967177495,22532.9848823121
0.6665,22238.533,22582.5966687054,22561.6742194364
0.667,22267.218,22611.0062305513,22585.97649802
0.6675,22293.6783333333,22638.7166158026,22616.175728103
0.668,22328.832,22668.5211861936,22647.4400001996
0.6685,22361.8036666667,22692.4978648613,22675.8635938751
0.669,22375.8713333333,22719.1475667463,22704.7259613788
0.6695,22410.695,22746.9089447461,22730.0382911902
0.67,22424.0066666667,22770.3008483474,22754.8151216254
0.6705,22449.1486666667,22801.3425824991,22785.6822939798
0.671,22455,22829.4539021538,22810.156333999
0.6715,22476.4193333333,22855.6177361967,22841.5172086992
0.672,22492.496,22886.0671833421,22868.5964974032
0.6725,22513.69,22915.3379626254,22895.4592389515
0.673,22526.476,22939.6095113601,22924.6212829015
0.6735,22561.441,22963.2452125622,22950.2493693042
0.674,22578.548,22989.1314718795,22976.7397022547
0.6745,22625.082,23020.4102921877,23001.5578398393
0.675,22666.1,23046.3214671434,23027.7341474972
0.6755,22696.257,23073.3371866763,23053.0680212944
0.676,22724.6373333333,23101.5063707524,23081.9532685188
0.6765,22742.8863333333,23128.4753546418,23108.8815860598
0.677,22776.264,23155.202941441,23137.1431083702
0.6775,22820.0216666667,23184.0667594587,23161.4279383716
0.678,22848.268,23213.5608334212,23186.1993016918
0.6785,22875.884,23242.416856897,23213.9128563742
0.679,22901.7973333333,23268.4489080446,23238.9076220759
0.6795,22919.2923333333,23295.7455365076,23267.1338713419
0.68,22932.04,23324.9738719653,23298.119899069
0.6805,22957.283,23352.4898873513,23328.2061058495
0.681,22974,23382.3246203769,23355.9891544913
0.6815,23007.815,23415.2324331759,23380.5435284089
0.682,23027.6306666667,23438.554932357,23408.6186815989
0.6825,23064.6983333333,23466.4689985237,23437.3400474006
0.683,23078.298,23491.242918955,23471.2408118921
0.6835,23096.8356666667,23515.9160292921,23502.5957908142
0.684,23127,23547.5537676474,23532.2789457259
0.6845,23186.969,23572.9476435233,23558.923838523
0.685,23212.5033333333,23601.4439958906,23587.1720171367
0.6855,23290.1476666667,23627.6665345086,23618.6078702345
0.686,23314.548,23655.5224621106,23646.6658055967
0.6865,23337.1983333333,23686.4586734383,23676.0301820138
0.687,23385.61,23713.1227521056,23702.5051100459
0.6875,23424.75,23743.0677821342,23725.1869269678
0.688,23444.0826666667,23773.5850420406,23750.8537855166
0.6885,23473.593,23796.6928186653,23782.6455688166
0.689,23493,23824.223826477,23813.5030977504
0.6895,23518.937,23853.5988317083,23837.0568389138
0.69,23543.14,23878.8330718034,23871.2649471629
0.6905,23554.343,23905.2855971955,23898.3329509394
0.691,23564.3946666667,23932.3161157527,23930.4588440493
0.6915,23593.6613333333,23959.9575654168,23955.0345988587
0.692,23669.616,23982.7598500924,23985.881987375
0.6925,23684.1033333333,24009.518432125,24017.6927749648
0.693,23710.9546666667,24034.0044523686,24050.3345179327
0.6935,23730.561,24061.1360216857,24080.0403420802
0.694,23758.0186666667,24092.5478885442,24111.7053130632
0.6945,23779.2893333333,24118.5589056642,24136.5851071022
0.695,23820.24,24148.6500245208,24163.5340293762
0.6955,23857.4073333333,24175.8827443864,24192.3190035267
0.696,23887.88,24206.8721127188,24215.0726743453
0.6965,23906.965,24235.2747589613,24245.7434811721
0.697,23949.964,24262.0829063705,24273.5558037737
0.6975,23985.295,24292.0564385641,24300.5886745268
0.698,24011.592,24320.667208592,24325.4994357468
0.6985,24035.182,24349.9704389808,24353.9397338564
0.699,24074.794,24373.4043538872,24386.3067318621
0.6995,24095.997,24396.7026220699,24415.4820753779
0.7,24135.7333333333,24422.6674154,24443.8928500481
0.7005,24171,24455.566151087,24472.739001164
0.701,24196.616,24478.7261105819,24497.8741833727
0.7015,24243.472,24509.3158138607,24524.0375879005
0.702,24276.6746666667,24537.2078470219,24552.2999109413
0.7025,24329.43,24565.1128879366,24582.0075455756
0.703,24345.418,24598.3776927015,24612.7899538058
0.7035,24364.5403333333,24627.392887245,24642.5600498359
0.704,24389.608,24658.0046618387,24670.8284250476
0.7045,24404,24684.7994808075,24694.5887346739
0.705,24425,24712.6645742768,24722.16553277
0.7055,24465.244,24739.133548115,24748.6496696146
0.706,24524,24771.7854218758,24776.6169065108
0.7065,24540.7316666667,24801.6157668584,24802.3345176509
0.707,24563.014,24830.8030585313,24831.060988317
0.7075,24573.5716666667,24859.2600609271,24861.7101696067
0.708,24621.896,24888.1076823341,24890.2950842545
0.7085,24662.897,24918.3576218936,24919.2166369517
0.709,24748.8466666667,24950.9428365659,24956.5654822679
0.7095,24798.3523333333,24981.7027768421,24985.4126021418
0.71,24809.52,25009.5453328746,25015.7856722363
0.7105,24825.9753333333,25044.4342441389,25053.4756721266
0.711,24890.2213333333,25076.5381375045,25080.9648260067
0.7115,24898.246,25107.3741542992,25117.2460241838
0.712,24932.7413333333,25135.2902770112,25147.5806598545
0.7125,24967.8583333333,25161.5915239811,25175.2228787824
0.713,25014.13,25187.7779734385,25205.0375031433
0.7135,25037.1923333333,25219.7755917966,25234.387099675
0.714,25069.768,25245.923358961,25261.8261882007
0.7145,25116.087,25276.5802930797,25290.0418405774
0.715,25156.2566666667,25304.3883121913,25314.913769448
0.7155,25181.8216666667,25334.6627068071,25345.1764228384
0.716,25201.392,25362.8871895237,25373.5821343812
0.7165,25254.9966666667,25393.9358738002,25396.6739945473
0.717,25280.204,25424.3787843321,25427.7869308982
0.7175,25302.305,25453.1846579042,25454.5478264019
0.718,25339.5026666667,25486.3907614359,25483.110850245
0.7185,25380.2813333333,25515.5448932152,25518.3964426718
0.719,25433.57,25546.3978291023,25547.9186212037
0.7195,25462.5283333333,25580.7133543743,25580.8130432171
0.72,25491.5066666667,25609.3061043802,25611.7620463632
0.7205,25499.841,25638.7275566052,25642.4932289995
0.721,25527.904,25672.2008570822,25673.064365179
0.7215,25550.787,25703.9973315643,25701.8957657369
0.722,25585.044,25730.3086211147,25734.9447588647
0.7225,25633.34,25760.3781097822,25764.2823841866
0.723,25655.2553333333,25792.6859231881,25792.9329227412
0.7235,25669,25822.1336686497,25819.5217491483
0.724,25692.2586666667,25849.9411128808,25850.0887781385
0.7245,25715.4113333333,25879.1497578999,25881.2301233726
0.725,25759.5,25912.4957651662,25906.8705662464
0.7255,25780.871,25942.359828957,25935.8671055508
0.726,25827.5853333333,25973.1348927143,25966.7581640307
0.7265,25844.489,26006.1912735183,25998.8421473269
0.727,25889.162,26036.5044364136,26032.5048298124
0.7275,25919.4016666667,26065.6698373876,26060.109983883
0.728,25940.568,26093.0231428741,26091.9724603631
0.7285,25987.3893333333,26124.7971395529,26124.0678694338
0.729,26008.9566666667,26163.3736453295,26151.4275319131
0.7295,26014.118,26196.520360386,26182.4438167677
0.73,26020.8866666667,26222.4928798688,26213.2029030665
0.7305,26037.3886666667,26254.8152435156,26246.387671001
0.731,26049,26287.1823699883,26280.019988103
0.7315,26062.6593333333,26316.5188639291,26308.6346589177
0.732,26084.3973333333,26350.6095784655,26337.7374413732
0.7325,26092.395,26384.3449809492,26368.2697636218
0.733,26121.392,26413.9065329398,26400.0133473749
0.7335,26158.204,26447.4734978718,26427.3544224562
0.734,26206.364,26470.0702028222,26461.446528525
0.7345,26239.6783333333,26497.990206022,26496.0423440167
0.735,26272.82,26527.1653089342,26529.0753115104
0.7355,26297.613,26558.5588462686,26560.5348888511
0.736,26334.9386666667,26590.8237708467,26592.9432635933
0.7365,26358.1583333333,26622.7867433692,26623.2198486804
0.737,26397.332,26654.3560541843,26659.4432233162
0.7375,26429.7,26680.3000350174,26690.997957536
0.738,26450.0933333333,26710.3476684913,26719.1177610413
0.7385,26464.385,26741.4887541416,26753.3145296978
0.739,26492.3446666667,26768.5931792288,26785.6008208653
0.7395,26504.474,26798.2920560564,26812.5058236995
0.74,26525.48,26829.8559320497,26843.5799903285
0.7405,26534.0953333333,26863.7325357336,26874.2625202894
0.741,26552.8453333333,26893.8500730581,26905.5526855011
0.7415,26591.049,26923.6530030777,26937.2506948386
0.742,26650.512,26954.0620623015,26972.3185066309
0.7425,26681.0916666667,26983.3036187924,27005.3666692946
0.743,26731.352,27016.002202514,27034.5522262714
0.7435,26770.7683333333,27044.7564012129,27065.1605143213
0.744,26785.0853333333,27075.7438492051,27102.9382786917
0.7445,26812.089,27106.1933571296,27137.352958842
0.745,26852.5066666667,27134.9301824746,27167.6237643742
0.7455,26880.1406666667,27168.1392969325,27198.1180094444
0.746,26925.628,27199.2819233584,27228.9844161228
0.7465,26958.237,27228.5204636656,27263.6639113091
0.747,26978.128,27262.5064157387,27298.1470565086
0.7475,26996.495,27297.3877022033,27329.2720372222
0.748,27054.688,27326.5525802916,27360.0596472466
0.7485,27079.8246666667,27362.4377155237,27389.0340278087
0.749,27108.054,27393.6246327255,27421.6357000864
0.7495,27132.297,27426.2060148882,27455.9516290292
0.75,27168.8333333333,27451.7692478465,27490.4772776531
0.7505,27229.535,27484.5556268833,27523.3600524302
0.751,27260.436,27516.8691072979,27553.3711714388
0.7515,27295.1816666667,27550.284620777,27582.1487999862
0.752,27323.104,27583.9663053251,27617.346393973
0.7525,27340.6866666667,27613.8493600757,27647.7033474155
0.753,27373.154,27649.0642006944,27682.6115337405
0.7535,27421.298,27683.5474615334,27709.3253354587
0.754,27451.124,27714.5629325621,27740.2228948543
0.7545,27474.8846666667,27749.5341158539,27771.6536824304
0.755,27504,27781.9950566473,27806.5108411119
0.7555,27520.1553333333,27812.569821988,27841.4674802234
0.756,27547.936,27845.2096002474,27873.7576525793
0.7565,27573.834,27880.7910306167,27906.6076144047
0.757,27627.7806666667,27913.0062857142,27938.8715399024
0.7575,27650.2416666667,27948.0315959448,27976.3795840171
0.758,27669.412,27982.5677961379,28013.5261969165
0.7585,27682.9183333333,28016.7594942031,28050.0223880144
0.759,27710.8213333333,28045.7255658827,28081.3469183119
0.7595,27735.57,28079.1483014935,28118.7953823003
0.76,27793.1866666667,28112.7666385786,28148.9561938796
0.7605,27813.763,28151.2353721643,28181.4120943644
0.761,27835.932,28183.4593337083,28219.7328867013
0.7615,27851.338,28221.5928976497,28249.5331080113
0.762,27896.488,28254.534233371,28287.2965001642
0.7625,27921.25,28288.2003779266,28316.8810490199
0.763,27961.7046666667,28322.3299258611,28351.1505211184
0.7635,28017.5653333333,28354.0409751806,28382.8339518964
0.764,28044.288,28388.9066098349,28414.4795913512
0.7645,28062,28418.5732929319,28447.431266856
0.765,28076,28450.2194760304,28482.5007121641
0.7655,28130.793,28485.4983077115,28512.852783759
0.766,28178.976,28520.4508745859,28549.9860847104
0.7665,28215.796,28553.913716376,28585.4738947879
0.767,28236.402,28587.2039848009,28621.0927069639
0.7675,28253.2016666667,28625.0950673342,28656.0347019109
0.768,28284.8853333333,28665.287155934,28688.8028327787
0.7685,28311.674,28694.0174103817,28724.0096903895
0.769,28350.6186666667,28728.0774897764,28758.539060909
0.7695,28374.9446666667,28759.3485773508,28793.1669998288
0.77,28411.16,28787.8295500949,28822.5832474016
0.7705,28465.761,28821.8654190177,28861.4633071881
0.771,28497.234,28862.3990288311,28894.4730695393
0.7715,28523.888,28894.8615702628,28930.6401219217
0.772,28563.296,28931.0618427823,28967.4668769707
0.7725,28600.9316666667,28966.2624412015,29000.7430323767
0.773,28630.838,29000.5405961208,29033.3186334083
0.7735,28665.0273333333,29040.2711587098,29066.2248926638
0.774,28695.5453333333,29078.805848773,29104.162672612
0.7745,28743.894,29113.3442272859,29136.9610861967
0.775,28762.4333333333,29147.8487788851,29174.3214448737
0.7755,28789.5493333333,29182.5362946879,29207.4316775878
0.776,28811.744,29215.6393721895,29243.3136892234
0.7765,28851.777,29249.5620634897,29282.449309636
0.777,28869.4366666667,29287.360868281,29316.5181688135
0.7775,28882.665,29323.7835327098,29350.8806943225
0.778,28925.5666666667,29355.5149463748,29382.7041504064
0.7785,29045.142,29399.9543603381,29418.5289397487
0.779,29061.032,29438.5748605282,29457.7338714593
0.7795,29088.6053333333,29480.3166167904,29488.3961404765
0.78,29121.04,29510.4447099636,29521.805166423
0.7805,29176.805,29543.8710251193,29562.6883622872
0.781,29214.258,29582.6568517595,29596.1296375009
0.7815,29256.1926666667,29616.1807184282,29635.0744988041
0.782,29285.296,29652.4544799744,29666.6841416337
0.7825,29303.39,29688.940600662,29699.9636857677
0.783,29327.0886666667,29730.4309322139,29732.0238772016
0.7835,29379.569,29769.684844646,29766.1363129438
0.784,29430.04,29804.4056033715,29802.854768279
0.7845,29476.028,29834.3115390075,29842.0098362775
0.785,29523.14,29867.2675895039,29874.1213381266
0.7855,29574.6376666667,29902.9477957349,29912.5980881025
0.786,29644.232,29938.0260802463,29947.3289636784
0.7865,29688.276,29972.7753959683,29980.7748471233
0.787,29748.2033333333,30007.7955005284,30021.7483726089
0.7875,29779.8166666667,30042.585242955,30061.211063734
0.788,29808.712,30079.6596431523,30098.2421474862
0.7885,29864.2183333333,30111.9144989552,30136.7407126565
0.789,29877.674,30150.2238621113,30171.1198890281
0.7895,29931,30190.0771528454,30207.2467279914
0.79,29957.9866666667,30223.2799723933,30245.5940324463
0.7905,29970.943,30261.1458649734,30279.8843680218
0.791,30039.146,30301.0007498245,30318.333112947
0.7915,30076.1476666667,30338.9684491927,30360.9521516881
0.792,30100.0346666667,30377.9648892549,30391.9977312799
0.7925,30136.755,30411.0220156053,30422.755063634
0.793,30171,30447.4835316498,30464.0922171581
0.7935,30208.805,30480.2820272527,30496.9009365322
0.794,30249,30517.6162005167,30530.9892021988
0.7945,30285.2783333333,30555.9599375984,30566.2006038252
0.795,30299.9233333333,30591.7281011921,30604.7847674277
0.7955,30326.991,30638.5085662794,30642.4405455806
0.796,30380.176,30674.7848560112,30678.1020066277
0.7965,30408,30714.1250648647,30721.0708553813
0.797,30435.776,30749.2883286137,30759.0123568723
0.7975,30463.5883333333,30794.6879364588,30805.4612779013
0.798,30538.3173333333,30832.8898745422,30844.048847677
0.7985,30593.146,30872.3264804871,30880.6801779978
0.799,30626.788,30911.1325350558,30922.7353431575
0.7995,30666.2586666667,30948.0690279722,30962.6369811526
0.8,30685.8,30988.6895682006,31000.3137191135
0.8005,30745.3383333333,31017.8869288806,31039.9923374458
0.801,30758.206,31057.2014523845,31077.2727153334
0.8015,30801.484,31096.9928976479,31121.2412221405
0.802,30836.7413333333,31138.5072723436,31167.1820961406
0.8025,30863.9383333333,31174.1966179777,31207.8694559916
0.803,30884.018,31208.5406264599,31260.1406524958
0.8035,30903.094,31245.4096498628,31302.2283692756
0.804,30978.1413333333,31283.317978467,31344.7922595758
0.8045,30993.836,31323.0542046944,31382.2112219747
0.805,31022.5533333333,31369.0802231135,31416.0725796283
0.8055,31042.4103333333,31401.382780645,31452.9643954589
0.806,31134.708,31447.705335406,31497.140649899
0.8065,31196,31491.069758413,31531.4132939802
0.807,31232.7366666667,31533.5796706989,31571.4638407055
0.8075,31283.455,31577.2459156545,31611.0055724665
0.808,31328.384,31618.0962166633,31653.2164878417
0.8085,31346.7516666667,31658.4421866403,31694.5734892472
0.809,31417.09,31698.2313020656,31733.7708855608
0.8095,31433.657,31731.5899225804,31770.271125028
0.81,31463.8133333333,31772.8968078959,31815.9020966241
0.8105,31485.063,31817.2200272929,31851.2958281575
0.811,31505.0886666667,31855.3791034749,31894.3439771038
0.8115,31568.4393333333,31892.8834661398,31931.7200601122
0.812,31617.224,31933.2217703061,31973.5494419494
0.8125,31646.4583333333,31969.7490552042,32010.9115456643
0.813,31689.3593333333,32008.7402968711,32057.3553240438
0.8135,31719,32052.4437093113,32096.9366057157
0.814,31767.968,32092.4520788963,32140.6734620541
0.8145,31780.2493333333,32134.2486159852,32179.8910214433
0.815,31821.19,32176.6217117317,32223.2336365651
0.8155,31858.186,32220.1733074715,32262.6049170059
0.816,31905.368,32255.8893740143,32306.6846279274
0.8165,31965.497,32292.7345490384,32347.640344541
0.817,32010.3046666667,32329.6026861544,32388.2022963865
0.8175,32056.9683333333,32370.6010044683,32428.9789641038
0.818,32103.252,32410.9838457701,32471.2934063324
0.8185,32120.0366666667,32452.7594241337,32511.3915972042
0.819,32179.028,32492.5472824808,32550.2190134153
0.8195,32230.34,32539.2828786603,32596.6703902921
0.82,32402.0666666667,32585.2555849404,32640.7177436543
0.8205,32426.9893333333,32627.0495964002,32679.3519931099
0.821,32455.884,32674.1518144849,32723.2068666774
0.8215,32482.5096666667,32719.6481929983,32766.3468221073
0.822,32550.928,32768.5228461961,32806.2854934786
0.8225,32632.645,32814.437092021,32844.5024123406
0.823,32708.7126666667,32855.967132924,32888.4462254153
0.8235,32830.41,32891.093108905,32929.0394411647
0.824,32890.24,32933.3212601748,32974.6884044657
0.8245,32910.1566666667,32977.9544953942,33010.9052337402
0.825,32958.7333333334,33024.0124446058,33053.9487431864
0.8255,33034.051,33078.2240369944,33096.9396865914
0.826,33078.356,33118.0718027389,33138.9978982458
0.8265,33130.559,33155.7477753225,33178.3113346465
0.827,33160.524,33204.6598544545,33221.6920545669
0.8275,33192,33250.2577208799,33271.6919586966
0.828,33209.1146666667,33297.5691222791,33311.6150842814
0.8285,33236.226,33338.164278464,33360.6471353305
0.829,33268.3946666667,33386.1777179172,33407.3146233778
0.8295,33283.777,33436.3738247285,33451.1769077683
0.83,33309.66,33480.1057435835,33497.8881372475
0.8305,33358.366,33524.7471661028,33539.2977275604
0.831,33400.3393333333,33569.2401759878,33585.565556478
0.8315,33459.452,33610.5630769387,33634.2220328259
0.832,33492.96,33650.7631078153,33669.6063709671
0.8325,33532.9666666667,33696.2808726867,33718.8516557028
0.833,33590.924,33733.4057179836,33763.2222947198
0.8335,33632.9356666667,33786.3398892588,33804.0113429016
0.834,33679.812,33826.2645486565,33845.5678076388
0.8345,33747.807,33875.0956232494,33890.7077744541
0.835,33793.01,33926.074299553,33939.0303852191
0.8355,33842.426,33971.871973399,33979.1700669855
0.836,33862.944,34015.9522546203,34032.5843785777
0.8365,33896.333,34055.9118411426,34078.6243155312
0.837,33925.822,34100.3431977997,34124.7842527218
0.8375,33956.675,34147.5145604005,34168.5957473261
0.838,34008.4266666667,34195.5775796596,34215.8101291075
0.8385,34027.862,34240.5256216834,34257.2950919354
0.839,34058.048,34294.0970746067,34301.6640380746
0.8395,34076.674,34344.7989681573,34348.9279222008
0.84,34119.2266666667,34388.5564720059,34414.1286148626
0.8405,34190.081,34430.199270042,34456.1485362569
0.841,34236.892,34480.5317793684,34501.9236891001
0.8415,34275.894,34524.486189589,34552.6280907374
0.842,34293.284,34566.9404077857,34596.9107250782
0.8425,34331.1983333333,34612.619235317,34641.790048188
0.843,34374.6773333333,34657.0316564217,34695.7622350712
0.8435,34466.922,34706.9514593615,34742.1708545344
0.844,34528.328,34754.6340693655,34792.9690532548
0.8445,34586.2446666667,34808.8687013943,34838.4721141331
0.845,34609.52,34857.0458444651,34885.3419860186
0.8455,34638.184,34903.6216836579,34939.7408096423
0.846,34689.952,34945.7459347443,34989.9268616133
0.8465,34727.786,34989.2232644049,35041.5558108224
0.847,34744.764,35037.5090021838,35094.5122173935
0.8475,34784.255,35090.011843081,35139.8306053315
0.848,34829.248,35134.4829934077,35191.6146354939
0.8485,34873.3273333333,35182.6303140234,35247.5423674567
0.849,34934.7906666667,35228.2871359566,35294.966457333
0.8495,35009.784,35271.2734601557,35347.7316239331
0.85,35066.7333333333,35326.6062384506,35402.2023947474
0.8505,35113.0403333333,35372.6362281274,35451.847830612
0.851,35154.55,35425.8846701749,35502.5438832664
0.8515,35178,35480.29742992,35553.3185699986
0.852,35221.648,35530.7202663986,35607.4780792392
0.8525,35317.035,35574.2825021496,35656.3233047631
0.853,35379.954,35623.9585393348,35698.717150247
0.8535,35406.8403333333,35676.734356056,35745.9102724489
0.854,35441.332,35737.3754605003,35799.2353793266
0.8545,35489.2213333333,35785.6923918289,35853.3710569623
0.855,35529.0433333333,35833.669370272,35901.5855717969
0.8555,35547.111,35889.4430423131,35950.6806870565
0.856,35604.824,35948.2875565991,35996.1232750753
0.8565,35660.434,36001.9644151517,36048.6771118684
0.857,35691.942,36044.1088745977,36102.4749658906
0.8575,35757.015,36101.264226395,36158.0325209777
0.858,35778.8986666667,36155.7184598419,36212.0012453228
0.8585,35793.585,36212.8330106535,36271.2420801047
0.859,35841.54,36266.7227794738,36327.6947318918
0.8595,35964.7923333333,36315.9848930311,36379.3567659573
0.86,36035.08,36374.8478813589,36424.2633108285
0.8605,36080.7533333333,36425.4219949483,36474.1688888017
0.861,36110.9746666667,36477.4218132555,36545.5433753197
0.8615,36168,36532.8339029762,36603.9002637633
0.862,36246.7853333333,36588.8584476369,36654.4543788746
0.8625,36273.2333333333,36646.1887582741,36702.3320526688
0.863,36340.512,36701.80406749,36751.4451650233
0.8635,36433.5493333333,36756.3066988827,36809.840751319
0.864,36517.8293333333,36807.9291542417,36874.1740050597
0.8645,36573.987,36865.4793877354,36927.5895408305
0.865,36606.3466666667,36926.2726427005,36974.5600349046
0.8655,36691.393,36980.8061599156,37028.8366201598
0.866,36706.788,37039.527274206,37097.2566617642
0.8665,36737.3986666667,37104.794477674,37159.9209091901
0.867,36785.6673333333,37156.6278220862,37219.7872430304
0.8675,36846.735,37220.8420853367,37276.113317621
0.868,36907.0266666667,37277.0580379033,37334.4630731272
0.8685,36922.5736666667,37330.6350481706,37395.3214074787
0.869,36957.938,37391.4681998232,37444.7856990203
0.8695,37045.1133333333,37449.2828224379,37500.6170337723
0.87,37112.7333333333,37503.4207361401,37556.5733276463
0.8705,37146.692,37553.4165727349,37612.4303991966
0.871,37273.4606666667,37611.145957763,37668.4352941106
0.8715,37300.7113333334,37666.0222649478,37727.3909321473
0.872,37378.816,37727.534554456,37786.5107283989
0.8725,37423.47,37784.9770159254,37843.4473913099
0.873,37487.4793333333,37842.8046813736,37894.2298585066
0.8735,37505,37889.9745286781,37952.3602520264
0.874,37596.1466666667,37944.1337511436,38008.6887529946
0.8745,37644,38000.6382479879,38064.7266051739
0.875,37688.5,38060.4401453266,38123.9917466414
0.8755,37761.9660000001,38112.4181485224,38190.5530129818
0.876,37797,38170.4826085805,38253.4656238175
0.8765,37866.979,38234.727033317,38307.4685622222
0.877,37879.1033333333,38291.5336771286,38367.7335870585
0.8775,37972.4416666667,38352.438891027,38429.415682602
0.878,38021.028,38407.679514413,38485.1930738593
0.8785,38082.5916666667,38473.5579184465,38542.6453113694
0.879,38146.6533333333,38536.0720040493,38594.989190643
0.8795,38230.436,38598.2662423375,38648.6055448639
0.88,38299.68,38657.7682138771,38706.084011962
0.8805,38420.762,38717.6491541989,38765.821353387
0.881,38500.81,38775.3679813299,38828.0074285914
0.8815,38601.002,38843.6535511423,38886.1498438644
0.882,38667.276,38908.4497340344,38949.2597050478
0.8825,38712.765,38969.1157178678,39009.8315907747
0.883,38748.8286666667,39045.4762263603,39070.7022478213
0.8835,38801.01,39102.4704900703,39141.6458115839
0.884,38832.968,39159.511133025,39194.4293346691
0.8845,38861.2470000001,39219.8082485847,39254.43874736
0.885,38941.4133333333,39285.2412044085,39324.9129578034
0.8855,39055.617,39342.7883369769,39385.8076046627
0.886,39125.2386666667,39406.0761842951,39452.6498027615
0.8865,39151.2076666667,39471.275521112,39516.8152120269
0.887,39228.748,39531.3691437271,39583.0324067662
0.8875,39284.1583333334,39592.3797182217,39650.7580987497
0.888,39371.7146666667,39662.5517514352,39710.2049706766
0.8885,39439.308,39726.2718645377,39768.4928682351
0.889,39506.2893333333,39785.6570795268,39830.6199249384
0.8895,39568.8493333333,39849.7041279344,39898.2362677313
0.89,39637.58,39916.0836427102,39964.5836228576
0.8905,39712.43,39976.332844498,40025.6001357551
0.891,39734.238,40036.1549459281,40102.3997961198
0.8915,39760.966,40105.9609535213,40165.8046954185
0.892,39909.3546666667,40176.7761618255,40243.6457085533
0.8925,39963.7216666667,40241.4497030386,40299.512776613
0.893,40071.438,40307.5629756512,40355.1185368303
0.8935,40173.283,40385.4039834865,40421.63790044
0.894,40260.0693333333,40460.1745710149,40491.8249217242
0.8945,40306.167,40524.4273517946,40555.8044269798
0.895,40408.3066666667,40594.9853650322,40632.0215944769
0.8955,40439.2433333333,40669.0235199972,40707.3485266146
0.896,40546.824,40733.9686795997,40766.4489613007
0.8965,40642.853,40806.4365794929,40834.8358261926
0.897,40740.092,40879.1144879715,40901.1721565315
0.8975,40848.13,40947.5793706877,40984.6823375394
0.898,40951.9013333333,41008.5183633482,41059.3000977201
0.8985,41027.6516666667,41065.3202553329,41128.3147369141
0.899,41078.976,41135.4663664867,41186.5090481307
0.8995,41145.8536666667,41189.6505604075,41253.4144479639
0.9,41207.6666666667,41270.4638619476,41327.2810834534
0.9005,41284.025,41343.7468886832,41404.959608991
0.901,41370.448,41426.0827254927,41479.35118673
0.9015,41490.4983333334,41506.1603948077,41550.6035264495
0.902,41590.828,41589.5230494847,41617.713308643
0.9025,41669.0183333333,41667.7988267522,41700.7677061001
0.903,41735.09,41740.4369106203,41787.7310668971
0.9035,41780.214,41809.6466305708,41858.0225923929
0.904,41858.9626666667,41884.4695315149,41931.9950300341
0.9045,41906.8466666667,41947.494060383,42000.4977135693
0.905,41992.67,42023.5879252696,42069.8732496354
0.9055,42065.495,42096.1352191288,42157.0541872905
0.906,42105.508,42166.9595252498,42243.9541102048
0.9065,42156.169,42237.6136585355,42315.6597481507
0.907,42219.968,42318.9789128635,42397.106137485
0.9075,42271.5933333333,42395.3997006671,42473.5513412963
0.908,42329.08,42485.8976932054,42554.671623795
0.9085,42458.8996666667,42552.1608113675,42626.9807718954
0.909,42526.2426666667,42629.6094680226,42719.8860834223
0.9095,42573.704,42702.7936564638,42810.3644525042
0.91,42665.84,42791.0322474441,42883.898310736
0.9105,42745.989,42862.562539824,42970.7616973945
0.911,42779.196,42945.5128089639,43058.7349473941
0.9115,42888,43025.9496485001,43124.745394183
0.912,42940.544,43094.4102052512,43201.8681707306
0.9125,42991.075,43181.0807044163,43279.7021543452
0.913,43076.6046666667,43267.8932499105,43370.4345060023
0.9135,43119.6033333333,43339.7900402926,43458.3864206977
0.914,43237.056,43423.346180644,43545.7108298123
0.9145,43300.3393333333,43513.0517884717,43627.7573561194
0.915,43443.6533333333,43589.4230135068,43712.1103843563
0.9155,43524.693,43673.0516268558,43798.0453539844
0.916,43573.688,43749.5385306463,43889.7994839285
0.9165,43600.7623333333,43835.4494138098,43970.1894178586
0.917,43654.416,43926.3661349773,44057.2832373199
0.9175,43721.5316666667,44014.5561054078,44142.0595276653
0.918,43748,44115.979859651,44224.8488538957
0.9185,43842.227,44202.0111379072,44315.5396035225
0.919,43927.8186666667,44282.1953961682,44406.9499804122
0.9195,43977,44363.4918850666,44497.8498179755
0.92,44054.04,44477.9424581794,44612.2328387537
0.9205,44125.3536666667,44561.0560081324,44680.8234096029
0.921,44174.482,44645.6910216625,44772.2771955908
0.9215,44303.258,44723.7901015142,44861.2494929234
0.922,44387.7666666667,44832.7297935395,44942.1156858831
0.9225,44515.4266666667,44923.6707125763,45028.457099081
0.923,44574.246,45009.4803611754,45109.2263705602
0.9235,44602.2546666667,45090.0204941358,45196.8483157462
0.924,44641.1946666667,45182.4041269806,45294.6747229538
0.9245,44829.593,45270.145174991,45389.1908887824
0.925,45063,45360.0407963974,45476.0403989032
0.9255,45186.9336666667,45447.6245497525,45578.6643970567
0.926,45264.652,45535.0567100539,45680.1146969595
0.9265,45335.7113333333,45641.4366797307,45762.677981854
0.927,45418.896,45735.6638170078,45850.1728505781
0.9275,45493.665,45843.1210506291,45945.3423442061
0.928,45653.9573333334,45933.744812432,46045.370638838
0.9285,45740.9323333333,46031.5250838318,46147.1233857841
0.929,45871.61,46123.9562297724,46257.6092714766
0.9295,45971.5026666667,46217.8108848281,46342.6607115574
0.93,46039.2133333333,46330.6242033133,46433.6801865154
0.9305,46103.349,46446.8096876961,46536.2650985776
0.931,46225.3146666667,46549.0429334895,46638.2250703841
0.9315,46264.89,46647.5538592422,46739.3784834767
0.932,46441.392,46755.9604402616,46837.1285544739
0.9325,46496.0633333333,46863.4057983874,46939.4476707548
0.933,46567.596,46966.8818332141,47023.7337264995
0.9335,46641.004,47085.4539581875,47139.681414478
0.934,46755.612,47192.5128346994,47265.2717152551
0.9345,46855,47306.0001840618,47361.4537596779
0.935,47028.66,47421.0469813799,47458.9924036449
0.9355,47188.6883333333,47539.070485172,47563.0978353462
0.936,47244.208,47652.381887175,47691.204386988
0.9365,47410.365,47762.6025761156,47796.0345756544
0.937,47503.642,47890.1215883062,47911.7829349872
0.9375,47571.9583333334,48009.4266328933,48026.1754353008
0.938,47707.764,48123.0621432334,48137.1714888787
0.9385,47850.6226666667,48216.5558672893,48250.7885352046
0.939,47951.8500000001,48337.4881917238,48358.1626713627
0.9395,48073.059,48471.489823108,48473.3987223656
0.94,48211.3333333334,48594.4167840519,48589.1295632828
0.9405,48285.3003333333,48725.8890662734,48687.5879899555
0.941,48544.41,48838.4257785575,48806.1431804202
0.9415,48635.494,48952.181846498,48921.4824621805
0.942,48773.164,49065.7712079689,49031.5339154521
0.9425,48808.275,49194.6571393308,49150.7583224848
0.943,48936.012,49317.4671388473,49271.3741651811
0.9435,49047.061,49446.5355214912,49411.6883018351
0.944,49143.264,49568.6290187499,49542.3734174457
0.9445,49245.269,49704.86060435,49661.6672861438
0.945,49399.4566666667,49818.5988614545,49790.7333284134
0.9455,49521.719,49928.3520719719,49922.0211349193
0.946,49721.4986666667,50051.3425445998,50048.1305997739
0.9465,49789.9843333333,50189.1115839257,50166.0536244333
0.947,49888.23,50329.3140916634,50290.3034366293
0.9475,50117.7683333334,50450.6738512624,50415.4624198813
0.948,50258.664,50565.9991216033,50544.5336733456
0.9485,50317.394,50699.9092801845,50687.970881563
0.949,50522.6420000002,50826.9726256145,50839.1333084532
0.9495,50739.88,50961.8041632312,50958.4580646982
0.95,50858.4,51107.4767253171,51103.9331085521
0.9505,50927.612,51238.2243249922,51224.6432013831
0.951,51054.212,51374.1993836946,51366.097348761
0.9515,51135.017,51504.7912552286,51505.5393373264
0.952,51304.3600000001,51640.0355001845,51667.9770050149
0.9525,51505.9633333333,51781.6560136361,51814.8273795904
0.953,51703.464,51922.0091159151,51953.7337898098
0.9535,51812.21,52041.541624827,52095.3525096497
0.954,51992.648,52221.1785980673,52244.4866100591
0.9545,52201.581,52363.2270934601,52417.319261135
0.955,52495.3066666667,52514.9742216299,52553.7689857999
0.9555,52652.1753333333,52682.9575881599,52672.3616367791
0.956,52950.888,52842.3471302424,52792.6702867112
0.9565,53045.034,53026.0236341455,52933.0082720976
0.957,53132.336,53187.6679209138,53096.088039544
0.9575,53437.47,53344.316638256,53263.0204490962
0.958,53651.2493333334,53509.278034366,53424.6507357024
0.9585,53796.302,53674.5214656901,53577.4910934237
0.959,53950.894,53836.2599315387,53767.4845271544
0.9595,54081.5993333333,54014.3448949753,53928.2843864444
0.96,54171.04,54199.175408276,54098.36239556
0.9605,54349.161,54390.0537225876,54280.7266208069
0.961,54582.4413333333,54580.2413661074,54468.5935791069
0.9615,54769.6703333333,54754.5662638839,54629.8819814054
0.962,54982.62,54901.7632048665,54792.2425778912
0.9625,55129.2583333334,55114.2962877524,54969.4804773158
0.963,55257.164,55295.4293757918,55179.1680621071
0.9635,55394.362,55478.8839781795,55366.6406392934
0.964,55621.3786666667,55675.2369065873,55538.1859846446
0.9645,55767.7973333333,55885.8600158304,55731.7858891466
0.965,56086.23,56072.3133805128,55929.0539272183
0.9655,56188.958,56256.649170861,56102.5825733991
0.966,56350.9,56422.3824992674,56276.9522882751
0.9665,56699.931,56614.7512385298,56459.8605435137
0.967,56963.2006666667,56835.2497938348,56673.4719624806
0.9675,57151.1466666667,57027.3188740779,56878.1248531013
0.968,57372.792,57235.2351840425,57119.5050568588
0.9685,57607.4216666667,57439.8530145853,57336.2308871648
0.969,57951.866,57649.5352279775,57595.6614509571
0.9695,58340.4950000001,57869.7595620489,57851.0325488612
0.97,58647.1,58090.1603782293,58030.0161920467
0.9705,59117.161,58344.920755443,58271.8710404672
0.971,59335.068,58602.3965750412,58525.1510743597
0.9715,59587.9696666667,58833.7109964437,58815.1681644681
0.972,59737.528,59104.1640348605,59063.9799790594
0.9725,59933.7,59388.1874032086,59329.4989060342
0.973,60351.6086666666,59671.078372375,59578.6097429146
0.9735,60727.241,59906.804723476,59841.6584308194
0.974,61258.392,60131.9217638559,60107.2399078977
0.9745,61654.7446666667,60397.9135825149,60363.335179858
0.975,61815.2666666667,60651.3421598431,60628.7399790081
0.9755,61962.57,60905.7601341303,60913.7984521673
0.976,62192.1653333333,61097.3398249945,61252.2644618337
0.9765,62424,61441.5397925012,61557.2138262039
0.977,62680.442,61738.7697108286,61860.3414981948
0.9775,62812.055,62024.999460693,62179.2049574532
0.978,63056.6706666667,62317.8212491421,62463.7879877725
0.9785,63355.738,62627.5447202064,62769.6302901929
0.979,63449.3893333333,62919.1434582834,63062.9849118453
0.9795,63644.3720000001,63221.6373295812,63473.356420265
0.98,63716.84,63594.529101354,63786.700795739
0.9805,64068.747,63946.7584362722,64199.0889943338
0.981,64398.8760000001,64260.1097767523,64517.4805748441
0.9815,64870.542,64600.2476094332,64884.9223254196
0.982,65396.8306666668,65033.0541745136,65277.5847988703
0.9825,65656.8050000001,65419.8253605617,65698.2012820294
0.983,66284.124,65814.2293119266,66094.3675738822
0.9835,66660.4880000003,66248.7513595359,66442.7236794842
0.984,67312.2053333334,66646.6718288257,66838.7396432892
0.9845,67851.9550000001,67022.2520893671,67285.1390972425
0.985,68373.9166666667,67413.6984712817,67724.7702462203
0.9855,68772,67829.0438011622,68199.7365577128
0.986,68975.32,68340.2073230878,68733.3750374996
0.9865,69572.3550000001,68816.1017616754,69294.536804932
0.987,69836.0846666667,69280.0479291576,69784.8149986315
0.9875,70236.9,69823.5331755685,70439.1596665916
0.988,70746.5706666667,70366.667028842,70989.3371083939
0.9885,71695.4273333334,70997.9898732307,71496.1871619809
0.989,72013.172,71650.5860964902,72046.8969275286
0.9895,72403.3353333334,72322.4154905129,72691.759938994
0.99,72841.1933333334,73019.5460418948,73373.2615589428
0.9905,73372.8230000001,73587.1017505334,74171.8232353388
0.991,74552.2773333334,74211.637293233,74957.010070877
0.9915,75449.8453333337,75010.197961347,75663.378459588
0.992,76811.992,75832.7698395203,76506.6941248276
0.9925,77751.64,76655.5875360719,77304.7571723102
0.993,78103.4093333333,77550.72495434,78186.8067531739
0.9935,79625.8540000001,78571.7451054061,79238.2276177727
0.994,80677.1200000001,79547.5086616371,80321.9759502729
0.9945,82146.0903333338,80579.8512265446,81553.9149289393
0.995,83231.6100000003,81707.888451461,82654.7230405892
0.9955,84445.2030000003,83328.8760358926,84136.4753033464
0.996,85384.0560000001,84797.1881454178,85539.82979412
0.9965,87270.7920000002,86855.7894477727,87141.4458635444
0.997,90182.8306666668,89057.5077843313,89689.0015915591
0.9975,93736.0100000001,91335.5529851344,91863.8844760588
0.998,97122.5760000011,94182.0272618892,95263.7700385299
0.9985,105068.635333334,97887.6606765578,99805.0167868114
0.999,112285.061333333,103573.463646896,105802.856658634
0.9995,126709.395000002,113770.143852389,115701.054652516
1,155760,165510.264619343,234534.003983769
