"probability","observed_nonfloor","overall_raw_nonfloor","complier_raw_nonfloor"
0,-1.33599010601466,-1.52309977806294,-1.52309977806294
5e-04,-1.03784332979517,-1.52309977806294,-1.52309977806294
0.001,-0.997194465705779,-1.52309977806294,-1.52309977806294
0.0015,-0.976173476338272,-1.52309977806294,-1.52309977806294
0.002,-0.927806225623965,-1.43501217646181,-1.44049754142654
0.0025,-0.873347230807607,-1.32726558314368,-1.33798369212367
0.003,-0.828011276248967,-1.24918000778575,-1.26159224380166
0.0035,-0.779236232014226,-1.19084671602868,-1.19723764299495
0.004,-0.741454572298823,-1.13884004495898,-1.14376518619292
0.0045,-0.697862388132054,-1.10047034843049,-1.10107713268493
0.005,-0.678837226854487,-1.05815863645309,-1.06257266924687
0.0055,-0.63990160420068,-1.01895657851049,-1.0245680966403
0.006,-0.607310391124109,-0.980044058836914,-0.982159826516561
0.0065,-0.592167534853235,-0.943968932597725,-0.945814414779902
0.007,-0.57685672896274,-0.914255752984719,-0.915454511061637
0.0075,-0.544151213903637,-0.886336918932154,-0.88709166371542
0.008,-0.516292427492594,-0.859346925637254,-0.863371032895988
0.0085,-0.516292427492594,-0.831144589566882,-0.835937237229878
0.009,-0.515279927416693,-0.808791925039519,-0.814260334864862
0.0095,-0.496091633115113,-0.787239626332957,-0.79417362013548
0.01,-0.467918550640144,-0.764864583594719,-0.770675058888428
0.0105,-0.457061707266294,-0.747156242376381,-0.752015557425605
0.011,-0.457061707266294,-0.730285960902323,-0.734513273288195
0.0115,-0.457061707266294,-0.718700910425131,-0.718631155066033
0.012,-0.422220382564414,-0.702236846979735,-0.69985859425008
0.0125,-0.408470722489459,-0.684560967735168,-0.684285601414569
0.013,-0.408470722489459,-0.669561762159702,-0.666332646617495
0.0135,-0.395651877525073,-0.650949392708959,-0.649372111859837
0.014,-0.371122359854291,-0.638299965638941,-0.637365210897141
0.0145,-0.367272864233021,-0.624206860668868,-0.625557651328989
0.015,-0.359733910255591,-0.612275391773459,-0.612522041562045
0.0155,-0.348804182527602,-0.599078614562642,-0.60014661902579
0.016,-0.348804182527602,-0.58478945427837,-0.586313831955839
0.0165,-0.342224651354123,-0.574169056538748,-0.57567014443929
0.017,-0.337666115942975,-0.562012702702068,-0.562794652114572
0.0175,-0.331512673184986,-0.551572171510431,-0.551864039426324
0.018,-0.315817985257956,-0.541770799263721,-0.541909179566021
0.0185,-0.314810138425331,-0.532213517554017,-0.532546733470828
0.019,-0.304551790432879,-0.522946027930923,-0.523710922911286
0.0195,-0.299920662537568,-0.512155703957829,-0.514224577025075
0.02,-0.299624064076049,-0.502120613922897,-0.505039731417335
0.0205,-0.289914445622998,-0.493816169439724,-0.495230761106619
0.021,-0.27850296091247,-0.48492765139136,-0.486842344487353
0.0215,-0.277053678368629,-0.475304562507962,-0.47740664581317
0.022,-0.277053678368629,-0.467030292781183,-0.468916574054705
0.0225,-0.277053678368629,-0.459286014946275,-0.460561615923752
0.023,-0.277053678368629,-0.451304956040841,-0.452274163789527
0.0235,-0.277053678368629,-0.443384106293821,-0.444212282628663
0.024,-0.277053678368629,-0.43574118147594,-0.435610470587211
0.0245,-0.277053678368629,-0.428997444412058,-0.428826244942213
0.025,-0.277053678368629,-0.422537983959734,-0.421366786214011
0.0255,-0.277053678368629,-0.414377642448497,-0.41345489787901
0.026,-0.277053678368629,-0.407153831043048,-0.405920304715609
0.0265,-0.277053678368629,-0.401003474395064,-0.400447088083346
0.027,-0.277053678368629,-0.394124979139583,-0.393330865215207
0.0275,-0.271929591177949,-0.386973549636648,-0.386329029433563
0.028,-0.271625799614365,-0.380969104656529,-0.380993926092773
0.0285,-0.271625799614365,-0.373486846078098,-0.374299822318713
0.029,-0.271625799614365,-0.367007137818187,-0.368622767335678
0.0295,-0.271625799614365,-0.361033457067869,-0.36309061171236
0.03,-0.271625799614365,-0.355147334499665,-0.357279839412833
0.0305,-0.271625799614365,-0.348739777541447,-0.351772264662524
0.031,-0.271625799614365,-0.341653903160757,-0.345404132393459
0.0315,-0.265148449141808,-0.336610751594278,-0.339542383916561
0.032,-0.257193583300211,-0.330993786619981,-0.333858764772614
0.0325,-0.248265993877447,-0.325288164706844,-0.327683651696017
0.033,-0.244073999809367,-0.319664297228953,-0.321313419086799
0.0335,-0.232727454164234,-0.314415914739771,-0.316160124414579
0.034,-0.222594683552271,-0.308200920218821,-0.310107512595671
0.0345,-0.222594683552271,-0.303427127451503,-0.30534634215547
0.035,-0.222594683552271,-0.297976993822364,-0.299745722683851
0.0355,-0.222594683552271,-0.292098430621717,-0.293865110385422
0.036,-0.211605939864278,-0.286985646063334,-0.288296252949662
0.0365,-0.210249008342854,-0.282309816831611,-0.282867766028691
0.037,-0.205220118389265,-0.277552435378023,-0.278040891767909
0.0375,-0.202561250032899,-0.271983221305973,-0.272878180807455
0.038,-0.201044883866856,-0.266654742486902,-0.26708151482966
0.0385,-0.1950847087897,-0.261770312993387,-0.261753477343732
0.039,-0.192424999626846,-0.256794632640592,-0.257105971313363
0.0395,-0.190879467340923,-0.251907637875624,-0.252560863027917
0.04,-0.18889129074902,-0.246669164326369,-0.247974986313182
0.0405,-0.181081114591303,-0.241885122164196,-0.243043781781655
0.041,-0.181081114591303,-0.237174620833932,-0.237948942652761
0.0415,-0.181081114591303,-0.232729413688926,-0.234202193419859
0.042,-0.181081114591303,-0.227209975925483,-0.229500618416441
0.0425,-0.181081114591303,-0.223550498765372,-0.22492317105456
0.043,-0.172031472579189,-0.219508713189337,-0.221434897195562
0.0435,-0.162485836395737,-0.216072865390017,-0.217356056397986
0.044,-0.162485836395737,-0.211926730092692,-0.213478401201033
0.0445,-0.162485836395737,-0.208205458799208,-0.209433596756428
0.045,-0.162485836395737,-0.204306363735598,-0.205480325296339
0.0455,-0.162485836395737,-0.200364463213074,-0.201789903196299
0.046,-0.162485836395737,-0.196577706370844,-0.198275882315328
0.0465,-0.153645155932904,-0.193048888926422,-0.194750031023596
0.047,-0.145083408307552,-0.189197175371316,-0.190901818587513
0.0475,-0.145083408307552,-0.185438923433551,-0.187339405102221
0.048,-0.145083408307552,-0.182458522904254,-0.184045538676749
0.0485,-0.141732934998523,-0.179640398331902,-0.181129706837609
0.049,-0.136783529289089,-0.175635764786142,-0.177266180804046
0.0495,-0.133645436727781,-0.17102065657108,-0.172751633752794
0.05,-0.131922774434992,-0.167692975375346,-0.168981438041018
0.0505,-0.128729974185197,-0.164283889982083,-0.165449041606706
0.051,-0.128729974185197,-0.160909058755028,-0.1620687717568
0.0515,-0.126821101105865,-0.157337759281569,-0.158957015998868
0.052,-0.12090854261446,-0.153917742043165,-0.155628379567638
0.0525,-0.116791747028632,-0.150173454764185,-0.152246799848461
0.053,-0.113306227831029,-0.146615811091034,-0.148173054787995
0.0535,-0.113306227831029,-0.143349809425587,-0.144826349514351
0.054,-0.110910461643644,-0.140043804224881,-0.141773338356248
0.0545,-0.0999622091322339,-0.136936310637473,-0.138335448973621
0.055,-0.09403637212088,-0.133760914226481,-0.135672517025972
0.0555,-0.0892726461098745,-0.130361526280489,-0.132301817057757
0.056,-0.0848629536107846,-0.127360784202703,-0.128973827020168
0.0565,-0.0848629536107846,-0.12464332835447,-0.126304109253774
0.057,-0.0848629536107846,-0.122286760026968,-0.123900591991601
0.0575,-0.0848629536107846,-0.11874685305811,-0.12089397453678
0.058,-0.0848629536107846,-0.115453476126713,-0.117624436749329
0.0585,-0.0848629536107846,-0.112307467177342,-0.114173877600178
0.059,-0.0848629536107846,-0.109695883578722,-0.111379638925067
0.0595,-0.0848629536107846,-0.106836638123518,-0.108805619948834
0.06,-0.0848629536107846,-0.103513199538843,-0.105870762869873
0.0605,-0.0848629536107846,-0.100088036134303,-0.102555108617855
0.061,-0.0848629536107846,-0.0967992244578332,-0.0991297714794169
0.0615,-0.0848629536107846,-0.0940212217338286,-0.0960865880261487
0.062,-0.0848629536107846,-0.0911606060377062,-0.0933521782322346
0.0625,-0.0848629536107846,-0.088303775278025,-0.0905688245495505
0.063,-0.0848629536107846,-0.0854601813430485,-0.087631606968305
0.0635,-0.0848629536107846,-0.0825330119510898,-0.0848529235924212
0.064,-0.0848629536107846,-0.079719673539393,-0.0817679244696732
0.0645,-0.0848629536107846,-0.076711621013544,-0.0789704951811857
0.065,-0.0848629536107846,-0.0738611777556281,-0.0760471545707311
0.0655,-0.0848629536107846,-0.0712400793724003,-0.0732409400274571
0.066,-0.0848629536107846,-0.0686189830267626,-0.0702440894998943
0.0665,-0.0848629536107846,-0.065996261897904,-0.0677661337280392
0.067,-0.0848629536107846,-0.0631428428621277,-0.0652370586989904
0.0675,-0.0848629536107846,-0.0603123469691086,-0.0621655121868212
0.068,-0.0768804695799732,-0.057153818264351,-0.0593562630420908
0.0685,-0.0691260880135315,-0.0541001939490229,-0.0564487790847436
0.069,-0.0653304332596148,-0.0514527653400625,-0.0534913749998733
0.0695,-0.0607247591437134,-0.0492075719173564,-0.0509847694345336
0.07,-0.0591199816718074,-0.0464955627174985,-0.0488602021870513
0.0705,-0.0542519607260343,-0.0443840125757488,-0.0459222293457979
0.071,-0.0534636795955739,-0.0418571856440941,-0.0434924288716209
0.0715,-0.0471402564400468,-0.0386698180093482,-0.0413640465675314
0.072,-0.0467659689178428,-0.035914837592218,-0.0381999939314446
0.0725,-0.0382600344082908,-0.0336300797946439,-0.0353931840432656
0.073,-0.0356087600703391,-0.0316407581414291,-0.0333389574197159
0.0735,-0.0344882018156496,-0.0288191824894675,-0.0311253083387409
0.074,-0.0276875229855816,-0.0266097365693591,-0.0280679531551942
0.0745,-0.0245753344106287,-0.0240475050920253,-0.0257027910174657
0.075,-0.0245753344106287,-0.0216597880481068,-0.0231569411427254
0.0755,-0.0245753344106287,-0.0189698756701436,-0.0206880900838144
0.076,-0.0245753344106287,-0.0167058932328276,-0.0180542411273449
0.0765,-0.0245753344106287,-0.0141893344342794,-0.0159554827292893
0.077,-0.0245753344106287,-0.0119624516281818,-0.0132493581400342
0.0775,-0.0181643695723686,-0.00984167443566951,-0.0110772473575745
0.078,-0.0137175102582949,-0.00716158995178882,-0.008682636920874
0.0785,-0.00577964009232622,-0.00461572985860321,-0.00625840780324939
0.079,-0.00376937244849058,-0.00240773875814944,-0.0042783619889955
0.0795,0.00028666011370541,4.41536124191737e-05,-0.00182302527576653
0.08,0.00158469892903724,0.0025318268136535,0.000404070199093006
0.0805,0.00412601758574301,0.00462508394347589,0.00264014742774646
0.081,0.0108872540426146,0.00713513228704631,0.00485389905278139
0.0815,0.0140179412986423,0.00937568268530082,0.00727779798678427
0.082,0.018662483193441,0.0114718381749785,0.00946581700748885
0.0825,0.0220015159183806,0.0138318003242553,0.011742042118972
0.083,0.02382060715105,0.0158646512336979,0.0140365799313942
0.0835,0.0247237191026457,0.0177822848810438,0.0161876609183851
0.084,0.0247237191026457,0.0201901886736734,0.0179239590385329
0.0845,0.0247237191026457,0.0222027367333702,0.0204832628806304
0.085,0.0247237191026457,0.024222590228605,0.0227814937094044
0.0855,0.0247237191026457,0.0265199046174522,0.0251648183758135
0.086,0.0247237191026457,0.0287536173123053,0.0269836200994009
0.0865,0.0247237191026457,0.0308581670730862,0.0290186887080337
0.087,0.0247237191026457,0.0326925754610064,0.0311271724197021
0.0875,0.0247237191026457,0.0349726215324975,0.0328656264134656
0.088,0.0247237191026457,0.0369668805532905,0.0350666633410047
0.0885,0.0247237191026457,0.0388273455105619,0.0372952095924567
0.089,0.0247237191026457,0.0409263242368938,0.0392655998062343
0.0895,0.0247237191026457,0.0427780110473816,0.0413012919444573
0.09,0.0247237191026457,0.0452731818898491,0.043325618187646
0.0905,0.0247237191026457,0.0472426947684727,0.0456893824441717
0.091,0.0247237191026457,0.0488456432692952,0.0474899067044891
0.0915,0.026717629396449,0.050712000570911,0.0494296506285542
0.092,0.033593295813364,0.0526718277059807,0.05144142424814
0.0925,0.0379216952375295,0.0544188768656041,0.0532778928154671
0.093,0.0421821420928183,0.0564927115618617,0.055190752088219
0.0935,0.0422116405453713,0.0582533333580491,0.0570636450759699
0.094,0.0466565726334156,0.0602513698031795,0.0589458454227974
0.0945,0.053175949492708,0.0620544252882518,0.0605805606709688
0.095,0.0545763000610931,0.0640843709212883,0.062378978154541
0.0955,0.0580224495829623,0.0663489148235284,0.0643266690797377
0.096,0.0590724194848406,0.0680578589536025,0.0664271650842378
0.0965,0.064667111009365,0.0700197990777748,0.0680195391936974
0.097,0.0664290524095003,0.0718056985608757,0.0700205937057412
0.0975,0.0664290524095003,0.0739256405039253,0.0716392189264432
0.098,0.0664290524095003,0.076033712361357,0.0736769564101633
0.0985,0.0667515798285225,0.0779329232050782,0.0754831731362626
0.099,0.0733415940581862,0.0800075784056852,0.0773235079593792
0.0995,0.0740527248145915,0.081743943740942,0.0794011192081667
0.1,0.0740527248145915,0.0835855829130292,0.0811528319074295
0.1005,0.0740527248145915,0.0851854945954452,0.0830798459302859
0.101,0.0768980367696721,0.0868597394392112,0.0848964428974379
0.1015,0.0787093395183626,0.0885791220814869,0.0863380392489371
0.102,0.0814680738750139,0.0903681573036951,0.0881168822555853
0.1025,0.0851011253340678,0.0919810163723219,0.0900476570681366
0.103,0.0915205153527579,0.0934379214823619,0.0916434990420875
0.1035,0.0957172725582084,0.0948274227164045,0.093311442587966
0.104,0.097101892352633,0.0965235982130151,0.0948476707621526
0.1045,0.100532846911682,0.0981145780573236,0.0964567839935483
0.105,0.101700095582754,0.0999024461994582,0.0979567001207335
0.1055,0.102570790588686,0.1016748735972,0.099766941754889
0.106,0.102570790588686,0.103717448107028,0.101388549047218
0.1065,0.102570790588686,0.105330913746161,0.10322251999255
0.107,0.102570790588686,0.106878980850332,0.104692467961975
0.1075,0.102570790588686,0.108427404878893,0.106525588028869
0.108,0.102570790588686,0.110208995755621,0.108080776380953
0.1085,0.102570790588686,0.111796679879521,0.109642985560727
0.109,0.102570790588686,0.113099624611993,0.111342348084777
0.1095,0.102570790588686,0.114714302338245,0.112530839151941
0.11,0.102570790588686,0.116242225941495,0.113986090156795
0.1105,0.102570790588686,0.117892240375458,0.115448798491543
0.111,0.102570790588686,0.119323453660442,0.11698855645697
0.1115,0.102570790588686,0.120764289076145,0.118586934748855
0.112,0.102570790588686,0.122371390131771,0.12001252190156
0.1125,0.102570790588686,0.123735362752328,0.121709517991289
0.113,0.102570790588686,0.125524645795384,0.123289743148722
0.1135,0.102570790588686,0.126776090578906,0.12501365391745
0.114,0.102570790588686,0.128035512023002,0.126528774264858
0.1145,0.102570790588686,0.129627804208477,0.127900729454018
0.115,0.102570790588686,0.131316074419959,0.129360822557121
0.1155,0.102570790588686,0.133007506566763,0.131091956416736
0.116,0.10392096696074,0.134534381438599,0.132798838471113
0.1165,0.106199157063643,0.136375880869552,0.134214214896906
0.117,0.10927963789493,0.138038952060235,0.135858345409935
0.1175,0.114923318569647,0.139532765663888,0.137462570579203
0.118,0.116845127846544,0.140936922761834,0.139175257223533
0.1185,0.118983584034755,0.142468365611746,0.140377311959526
0.119,0.127505335082563,0.144114807927512,0.141744365218765
0.1195,0.130825446357238,0.145604406995151,0.143122528027396
0.12,0.134460119762742,0.146877297034352,0.144688269012374
0.1205,0.134460119762742,0.148309645194585,0.146161212108516
0.121,0.134460119762742,0.149829212614966,0.147379518681686
0.1215,0.135595467567415,0.151248203660808,0.14882718976568
0.122,0.143339370582941,0.152771922740448,0.150292672567044
0.1225,0.146235714947178,0.154248483907532,0.151840518025152
0.123,0.148841241368057,0.15569607344899,0.153643252354496
0.1235,0.151937287910338,0.15733441057272,0.154871634806912
0.124,0.151937287910338,0.158762918107264,0.156410207596649
0.1245,0.157306458751368,0.160148910343782,0.158081151292508
0.125,0.162993191115368,0.161659847778528,0.159395269014717
0.1255,0.162993191115368,0.163068788156455,0.160744465530288
0.126,0.162993191115368,0.164345879523969,0.162318847650681
0.1265,0.162993191115368,0.16585041997731,0.163776549906884
0.127,0.162993191115368,0.167283947946958,0.165020358444933
0.1275,0.162993191115368,0.168641615936869,0.166430130180458
0.128,0.162993191115368,0.170044486425313,0.167749832320711
0.1285,0.162993191115368,0.171555639210473,0.169098028103981
0.129,0.162993191115368,0.172773726635145,0.1704786403222
0.1295,0.162993191115368,0.17416129205999,0.171816743934014
0.13,0.162993191115368,0.175426899043698,0.1731415050375
0.1305,0.162993191115368,0.176716402742379,0.174586271206366
0.131,0.162993191115368,0.178026786333858,0.176002902953316
0.1315,0.162993191115368,0.179486105149217,0.177124074918004
0.132,0.162993191115368,0.180904370454572,0.178315920852469
0.1325,0.162993191115368,0.182438967491656,0.179519338796211
0.133,0.162993191115368,0.183772006408067,0.181041491804713
0.1335,0.162993191115368,0.185146088574664,0.182391279685488
0.134,0.162993191115368,0.186178734173453,0.183412120950732
0.1345,0.162993191115368,0.187615461179255,0.184734231524979
0.135,0.162993191115368,0.189093758666597,0.18589245808046
0.1355,0.162993191115368,0.190173720232441,0.187222805125497
0.136,0.162993191115368,0.191309142039638,0.188819241215358
0.1365,0.162993191115368,0.192646170452339,0.190049923375984
0.137,0.164919793834069,0.193633076014561,0.190987541727973
0.1375,0.167825097230958,0.194986137739082,0.192262169554559
0.138,0.173616265187286,0.196262314097387,0.193625313310641
0.1385,0.173616265187286,0.197459284142162,0.194931914522105
0.139,0.17775173402504,0.198996048446092,0.196255557177047
0.1395,0.180883768803335,0.200078545854624,0.197605362834553
0.14,0.182883457905001,0.201175797861978,0.199062492222651
0.1405,0.188809685186082,0.202330121957015,0.200102719678604
0.141,0.188809685186082,0.203646838173265,0.201110336697367
0.1415,0.188809685186082,0.204870254485943,0.202350768597112
0.142,0.188809685186082,0.206366893728559,0.203664873360339
0.1425,0.190772694764817,0.20759422358132,0.204887837823783
0.143,0.193317685367272,0.208831530917338,0.206421250548495
0.1435,0.200696041319981,0.210143250853753,0.20784991239171
0.144,0.201797516982785,0.211178781631783,0.209169237302257
0.1445,0.207435387768173,0.212377645902983,0.210176925055444
0.145,0.212382210845837,0.2134375366616,0.21130748000207
0.1455,0.212382210845837,0.214758033660784,0.212583351373822
0.146,0.212382210845837,0.21612380301787,0.213732309243593
0.1465,0.212382210845837,0.217507446531294,0.214913586272273
0.147,0.212382210845837,0.218820901004886,0.2163879718708
0.1475,0.212382210845837,0.220181933182003,0.217709019941677
0.148,0.212382210845837,0.221479342827021,0.219184192344967
0.1485,0.212382210845837,0.222627233381737,0.220512446587659
0.149,0.212382210845837,0.223806416862788,0.221622478415306
0.1495,0.212382210845837,0.224798727347032,0.222885234386928
0.15,0.212382210845837,0.226052375428524,0.223966484429738
0.1505,0.212382210845837,0.227364503038713,0.225173666696744
0.151,0.212382210845837,0.228589514501642,0.226430605938206
0.1515,0.212382210845837,0.22983350727933,0.227661281167164
0.152,0.212382210845837,0.231024211828397,0.228850959060704
0.1525,0.212382210845837,0.231976354793484,0.230221933399386
0.153,0.212382210845837,0.233021447435274,0.231362175747039
0.1535,0.212382210845837,0.23430810460995,0.232439260315575
0.154,0.212382210845837,0.235342732916222,0.233525874442872
0.1545,0.212382210845837,0.236539061763656,0.234812349281452
0.155,0.212382210845837,0.237624974627264,0.235975889775268
0.1555,0.214182448896694,0.238992397021673,0.237026629389322
0.156,0.217632101783429,0.240104528402146,0.238237192473716
0.1565,0.222308703590458,0.241239684308667,0.239460546968579
0.157,0.225601620733612,0.242311282459459,0.240635733801866
0.1575,0.225601620733612,0.243457451730328,0.241778815403352
0.158,0.228676409730391,0.244314731210701,0.242723086917031
0.1585,0.229868766680524,0.245527290050707,0.243918509690758
0.159,0.232672331285314,0.246422327986667,0.244865383236695
0.1595,0.234069855077653,0.247465433788075,0.245725137335482
0.16,0.234458340911323,0.248606465587865,0.246782120306435
0.1605,0.237854112279187,0.249427513509057,0.247868569352488
0.161,0.242324260236945,0.250596225506308,0.248884525681261
0.1615,0.243089518490069,0.251749114401794,0.249862824346891
0.162,0.244594765481806,0.252751151305766,0.251001941103658
0.1625,0.246395803266423,0.253899482039438,0.25213639827327
0.163,0.250252585400816,0.25501067685838,0.253143189514922
0.1635,0.254151860684496,0.25603638854628,0.254169711318489
0.164,0.254151860684496,0.257121308616353,0.25529822140076
0.1645,0.254151860684496,0.258329445634275,0.256349456256221
0.165,0.254151860684496,0.259462032341386,0.257486312272994
0.1655,0.254151860684496,0.260531958621626,0.258699813233891
0.166,0.254151860684496,0.261479759112852,0.259849458334832
0.1665,0.254151860684496,0.26269725074395,0.261013106915978
0.167,0.254151860684496,0.26389444197841,0.261955710073661
0.1675,0.254151860684496,0.264991841030205,0.263107022497998
0.168,0.254151860684496,0.26609743807015,0.264261890637992
0.1685,0.254151860684496,0.26710817411423,0.26521835175895
0.169,0.254151860684496,0.26796924693339,0.266262752912773
0.1695,0.256104120528062,0.268905212762336,0.267164593023925
0.17,0.258377330053134,0.269988881507481,0.26810821353908
0.1705,0.260531869233759,0.270959294573574,0.269145019435906
0.171,0.261786256967589,0.271885729299302,0.270256402699178
0.1715,0.263661764715505,0.272823257288171,0.271228763418152
0.172,0.267054809269715,0.273941702893587,0.272220544391028
0.1725,0.27284967305627,0.275024001776893,0.273345016556895
0.173,0.27284967305627,0.276033761083631,0.274408216111174
0.1735,0.273601755763754,0.277054132902443,0.275359049351133
0.174,0.278221945559919,0.277999414884959,0.276449819111094
0.1745,0.283286582128686,0.278973056695876,0.277450932456815
0.175,0.283537449195413,0.280059447886783,0.278490863810583
0.1755,0.290341866347252,0.280839397513153,0.279435804654528
0.176,0.290341866347252,0.281599509312525,0.280344297184723
0.1765,0.290341866347252,0.282606167065041,0.28122717710858
0.177,0.290341866347252,0.283486794565997,0.282131879525277
0.1775,0.290341866347252,0.284552004397013,0.282929183425612
0.178,0.290341866347252,0.285461760929677,0.284018512350202
0.1785,0.290341866347252,0.286567231310526,0.285040949886207
0.179,0.290341866347252,0.287504882119788,0.286027593337936
0.1795,0.290341866347252,0.288481701531327,0.286975296469496
0.18,0.290341866347252,0.289408173989315,0.287949384482487
0.1805,0.290341866347252,0.290289572752041,0.288906400049799
0.181,0.290341866347252,0.291209420101174,0.289742650220145
0.1815,0.290341866347252,0.292049691849639,0.290633412963693
0.182,0.290341866347252,0.292968339731726,0.291525380746697
0.1825,0.290341866347252,0.294070326144438,0.292456618416876
0.183,0.290341866347252,0.295238265855919,0.293309602975064
0.1835,0.290341866347252,0.296184374259729,0.294442380260907
0.184,0.290341866347252,0.297139406649526,0.295493481872748
0.1845,0.290341866347252,0.298202610873831,0.29654281900979
0.185,0.290341866347252,0.299162162278449,0.297357457141959
0.1855,0.290341866347252,0.299955969702472,0.298368614367944
0.186,0.290341866347252,0.300847898254152,0.299184878911832
0.1865,0.290341866347252,0.301715114215634,0.300051257165713
0.187,0.290341866347252,0.302650740117769,0.300899818325606
0.1875,0.297385754451903,0.30344131736924,0.301786851627523
0.188,0.299461224181546,0.304300591868611,0.302686624365263
0.1885,0.30226510645684,0.30530556995952,0.303506897402341
0.189,0.303566645557572,0.306338204580246,0.304472446160888
0.1895,0.306774542140354,0.307350784594741,0.305473280164132
0.19,0.306774542140354,0.30825980212294,0.306358399661334
0.1905,0.306774542140354,0.309422533553731,0.30728084640942
0.191,0.310105526656977,0.310218316731637,0.308114336935677
0.1915,0.311202832087702,0.311012171639203,0.309117682137784
0.192,0.313078771983702,0.311806309356552,0.310007566079108
0.1925,0.314632210060472,0.312816812451033,0.310865153023522
0.193,0.317913162102617,0.313928986893742,0.311541542308539
0.1935,0.319757594716462,0.314975010497997,0.312667796440551
0.194,0.322018616503479,0.315866987339265,0.313677610447281
0.1945,0.322268754740774,0.316701302234341,0.314797455992132
0.195,0.322268754740774,0.317560547458313,0.315624232513249
0.1955,0.322268754740774,0.31846357494298,0.316487718583286
0.196,0.322268754740774,0.319233566355473,0.317331966180209
0.1965,0.322268754740774,0.320080456092147,0.318202906056724
0.197,0.322268754740774,0.321001588809954,0.319048472163846
0.1975,0.322268754740774,0.321948143372733,0.319843952265825
0.198,0.322268754740774,0.322783479369232,0.320662727271933
0.1985,0.322268754740774,0.323633369363979,0.321879201615804
0.199,0.322268754740774,0.32443166200766,0.322732873454761
0.1995,0.322268754740774,0.325400421420823,0.323585964174685
0.2,0.322268754740774,0.326256690702057,0.324387959068471
0.2005,0.322268754740774,0.327024805222334,0.325265970674119
0.201,0.325264203374607,0.328013197558664,0.326062765750599
0.2015,0.328765544742746,0.329018357187701,0.326883181596297
0.202,0.332641722439242,0.329866060803745,0.327998832661672
0.2025,0.335533087738199,0.330763251397908,0.328851609335377
0.203,0.337447603311886,0.331668017478168,0.329658255154044
0.2035,0.339764708356472,0.332495004500659,0.330586951812065
0.204,0.339764708356472,0.333424267264908,0.331612235835292
0.2045,0.339764708356472,0.334342116636471,0.332499260115148
0.205,0.34186837235754,0.335081572142075,0.333266327842031
0.2055,0.34605950088906,0.335966668331107,0.334137164705343
0.206,0.349107479451121,0.33699876397093,0.335005482220232
0.2065,0.350560635428813,0.337951422652213,0.335833985789393
0.207,0.350687670512474,0.338802638427943,0.336849669160828
0.2075,0.350831884717768,0.339719779212355,0.337993020921435
0.208,0.350831884717768,0.340514521594052,0.338859038058018
0.2085,0.350831884717768,0.341394609471743,0.339847538433552
0.209,0.350831884717768,0.342215149497913,0.340635048664336
0.2095,0.350831884717768,0.343140998382255,0.341441326764692
0.21,0.350831884717768,0.34413225020198,0.342228106140517
0.2105,0.350831884717768,0.344912670965484,0.343202734995402
0.211,0.350831884717768,0.345763988679617,0.34419613037223
0.2115,0.350831884717768,0.346592520734479,0.344968745539236
0.212,0.350831884717768,0.347385204772375,0.345862539067064
0.2125,0.350831884717768,0.348254591100373,0.346625934961712
0.213,0.350831884717768,0.348913405566301,0.34737616399645
0.2135,0.350831884717768,0.349701201121628,0.34823691936092
0.214,0.350831884717768,0.350551737837903,0.348910606272664
0.2145,0.350831884717768,0.35151518499647,0.349686514102376
0.215,0.350831884717768,0.352259386856092,0.35047148681308
0.2155,0.350831884717768,0.352959376544919,0.351396050192258
0.216,0.350831884717768,0.353717779270747,0.352131137245196
0.2165,0.350831884717768,0.354451962207141,0.352833943748557
0.217,0.350831884717768,0.355399460638626,0.353622140590989
0.2175,0.350831884717768,0.35606449937326,0.354354557312721
0.218,0.350831884717768,0.356865041311772,0.355284449878593
0.2185,0.350831884717768,0.357658131006659,0.356012653768846
0.219,0.350831884717768,0.358533499547367,0.356838261015414
0.2195,0.350831884717768,0.359497478284237,0.357593431584896
0.22,0.350831884717768,0.360312906669642,0.358309038345017
0.2205,0.350831884717768,0.361175165633801,0.359334530736146
0.221,0.350831884717768,0.361991212821881,0.360273351809871
0.2215,0.350831884717768,0.362763127505886,0.361114644125646
0.222,0.350831884717768,0.363742988314757,0.361913779630346
0.2225,0.350831884717768,0.364538286564611,0.362754664484581
0.223,0.350831884717768,0.365242685867895,0.363597674802042
0.2235,0.350831884717768,0.366026357395855,0.364456957325716
0.224,0.350831884717768,0.366834907472324,0.365312877669405
0.2245,0.350831884717768,0.367657585307095,0.366069911604645
0.225,0.350831884717768,0.368520857007979,0.366807871233631
0.2255,0.350831884717768,0.369389245646275,0.367667400914163
0.226,0.350831884717768,0.370179252776007,0.368465538112767
0.2265,0.350831884717768,0.370922276346646,0.369394322384982
0.227,0.350831884717768,0.371643182726244,0.370101050165469
0.2275,0.350831884717768,0.372317308520809,0.370769149314558
0.228,0.35201280131873,0.372969339341636,0.371393629440575
0.2285,0.355453412346764,0.373643201427752,0.372052763472263
0.229,0.356200702559718,0.374522352903217,0.372776466878189
0.2295,0.356466375504095,0.375408241148184,0.37338639434437
0.23,0.357499431855996,0.376146127553738,0.374001979492421
0.2305,0.359740976150053,0.376987589511477,0.374955120478007
0.231,0.361876002922128,0.377808940357842,0.375704596540606
0.2315,0.364059887616163,0.378585337875982,0.376479693478748
0.232,0.364609441978682,0.379331552824918,0.377254071377657
0.2325,0.366499694192673,0.380292089073236,0.37810045762586
0.233,0.368496825863685,0.38099695615326,0.37891098567495
0.2335,0.371697865233199,0.381577751908593,0.37986045751878
0.234,0.37474762998677,0.382390089476313,0.380642194249697
0.2345,0.376672979649578,0.383091201234424,0.381286487251972
0.235,0.376672979649578,0.383726202863094,0.382100843819576
0.2355,0.376672979649578,0.384548082415428,0.382808611202145
0.236,0.376672979649578,0.385294140759271,0.383514410983652
0.2365,0.376672979649578,0.386064943839555,0.384307238206449
0.237,0.376672979649578,0.386857409488371,0.38505757921013
0.2375,0.376672979649578,0.387732729535959,0.385836010915342
0.238,0.376672979649578,0.388383630180103,0.386590796279637
0.2385,0.376672979649578,0.389097716278332,0.387487369075682
0.239,0.377113795519126,0.389708162893896,0.388239033049592
0.2395,0.378497762031648,0.390525225038566,0.388975961531745
0.24,0.381219145341458,0.391302348370672,0.389731937275063
0.2405,0.381558528168414,0.391905369994206,0.390418979287511
0.241,0.382054586870648,0.392512598293283,0.391180342445599
0.2415,0.38611525735186,0.393309083518997,0.391760605990073
0.242,0.388074006112523,0.394060523671755,0.39246597203451
0.2425,0.38925770566513,0.394929716950682,0.393258067098411
0.243,0.390217501090959,0.395715066055575,0.394161002271921
0.2435,0.393115128578667,0.396502221490639,0.394891775095386
0.244,0.394135343976183,0.397197168866819,0.395768310065828
0.2445,0.395708643073776,0.397845168558055,0.396623585913442
0.245,0.397745822281458,0.398555627810338,0.397295508525972
0.2455,0.400266011144916,0.399164435869027,0.397974661253447
0.246,0.400266011144916,0.399786180433917,0.398626615806963
0.2465,0.400266011144916,0.40046116078376,0.399309253531959
0.247,0.400266011144916,0.401186503796315,0.399978029117417
0.2475,0.400266011144916,0.402043749696086,0.400687035352036
0.248,0.400266011144916,0.402841613008012,0.401305756481289
0.2485,0.400266011144916,0.403553013851279,0.402157285535381
0.249,0.400266011144916,0.404362812004138,0.40295635961672
0.2495,0.400266011144916,0.404988894132621,0.403650612870889
0.25,0.400266011144916,0.405703843369346,0.404512258430614
0.2505,0.400266011144916,0.406451753056704,0.405175292130636
0.251,0.400266011144916,0.407099026942555,0.405958600876487
0.2515,0.400266011144916,0.407812651036422,0.406583619097483
0.252,0.400266011144916,0.408627446917699,0.407255963501371
0.2525,0.400266011144916,0.409259598202173,0.407936963444377
0.253,0.400266011144916,0.409992727332542,0.408767576146338
0.2535,0.400266011144916,0.410732104487745,0.409388031712192
0.254,0.400266011144916,0.411467340181729,0.410140530084621
0.2545,0.400266011144916,0.412182240316675,0.41088002805955
0.255,0.400266011144916,0.413013561674462,0.411477287957782
0.2555,0.400266011144916,0.413699993996514,0.41217316268377
0.256,0.400266011144916,0.414394699171549,0.413039895688108
0.2565,0.400266011144916,0.415144821719095,0.413679851009435
0.257,0.400266011144916,0.415852945601658,0.414324618619252
0.2575,0.400266011144916,0.416476033034607,0.415025555168708
0.258,0.400266011144916,0.417241513345336,0.415775903260682
0.2585,0.400266011144916,0.417982662417761,0.416350996917283
0.259,0.400266011144916,0.418591026136057,0.417034344891315
0.2595,0.40273173020636,0.419225346175045,0.417647574695291
0.26,0.404947902229248,0.419884276982934,0.418368148096683
0.2605,0.407946496913411,0.420636787141498,0.419074063907628
0.261,0.409157384321569,0.421388468348235,0.419800004579779
0.2615,0.411174306718556,0.422210711873638,0.42050341659216
0.262,0.411710292071507,0.422944424907798,0.42128345525012
0.2625,0.41349616404213,0.423719093745683,0.422024837499915
0.263,0.416796707657554,0.424563266135468,0.422725515220264
0.2635,0.417667940276401,0.425253569906192,0.42348964199229
0.264,0.418488668879439,0.425939671477581,0.424422223666681
0.2645,0.421279489935151,0.426697255707224,0.425176693617286
0.265,0.421971010103767,0.427213268617827,0.425900081881155
0.2655,0.421971010103767,0.427975997754273,0.426549599320654
0.266,0.421971010103767,0.428723899006743,0.42719842129856
0.2665,0.421971010103767,0.429340663361539,0.427793876336226
0.267,0.421971010103767,0.430019238910996,0.428500969166912
0.2675,0.421971010103767,0.430624940047819,0.429182962584996
0.268,0.421971010103767,0.431306144742531,0.429813167928636
0.2685,0.421971010103767,0.431885538421354,0.430428871460189
0.269,0.421971010103767,0.432483864324739,0.431097704600151
0.2695,0.422387884058254,0.433130470749535,0.431678438331752
0.27,0.423219715793059,0.433843582033404,0.432275271191479
0.2705,0.424877829715519,0.434503505516153,0.432874007411838
0.271,0.426521778018324,0.435079416526316,0.433515801607287
0.2715,0.427921625872338,0.435706033723028,0.434228796088037
0.272,0.431158790805681,0.436269411188989,0.434845758570045
0.2725,0.432205438969663,0.436927398900322,0.435513168354658
0.273,0.433766616562615,0.437626691927784,0.436034237980241
0.2735,0.435764617423072,0.438278201486412,0.4366662134563
0.274,0.437228125829094,0.438914816033546,0.437447094558837
0.2745,0.438384114515576,0.439593023551068,0.438073232479756
0.275,0.442019432248155,0.440414413554247,0.438781189394725
0.2755,0.442067893844077,0.441148469373646,0.439333675118054
0.276,0.442067893844077,0.441776844972062,0.440136446905906
0.2765,0.442067893844077,0.442345414585027,0.440825895438146
0.277,0.442067893844077,0.442963095441039,0.441561352327356
0.2775,0.442067893844077,0.443641296645264,0.442166671509391
0.278,0.442067893844077,0.444289677555785,0.442767588410348
0.2785,0.442067893844077,0.44515914580178,0.443487562880917
0.279,0.442067893844077,0.44587294640035,0.444106556681489
0.2795,0.442067893844077,0.446533165592295,0.444939684223175
0.28,0.443548516004442,0.447357412865702,0.445720815184087
0.2805,0.448546965425617,0.448017276554108,0.446269806549968
0.281,0.44970766338848,0.44861213935501,0.447007843050453
0.2815,0.44970766338848,0.449164662971116,0.447712103376783
0.282,0.44970766338848,0.449934495368402,0.448342087599377
0.2825,0.453927276350756,0.450558727877161,0.448840328915657
0.283,0.455661552369614,0.451138120393458,0.449518371664823
0.2835,0.458655062051326,0.451750892199597,0.450073484042686
0.284,0.460778602579723,0.452373831836888,0.450686710385447
0.2845,0.460778602579723,0.453046433206181,0.451302701627935
0.285,0.460778602579723,0.453742053589821,0.451981156639569
0.2855,0.460778602579723,0.454361930941994,0.452602170247841
0.286,0.460778602579723,0.45496432969399,0.453256714768981
0.2865,0.460778602579723,0.455626434776427,0.453997729182257
0.287,0.460778602579723,0.456318569241701,0.454681106134122
0.2875,0.460778602579723,0.456992289610043,0.455370734059516
0.288,0.460778602579723,0.457570238003407,0.456101289525392
0.2885,0.460778602579723,0.458120989181428,0.456827506201006
0.289,0.460778602579723,0.458753278545273,0.457397117730862
0.2895,0.460778602579723,0.459394389952916,0.457870701407861
0.29,0.460778602579723,0.459882876524362,0.458482522646377
0.2905,0.460778602579723,0.460526657633193,0.459151008420841
0.291,0.460778602579723,0.461221632644457,0.459746623144528
0.2915,0.460778602579723,0.461734180029135,0.460350672260179
0.292,0.460778602579723,0.462300854145279,0.461047253961668
0.2925,0.460778602579723,0.462848158569816,0.461606225733477
0.293,0.460778602579723,0.463474768481544,0.462183698473773
0.2935,0.460778602579723,0.464019069229617,0.46284527760738
0.294,0.460778602579723,0.464653069399402,0.463463164301126
0.2945,0.460778602579723,0.465292163499278,0.464090593745473
0.295,0.460778602579723,0.465849599949017,0.464772137157382
0.2955,0.460778602579723,0.466473949613588,0.465451614060153
0.296,0.460778602579723,0.467118271448817,0.465940128643041
0.2965,0.460778602579723,0.467698811892454,0.466586667732867
0.297,0.460778602579723,0.468329723419714,0.467204695787543
0.2975,0.460778602579723,0.468888602814563,0.467800203407835
0.298,0.460778602579723,0.469498647067356,0.468350759540669
0.2985,0.461861256506316,0.47008237699701,0.46892874741142
0.299,0.465291343933646,0.470766107571475,0.469553746745723
0.2995,0.466149191255519,0.471323348659872,0.470177984799021
0.3,0.467916026213718,0.471912310875976,0.470900281262636
0.3005,0.469937411702125,0.472430064645521,0.471464685328529
0.301,0.471926728394459,0.47308188184001,0.471984127349323
0.3015,0.473112400483918,0.473839703563453,0.472507539024465
0.302,0.476448567394425,0.474460174874969,0.473228455289104
0.3025,0.478282081698801,0.474983748271011,0.473910299140605
0.303,0.478282081698801,0.47558965891869,0.474564927602259
0.3035,0.478282081698801,0.476188727756905,0.475151222395958
0.304,0.478282081698801,0.476853071867904,0.475693038406158
0.3045,0.478282081698801,0.477503449771533,0.476294522751085
0.305,0.478282081698801,0.478050442784651,0.476895501146921
0.3055,0.478282081698801,0.478610257193477,0.477504726597254
0.306,0.478282081698801,0.479121287422271,0.478078891647505
0.3065,0.478282081698801,0.47980922228416,0.47868808210762
0.307,0.478282081698801,0.480382331599228,0.479191941323958
0.3075,0.478282081698801,0.480959818283199,0.479806575666076
0.308,0.478282081698801,0.481586611683838,0.480447328461444
0.3085,0.478282081698801,0.482148769028357,0.481043914805839
0.309,0.478887953902283,0.482783494204442,0.48162903663623
0.3095,0.480795669790656,0.483399671454205,0.482178070454213
0.31,0.482356294620889,0.484083178798596,0.482740801746323
0.3105,0.485486609807263,0.484650778301209,0.483351950914288
0.311,0.486298956805314,0.485181693717159,0.48391349792718
0.3115,0.488578700123376,0.485759038873033,0.484541476943844
0.312,0.491514923077756,0.486313773697522,0.485140040441052
0.3125,0.491908088514362,0.486900206092568,0.485634277351993
0.313,0.492951185143256,0.487374805837404,0.486181104166492
0.3135,0.494724716745903,0.487909327156166,0.486801861216649
0.314,0.494724716745903,0.488433599502082,0.487294823470453
0.3145,0.494724716745903,0.489046204507071,0.487834145006897
0.315,0.494724716745903,0.489528264303578,0.488309080875675
0.3155,0.495231908745555,0.490116633994871,0.488877680843906
0.316,0.497896990049383,0.490712293967779,0.48937841344142
0.3165,0.498856711977958,0.491234095823007,0.489954910119291
0.317,0.500359148648563,0.491784063469011,0.490447467535859
0.3175,0.502586937833349,0.492428974106891,0.49107951302855
0.318,0.502586937833349,0.492941314743241,0.491650762423877
0.3185,0.502586937833349,0.4935028991652,0.492295092373237
0.319,0.504132414054507,0.494068132409458,0.492841673298056
0.3195,0.506953716250844,0.49470231267707,0.493426033829427
0.32,0.509563591386144,0.495225957120899,0.493934902953383
0.3205,0.510227782937839,0.49580541305289,0.494530540348616
0.321,0.510227782937839,0.496366910787593,0.495042861065545
0.3215,0.510227782937839,0.496909074623425,0.49557477790223
0.322,0.510227782937839,0.49757425840597,0.496158174952652
0.3225,0.510227782937839,0.498132886652679,0.496716363148357
0.323,0.510227782937839,0.498740664934115,0.497305386789908
0.3235,0.510227782937839,0.499298228871787,0.497931826263038
0.324,0.510227782937839,0.499869488912758,0.498564515176167
0.3245,0.510227782937839,0.500556495693453,0.499055629443067
0.325,0.510227782937839,0.501042537168125,0.499656001883052
0.3255,0.510227782937839,0.501557734434728,0.500209605980394
0.326,0.510227782937839,0.502113143759371,0.50086957076219
0.3265,0.510227782937839,0.50259482034316,0.501427529714864
0.327,0.510227782937839,0.503101446866235,0.501966261547071
0.3275,0.510227782937839,0.503638073934321,0.502404440043683
0.328,0.512065628071707,0.504144145036991,0.502933139201913
0.3285,0.516227228643269,0.504627316399144,0.503493651362884
0.329,0.519444883811768,0.505256594620333,0.504019368177602
0.3295,0.522022573070139,0.505793000634363,0.504501644788433
0.33,0.524880966691348,0.506487552634719,0.505045111643273
0.3305,0.524892878948738,0.507003441215168,0.505641285359047
0.331,0.524892878948738,0.507538104295971,0.506346362457606
0.3315,0.524892878948738,0.508101083932289,0.506859778124114
0.332,0.524892878948738,0.508631819083253,0.507351871482221
0.3325,0.524892878948738,0.50911684329127,0.507939567558667
0.333,0.526768678387925,0.509652584011487,0.508443234089282
0.3335,0.529996251859134,0.510143399661956,0.508873386449179
0.334,0.531317001350667,0.510631074050852,0.509454069428614
0.3345,0.531779367844681,0.511080596522724,0.509923308655926
0.335,0.532681721199052,0.511699721583309,0.510485897377215
0.3355,0.533803889714666,0.512376543940563,0.510933851640745
0.336,0.53605424800408,0.51295977867837,0.511570931146291
0.3365,0.537191644905807,0.513482026837343,0.512172808042173
0.337,0.53831108761551,0.514103569107808,0.512770215429741
0.3375,0.538805966010795,0.514701605252907,0.513358024582811
0.338,0.538805966010795,0.515114665950386,0.513879623856722
0.3385,0.538805966010795,0.515676290632072,0.514420730291445
0.339,0.538805966010795,0.516364239766661,0.514983160487251
0.3395,0.538805966010795,0.516881099103445,0.515488349395805
0.34,0.538805966010795,0.517292633486202,0.516024073994799
0.3405,0.538805966010795,0.517814617341127,0.516655165256547
0.341,0.538805966010795,0.518274637658111,0.517077201392286
0.3415,0.538805966010795,0.518668080283254,0.51760564355557
0.342,0.538805966010795,0.519241692430914,0.518043099880025
0.3425,0.538805966010795,0.519776282331674,0.518586271634436
0.343,0.538805966010795,0.520338917124426,0.519141196622574
0.3435,0.538805966010795,0.520882170518287,0.519658596265954
0.344,0.538805966010795,0.521441287384793,0.520155397733416
0.3445,0.538805966010795,0.521984068826108,0.52071747680029
0.345,0.538805966010795,0.522472588746456,0.521284073106241
0.3455,0.538805966010795,0.522895549350657,0.52182318628722
0.346,0.538805966010795,0.523483890439799,0.522325817510753
0.3465,0.538805966010795,0.524064902227064,0.522859836393646
0.347,0.538805966010795,0.524634182598786,0.523407113445158
0.3475,0.538805966010795,0.525229391519998,0.52394841521663
0.348,0.538805966010795,0.525823021825477,0.524520829133091
0.3485,0.538805966010795,0.526384095268892,0.525092432818273
0.349,0.538805966010795,0.526900347652465,0.525609485746952
0.3495,0.538805966010795,0.527445274625886,0.526237937568491
0.35,0.538805966010795,0.528019795011488,0.526799161393955
0.3505,0.538805966010795,0.528567971993814,0.527311395929647
0.351,0.538805966010795,0.529032502866337,0.527878275587385
0.3515,0.538805966010795,0.529632460279913,0.528418782927036
0.352,0.538805966010795,0.530119386034253,0.52893101759546
0.3525,0.538805966010795,0.530677672723722,0.529526513053699
0.353,0.538805966010795,0.531198751151701,0.530078903516915
0.3535,0.538805966010795,0.531740306335785,0.530576722682202
0.354,0.538805966010795,0.532283051026405,0.531070055877112
0.3545,0.538805966010795,0.532774334642417,0.531521705948567
0.355,0.538805966010795,0.533262218497509,0.532036832612986
0.3555,0.538805966010795,0.533802349704024,0.532484101528201
0.356,0.538805966010795,0.534321518032414,0.53300245000168
0.3565,0.538805966010795,0.534892733725231,0.533530253812057
0.357,0.538805966010795,0.53545679181685,0.53405600293841
0.3575,0.538805966010795,0.535963959516412,0.534525558957858
0.358,0.538805966010795,0.536413100433102,0.535092990448323
0.3585,0.538805966010795,0.53686918539455,0.535666094569585
0.359,0.538805966010795,0.537358681312514,0.53612366036061
0.3595,0.538805966010795,0.53787422122701,0.536550180940053
0.36,0.538805966010795,0.538333588885526,0.537020922540127
0.3605,0.538805966010795,0.538756177464881,0.537548380178652
0.361,0.538805966010795,0.539225283789567,0.538024813433379
0.3615,0.538805966010795,0.539784392456589,0.538504955524404
0.362,0.538805966010795,0.540248307895118,0.538920977353981
0.3625,0.538805966010795,0.540801500242389,0.539407847629775
0.363,0.538805966010795,0.541354793207796,0.539943996999499
0.3635,0.538805966010795,0.54189394234747,0.540520374553099
0.364,0.538805966010795,0.542351711015195,0.541054598141797
0.3645,0.538805966010795,0.542956215250183,0.541563943825378
0.365,0.538805966010795,0.543421700306628,0.54205424368608
0.3655,0.538805966010795,0.543925440078822,0.542636702526928
0.366,0.538805966010795,0.544449370414384,0.543187447928362
0.3665,0.538805966010795,0.545042101774441,0.543642961036769
0.367,0.538805966010795,0.545618788909307,0.544158608456974
0.3675,0.538805966010795,0.54613244944077,0.54467384281888
0.368,0.540223578585616,0.546560560595036,0.545183661451235
0.3685,0.541879960427186,0.547061664095236,0.545697350209833
0.369,0.544177440541665,0.547557291191295,0.546209264315949
0.3695,0.544467631980396,0.548046213126534,0.546561771494387
0.37,0.546955472458015,0.5486508819055,0.547049909415874
0.3705,0.549314216441432,0.549107562997445,0.547554876275027
0.371,0.551494029911248,0.549546677429162,0.54804556205943
0.3715,0.552040421003432,0.550079335958929,0.548648986312804
0.372,0.552040421003432,0.550591983197177,0.549113453713027
0.3725,0.552040421003432,0.551163238881743,0.549615714918428
0.373,0.552040421003432,0.551664900727322,0.550185707006687
0.3735,0.553425844681993,0.552139277642784,0.550696474521955
0.374,0.554683108301682,0.552756446908802,0.551284138077463
0.3745,0.55621338277473,0.553192121117911,0.551776711270535
0.375,0.557665179674823,0.553646574747,0.552196903534825
0.3755,0.559315340321649,0.55406372499808,0.552793170960307
0.376,0.559681983316254,0.554553996604525,0.553194048429763
0.3765,0.560267294631191,0.555080921650064,0.553647213789061
0.377,0.56205576442309,0.555545100576498,0.554039399788109
0.3775,0.562717131824911,0.555969748960893,0.554483847376344
0.378,0.563454086947206,0.556406603357287,0.554966210018525
0.3785,0.564609671349386,0.55691306403407,0.555419322309718
0.379,0.564659378976687,0.55744434384698,0.555893722675227
0.3795,0.564659378976687,0.557967441714912,0.556294835131915
0.38,0.564659378976687,0.558520446086949,0.556764331610163
0.3805,0.564659378976687,0.55896714150808,0.557269564424192
0.381,0.564659378976687,0.559464869931692,0.557769473866916
0.3815,0.564659378976687,0.559925322524012,0.558340090862274
0.382,0.564659378976687,0.560416858650773,0.558817006630911
0.3825,0.56533616761387,0.560914066085769,0.559284077643041
0.383,0.567069025965071,0.561354573801187,0.559773984009035
0.3835,0.56773325927384,0.561882703207867,0.560329357945212
0.384,0.569547127321092,0.562370213918542,0.560831796603178
0.3845,0.56964065613295,0.562851949849321,0.561283190105508
0.385,0.570887698359361,0.563337888010827,0.561832702071712
0.3855,0.573254168235901,0.563781117064306,0.56229509818396
0.386,0.57458624885332,0.564171107455759,0.562785838579688
0.3865,0.575006682517484,0.564712759292108,0.563239437770455
0.387,0.576717554763112,0.565173356708597,0.563689973988483
0.3875,0.576717554763112,0.565724550507996,0.564101663446787
0.388,0.576717554763112,0.566209935295939,0.564595618947874
0.3885,0.576717554763112,0.566685545837122,0.565027398858735
0.389,0.576717554763112,0.56720188435801,0.56558468857225
0.3895,0.576717554763112,0.567717648475926,0.566030506223177
0.39,0.577692749501348,0.568266340126675,0.566561221244166
0.3905,0.578575496042811,0.568751046436155,0.567085820476581
0.391,0.580214704620617,0.569204459828192,0.567594853010346
0.3915,0.581394704410464,0.569691265309864,0.568092010709083
0.392,0.581807084637255,0.570223041419368,0.568605604451791
0.3925,0.583564207849448,0.570704453625329,0.569044424968192
0.393,0.587445633473701,0.571175694349538,0.569511701402448
0.3935,0.588262676782656,0.571707870514877,0.570035888882321
0.394,0.588262676782656,0.572112193207294,0.570524022145379
0.3945,0.588262676782656,0.572592941236951,0.570947140843657
0.395,0.588262676782656,0.573005687568901,0.571450267660243
0.3955,0.588262676782656,0.573477940866036,0.571936380010351
0.396,0.588262676782656,0.57399684695741,0.572357575443725
0.3965,0.588262676782656,0.574492035833641,0.572798332951799
0.397,0.588262676782656,0.574982911089779,0.57324297843149
0.3975,0.588262676782656,0.575447349568753,0.573765049013856
0.398,0.588262676782656,0.575860755832186,0.574198624811395
0.3985,0.588262676782656,0.576336079518147,0.574687039670061
0.399,0.588262676782656,0.576837981962976,0.575145731058295
0.3995,0.588262676782656,0.577331064342885,0.575626420012226
0.4,0.588262676782656,0.577896116697943,0.576070151011386
0.4005,0.588262676782656,0.578421728038007,0.576495349770144
0.401,0.588262676782656,0.578808526790484,0.577086783007481
0.4015,0.588262676782656,0.579303998972873,0.577584861348026
0.402,0.589490409776171,0.579787623646354,0.578104719841083
0.4025,0.590407328332785,0.580251373109526,0.578644445063109
0.403,0.591539125787249,0.580655337707733,0.579088881025978
0.4035,0.592602316809613,0.581141700444356,0.579577922457187
0.404,0.592955497968655,0.581556853403675,0.580016869400481
0.4045,0.59496112191732,0.581977425961417,0.580462165000059
0.405,0.596140317696628,0.582502114953359,0.580930286674468
0.4055,0.597980360751938,0.583052569903929,0.581351792709512
0.406,0.599117985278216,0.583539946276589,0.581776361755579
0.4065,0.599336628080891,0.583989146651485,0.58217043468698
0.407,0.599336628080891,0.584505772478427,0.582682627638806
0.4075,0.599336628080891,0.585049789301814,0.583235889897657
0.408,0.599336628080891,0.585467961060116,0.583725472490999
0.4085,0.599336628080891,0.585916977747768,0.584141682095108
0.409,0.599336628080891,0.586439712344468,0.584662472873057
0.4095,0.599336628080891,0.586938560502754,0.585124327343589
0.41,0.599336628080891,0.587397087835386,0.585609312082904
0.4105,0.599336628080891,0.587934769494885,0.586167708474436
0.411,0.599336628080891,0.588508538682209,0.586551672634598
0.4115,0.599336628080891,0.588917192114917,0.587074682662562
0.412,0.599336628080891,0.589406599868385,0.587619847083436
0.4125,0.599336628080891,0.589907949719192,0.588081130435397
0.413,0.599336628080891,0.59037776558703,0.58864285982823
0.4135,0.599336628080891,0.590833437568615,0.589091916614971
0.414,0.599336628080891,0.591265361626117,0.589581357868175
0.4145,0.599336628080891,0.591797930535967,0.590043228730552
0.415,0.599336628080891,0.592214992791103,0.590538128855644
0.4155,0.599336628080891,0.592624650550766,0.591043383728782
0.416,0.599336628080891,0.593111146856867,0.591564340651982
0.4165,0.599336628080891,0.593538054247682,0.59199658933955
0.417,0.599336628080891,0.594018469683906,0.592365648680826
0.4175,0.599336628080891,0.594459192321637,0.592859138188492
0.418,0.599336628080891,0.594931668364363,0.593273787477973
0.4185,0.599336628080891,0.595428038053556,0.59372751237699
0.419,0.599336628080891,0.595887104715108,0.594214287167862
0.4195,0.600252682890545,0.596372606880633,0.594671119985
0.42,0.601498207736435,0.596832120819376,0.595079996349023
0.4205,0.60294988432352,0.597281395470298,0.595580497811871
0.421,0.60557356711488,0.597776706276583,0.595976380270301
0.4215,0.60577039184402,0.598203407689523,0.596454790905782
0.422,0.606596232188206,0.598640655445805,0.596929518212778
0.4225,0.607575106418608,0.59914997709894,0.597430201117205
0.423,0.608593893888234,0.599677509554559,0.597876527779611
0.4235,0.609976363530355,0.600134033586478,0.598364918625238
0.424,0.609976363530355,0.600618585503021,0.598791292550635
0.4245,0.609976363530355,0.601024781030016,0.599265729274183
0.425,0.609976363530355,0.601527166762359,0.599825745161832
0.4255,0.609976363530355,0.602049729923123,0.60028350242649
0.426,0.609976363530355,0.602620823148157,0.600831425840165
0.4265,0.610306375211086,0.603075139842913,0.601195142245225
0.427,0.61163046938606,0.603542753929198,0.601663560524406
0.4275,0.614231499009396,0.603933655609544,0.602158733351811
0.428,0.615348451516724,0.604357754784049,0.602713666585757
0.4285,0.615961520055322,0.60471076872754,0.603188907448925
0.429,0.617698063166647,0.605126131227502,0.603616324950023
0.4295,0.618599939492794,0.605634105700895,0.604040933555545
0.43,0.620214653903714,0.606134972377269,0.604453146026623
0.4305,0.620214653903714,0.606553860527201,0.604877210388381
0.431,0.620214653903714,0.607018201057041,0.605309043867553
0.4315,0.620214653903714,0.607450514487406,0.605820725078709
0.432,0.620214653903714,0.607922503173217,0.606215194840232
0.4325,0.620214653903714,0.608433653390504,0.606668974591561
0.433,0.620214653903714,0.608946626499421,0.607135695656392
0.4335,0.621427858063632,0.60946049886046,0.607570866191724
0.434,0.622401109204617,0.609909471557913,0.608000723629383
0.4345,0.623020168889689,0.61032347723953,0.60846373828729
0.435,0.623909498895652,0.610726488845548,0.608924171139832
0.4355,0.624926945683672,0.611185132239918,0.60941729536995
0.436,0.62600939258606,0.611585478973145,0.609921385419612
0.4365,0.627917345549902,0.61198854692012,0.610358546025281
0.437,0.630080694611304,0.612416645955859,0.610724187438508
0.4375,0.630080694611304,0.612849384622164,0.611212170631032
0.438,0.630080694611304,0.613270740528226,0.611624411379168
0.4385,0.630080694611304,0.61373011886425,0.612032607402826
0.439,0.630080694611304,0.614201086105342,0.612472707814406
0.4395,0.630080694611304,0.614654780440976,0.612886503163106
0.44,0.630874017478541,0.615164639072674,0.613376604116588
0.4405,0.631872735932927,0.615555249873924,0.613892608623818
0.441,0.632940889936798,0.615951571469523,0.614400420359989
0.4415,0.634370708133299,0.616423907225754,0.614827930834257
0.442,0.635258430635196,0.616869311098873,0.615326984348582
0.4425,0.636740921768582,0.617262255916372,0.615678171489782
0.443,0.637723153623915,0.617736816412942,0.616041509415452
0.4435,0.638842184013934,0.618172092003928,0.61649627606101
0.444,0.639600607607771,0.618624629476238,0.616982505706758
0.4445,0.639600607607771,0.619023059892975,0.61736790585022
0.445,0.639600607607771,0.619470362723012,0.617850040740419
0.4455,0.639600607607771,0.619888828820461,0.618298055324827
0.446,0.639974544822989,0.62024563094042,0.618686418911612
0.4465,0.641013191615361,0.620749932097521,0.619047580644096
0.447,0.643009382258188,0.621138811282501,0.619467404697354
0.4475,0.644961423363494,0.621622501471528,0.619882544042336
0.448,0.64664672865054,0.622027275581711,0.620253235718477
0.4485,0.647937641992878,0.622378714241874,0.620750828632723
0.449,0.648797858205049,0.62282396274617,0.621171774066718
0.4495,0.648797858205049,0.623253397747494,0.621677665389294
0.45,0.648797858205049,0.623716765380734,0.622079471376772
0.4505,0.648797858205049,0.624232451476079,0.622517427604061
0.451,0.648797858205049,0.624588282502451,0.622884372452823
0.4515,0.648797858205049,0.625020838695729,0.623354682410559
0.452,0.648797858205049,0.625579083963649,0.623841595428025
0.4525,0.648797858205049,0.625961177337963,0.624304913565138
0.453,0.648797858205049,0.626323961021806,0.624650052224878
0.4535,0.648797858205049,0.626785177539832,0.625129906260689
0.454,0.648797858205049,0.627193584583241,0.625673552830342
0.4545,0.648797858205049,0.627590326270587,0.626021208174258
0.455,0.648797858205049,0.627997850606247,0.626411444300287
0.4555,0.648797858205049,0.628364015041565,0.626889937821271
0.456,0.648797858205049,0.628826165805017,0.62726529504122
0.4565,0.648797858205049,0.629221343570917,0.627671982070607
0.457,0.648797858205049,0.629646645929993,0.628094487096686
0.4575,0.648797858205049,0.630015751523479,0.628477344428042
0.458,0.648797858205049,0.630519249987443,0.628931908840145
0.4585,0.648797858205049,0.630959771466771,0.629339226713349
0.459,0.648797858205049,0.631321392896195,0.629748975816685
0.4595,0.648797858205049,0.631785464925217,0.630131351150386
0.46,0.648797858205049,0.632260763206201,0.630632417925618
0.4605,0.648797858205049,0.632707501246504,0.631028296512142
0.461,0.648797858205049,0.633160570958719,0.631406173385262
0.4615,0.648797858205049,0.63355091352065,0.631815114063884
0.462,0.648797858205049,0.633959807245053,0.63224746597969
0.4625,0.648797858205049,0.634340565028698,0.632646151842535
0.463,0.648797858205049,0.634698674213886,0.633088990834171
0.4635,0.648797858205049,0.635100254210208,0.633465619478019
0.464,0.648797858205049,0.635545727866586,0.63383749961025
0.4645,0.648797858205049,0.636004458972067,0.634252594946089
0.465,0.648797858205049,0.636402330911264,0.634584363515212
0.4655,0.648797858205049,0.636792756021503,0.635014857403033
0.466,0.648797858205049,0.637193413757107,0.635444948404038
0.4665,0.648797858205049,0.637576092810819,0.635897004609641
0.467,0.648797858205049,0.638080768651682,0.636328332014989
0.4675,0.648797858205049,0.638488167383071,0.636753124756892
0.468,0.648797858205049,0.638887381317332,0.637179098758582
0.4685,0.648797858205049,0.639331645206427,0.637591830271083
0.469,0.648797858205049,0.639782023802373,0.638066422968564
0.4695,0.648797858205049,0.640180580610284,0.63854325225999
0.47,0.648797858205049,0.640561457384703,0.638916377777957
0.4705,0.648797858205049,0.641056275393163,0.639328370393814
0.471,0.648797858205049,0.641495895446659,0.639783776745495
0.4715,0.648797858205049,0.641929288940775,0.64021015628877
0.472,0.648797858205049,0.642316381003655,0.640561121241357
0.4725,0.648797858205049,0.642668612264756,0.641038169594349
0.473,0.648797858205049,0.643083155938039,0.641498097202794
0.4735,0.648797858205049,0.643501863179639,0.64191666185486
0.474,0.648797858205049,0.643955598150689,0.642330451491872
0.4745,0.648797858205049,0.644306758725248,0.642725893064399
0.475,0.648797858205049,0.644738243459148,0.643085224749621
0.4755,0.648797858205049,0.645207699368488,0.643585724590028
0.476,0.648797858205049,0.645687596649517,0.644002762671448
0.4765,0.648797858205049,0.646093926589979,0.644353134136292
0.477,0.648797858205049,0.646487711252914,0.644783800980654
0.4775,0.648797858205049,0.646886767410944,0.645213424610317
0.478,0.648797858205049,0.647343509847833,0.645677752929287
0.4785,0.648797858205049,0.647783203553089,0.646057616368655
0.479,0.648797858205049,0.648197094673523,0.646471788614086
0.4795,0.648797858205049,0.648623846402162,0.646869422280542
0.48,0.648797858205049,0.649016700513167,0.647347090567868
0.4805,0.648797858205049,0.649473969909955,0.647761602648994
0.481,0.648797858205049,0.649932054556883,0.648198279958386
0.4815,0.648797858205049,0.650384939117665,0.64856585849876
0.482,0.648797858205049,0.650814850391833,0.648975628121325
0.4825,0.648797858205049,0.651174614303421,0.649378313829091
0.483,0.648797858205049,0.651575707135746,0.64980349784479
0.4835,0.648797858205049,0.651967443757549,0.650184515317362
0.484,0.648797858205049,0.652435026822085,0.650544757458227
0.4845,0.648797858205049,0.652854579100578,0.650983747087725
0.485,0.648797858205049,0.653222680704068,0.651346321650432
0.4855,0.648797858205049,0.653656015066084,0.651724785101814
0.486,0.648797858205049,0.654064249353361,0.652119058321014
0.4865,0.648797858205049,0.65455693614258,0.652563015493075
0.487,0.648797858205049,0.654901492530868,0.652959196454615
0.4875,0.648797858205049,0.6553266357887,0.653349530067697
0.488,0.648797858205049,0.655663412772799,0.653754067906793
0.4885,0.648797858205049,0.655981830858418,0.654143561326226
0.489,0.648797858205049,0.656460198914156,0.654591174959012
0.4895,0.648797858205049,0.656778957787643,0.654979013266647
0.49,0.64930225958907,0.657191106008819,0.655361916995646
0.4905,0.652038384990909,0.65754254709066,0.655726376071021
0.491,0.653282178526071,0.657978474069352,0.656050441413423
0.4915,0.655019360074174,0.658387480831604,0.656533391218769
0.492,0.657343316440245,0.658789043855156,0.656853908462691
0.4925,0.657693603537611,0.659194776093237,0.657234898464699
0.493,0.657693603537611,0.659588678515901,0.657670302243264
0.4935,0.658550278268714,0.660013711716874,0.658031859427052
0.494,0.659438289012996,0.660411309859978,0.658424206465071
0.4945,0.660211287145008,0.660838870547596,0.658830453945203
0.495,0.6617163253066,0.661220372972949,0.659256096941156
0.4955,0.662412356758884,0.661597138167247,0.659709885892354
0.496,0.663056866519181,0.661967849932615,0.660121051350156
0.4965,0.665235784341992,0.662365667816855,0.660512062403026
0.497,0.666306985702979,0.662800403854054,0.660891246710761
0.4975,0.666306985702979,0.663181014301391,0.661333631902449
0.498,0.666306985702979,0.663526560429594,0.661689788967703
0.4985,0.666306985702979,0.663893259299967,0.662110635901638
0.499,0.666306985702979,0.664332009511585,0.662556098438589
0.4995,0.666306985702979,0.664774340907439,0.662978426782405
0.5,0.666306985702979,0.665241808849956,0.663334586669198
0.5005,0.666306985702979,0.665708735719348,0.663730431546355
0.501,0.666306985702979,0.666095468708273,0.66411369453939
0.5015,0.666306985702979,0.666461538532509,0.664575336300208
0.502,0.667433600819914,0.666907391326254,0.665048195652779
0.5025,0.668053795813577,0.667407955854973,0.665508867775119
0.503,0.669209157145998,0.667831937229793,0.665885190312975
0.5035,0.670941826201163,0.66828497866774,0.666298815984397
0.504,0.673349986738111,0.668719420984048,0.666759997989365
0.5045,0.673780249437877,0.66912006540978,0.667209878388214
0.505,0.674630026966417,0.669537509077502,0.667685026581952
0.5055,0.674655379794383,0.669986268162023,0.668079881680572
0.506,0.674655379794383,0.670406217147002,0.668471923075509
0.5065,0.674655379794383,0.670803465177939,0.668918667883733
0.507,0.674655379794383,0.671174686938181,0.669375350175908
0.5075,0.675195382040445,0.671474579479057,0.66976299458325
0.508,0.676559714699364,0.671888761266882,0.670186305326178
0.5085,0.677912079718643,0.672306246268432,0.670552908900576
0.509,0.678735205442468,0.672720133237813,0.670962597108569
0.5095,0.678942785282886,0.673157695715728,0.67129256938963
0.51,0.679543861854286,0.673530918243186,0.671642329314341
0.5105,0.679543861854286,0.673894731154302,0.672069357819391
0.511,0.679543861854286,0.674248723589465,0.672537381790254
0.5115,0.679976554895353,0.67462977688145,0.672953720116237
0.512,0.68158066349983,0.675012611390677,0.673365529008122
0.5125,0.682754604906798,0.675458074028839,0.673704771797995
0.513,0.682754604906798,0.675773288558468,0.674078172690166
0.5135,0.682754604906798,0.676145354109216,0.674466582914894
0.514,0.684402871722262,0.67661138301842,0.674834269643064
0.5145,0.685889280440625,0.677068556967995,0.675260117999504
0.515,0.686097315662771,0.677465374938433,0.675633867223681
0.5155,0.687217708089246,0.677879578501271,0.675992106975747
0.516,0.687612435663453,0.678255277470732,0.676436369657575
0.5165,0.688611373016485,0.67861487009341,0.676888207444655
0.517,0.689173934772876,0.679071730916627,0.677299451279443
0.5175,0.689844686367855,0.679402657452261,0.677643674971937
0.518,0.690619104557388,0.679798084418337,0.678088382191851
0.5185,0.690619104557388,0.680223497116194,0.67840023855105
0.519,0.690619104557388,0.680601999719191,0.678831652151224
0.5195,0.690619104557388,0.681017450893024,0.679225626188517
0.52,0.690619104557388,0.681527854258774,0.679570728149721
0.5205,0.690619104557388,0.681880741735598,0.67998360276199
0.521,0.690619104557388,0.682329069570908,0.680422674408108
0.5215,0.690619104557388,0.682760828989651,0.680788704803214
0.522,0.690619104557388,0.683163697185508,0.681189581784688
0.5225,0.690619104557388,0.683495393779672,0.681586544892823
0.523,0.690619104557388,0.683941751948006,0.682022579232716
0.5235,0.690619104557388,0.684312214897691,0.682431171607364
0.524,0.690619104557388,0.684760271779329,0.682855325297884
0.5245,0.690619104557388,0.685136557081353,0.683191541652861
0.525,0.690619104557388,0.685523763914061,0.683567868439258
0.5255,0.690619104557388,0.68593336100558,0.683965173124
0.526,0.690619104557388,0.686344557544898,0.684326564519326
0.5265,0.690619104557388,0.686850083168672,0.684787013705751
0.527,0.690619104557388,0.687274458615772,0.685185873695665
0.5275,0.690619104557388,0.687684677261464,0.685650166735934
0.528,0.690994620692946,0.688073536141372,0.686036820583493
0.5285,0.692046432262365,0.688413992901928,0.686456984664331
0.529,0.693864343078941,0.688781404188503,0.686928224877686
0.5295,0.695482459242923,0.689241380002105,0.687357992296382
0.53,0.69701155015325,0.689625575623939,0.687770704834147
0.5305,0.697953497296351,0.689982825846921,0.688177330264254
0.531,0.698262101690902,0.690320787763444,0.688506434551335
0.5315,0.698262101690902,0.690778684500556,0.688968414669432
0.532,0.698262101690902,0.691149750826902,0.689372235371712
0.5325,0.698262101690902,0.691529635753802,0.68970138900374
0.533,0.698262101690902,0.691992898106928,0.69005241530492
0.5335,0.698262101690902,0.692412987225041,0.690448752098971
0.534,0.698262101690902,0.69280002051584,0.690870526062397
0.5345,0.699158581057453,0.693226526197062,0.691235940160978
0.535,0.700427058268016,0.693599306538063,0.691737106673063
0.5355,0.701260032105623,0.694017475364137,0.692171635762538
0.536,0.701260032105623,0.694407759772045,0.692483201639026
0.5365,0.70310182482292,0.69477416835926,0.692883915879751
0.537,0.704030122140485,0.695210986226215,0.69331888956571
0.5375,0.705140623827104,0.695576880667578,0.693736025846406
0.538,0.705695732448699,0.69606152019133,0.694083239942668
0.5385,0.705695732448699,0.696399921118465,0.694456186795918
0.539,0.706031326758823,0.696777561346321,0.694816189484922
0.5395,0.706970484846896,0.697196708237927,0.695230660315591
0.54,0.708903112033694,0.697555299348372,0.69561306555408
0.5405,0.7093885528218,0.697975210399199,0.696035620570884
0.541,0.712077024414595,0.698321185232871,0.696381671546052
0.5415,0.712929197871702,0.698717815651004,0.696771957942688
0.542,0.712931162099861,0.699160995514361,0.697197793075639
0.5425,0.712931162099861,0.699553493548555,0.697555062907275
0.543,0.712931162099861,0.700019448687665,0.697956489207381
0.5435,0.71323568154023,0.700431251706788,0.698306872278346
0.544,0.71468095258601,0.700777783641719,0.698732228028654
0.5445,0.714909634920471,0.701157373717985,0.699154904377473
0.545,0.71577217093987,0.701617123256614,0.69960526292282
0.5455,0.71577217093987,0.701996167294957,0.700010792682493
0.546,0.71577217093987,0.702393428030669,0.700429666227675
0.5465,0.717386204615199,0.70273426383164,0.700810945372619
0.547,0.719004054664279,0.703126521737227,0.701166768759186
0.5475,0.719928803246839,0.703521285410999,0.701604345115728
0.548,0.719978685914774,0.703929013984562,0.702019365974193
0.5485,0.720586992235259,0.70436784450352,0.70237731228046
0.549,0.721366492012549,0.704699068382876,0.70274973918731
0.5495,0.72184678911188,0.705072595664499,0.703110747981353
0.55,0.72349220965034,0.705442254000462,0.703528885923734
0.5505,0.725052591689793,0.705849803387085,0.703909567163723
0.551,0.725574721766187,0.706227782526912,0.704329372726886
0.5515,0.726847817268774,0.70660055643936,0.704669770793631
0.552,0.726847817268774,0.707092890031816,0.705035253564054
0.5525,0.726847817268774,0.707471784015456,0.705460600649639
0.553,0.726847817268774,0.707883524552666,0.705900402139989
0.5535,0.726847817268774,0.708290568552976,0.706276440640899
0.554,0.726847817268774,0.708658872139296,0.706628058780775
0.5545,0.726847817268774,0.708975134330875,0.707067908682002
0.555,0.726847817268774,0.709379003872747,0.707451923426774
0.5555,0.726847817268774,0.709765299528688,0.707866686031783
0.556,0.726847817268774,0.710210107548826,0.708241198627129
0.5565,0.726847817268774,0.71060013370281,0.708618219041152
0.557,0.726847817268774,0.710900517469995,0.708965354235679
0.5575,0.726847817268774,0.711237696495959,0.709443916736015
0.558,0.726847817268774,0.711599630179821,0.709816504767119
0.5585,0.726847817268774,0.712062261737629,0.710261038733144
0.559,0.726847817268774,0.712434987382387,0.710677649266252
0.5595,0.726847817268774,0.712828247767073,0.710985189116261
0.56,0.726847817268774,0.713243877568868,0.711319420273023
0.5605,0.726847817268774,0.713509194993989,0.711648571668877
0.561,0.726847817268774,0.713871382122428,0.712109015474119
0.5615,0.726847817268774,0.714232970007831,0.712517075393072
0.562,0.726847817268774,0.71452498501074,0.712986315306879
0.5625,0.726847817268774,0.715013779048554,0.713331633023074
0.563,0.726847817268774,0.715391073169873,0.713643651285116
0.5635,0.726847817268774,0.715842522349428,0.714050991565077
0.564,0.726847817268774,0.716261477344818,0.714390414111781
0.5645,0.726847817268774,0.716679291343756,0.714731009596979
0.565,0.726847817268774,0.716978650622364,0.715222496252736
0.5655,0.726847817268774,0.717336584004174,0.71562490650343
0.566,0.726847817268774,0.7177638410279,0.716035301126414
0.5665,0.726847817268774,0.718160047163064,0.716492639775582
0.567,0.726847817268774,0.718545510356868,0.716828511697448
0.5675,0.726847817268774,0.718904508790302,0.717186748450289
0.568,0.726847817268774,0.719254679528785,0.71750132480922
0.5685,0.726847817268774,0.719591993979338,0.717890760321199
0.569,0.726847817268774,0.71997797022706,0.718291672534534
0.5695,0.726847817268774,0.720356777792976,0.71873225231895
0.57,0.726847817268774,0.720713407272025,0.719063655042107
0.5705,0.726847817268774,0.721161294221044,0.719421174759925
0.571,0.726847817268774,0.721466992010588,0.719859301861028
0.5715,0.726847817268774,0.721854645305201,0.720249948908814
0.572,0.726847817268774,0.722243057921458,0.720607189769616
0.5725,0.726847817268774,0.722556551059331,0.72100005776708
0.573,0.726847817268774,0.722886384667743,0.721362230677254
0.5735,0.726847817268774,0.723291917107785,0.721742362640037
0.574,0.726847817268774,0.72358991056929,0.722096488867333
0.5745,0.726847817268774,0.723915135305226,0.722455232338358
0.575,0.726847817268774,0.724221864860265,0.722783966665386
0.5755,0.726847817268774,0.724585206126643,0.723204048742379
0.576,0.726847817268774,0.724935725945502,0.723516788326712
0.5765,0.726847817268774,0.725314502890578,0.723857650330641
0.577,0.726847817268774,0.725675911457548,0.724177191190566
0.5775,0.726847817268774,0.726100728275804,0.724530184069664
0.578,0.726847817268774,0.726441600226839,0.724921717483351
0.5785,0.726847817268774,0.726856359983843,0.7252433208787
0.579,0.726847817268774,0.727333360334975,0.725660238258214
0.5795,0.726847817268774,0.727657924577665,0.726069686690525
0.58,0.726847817268774,0.72798902079926,0.726412187119966
0.5805,0.72819331693646,0.728408591903426,0.726801059911564
0.581,0.729387284177239,0.728783851821746,0.727203030326217
0.5815,0.730323570153254,0.729241148230232,0.727567318818599
0.582,0.7323091828951,0.72968915075174,0.727944479703832
0.5825,0.733214590509478,0.730145723971205,0.728305794174555
0.583,0.733547364867927,0.730495163712518,0.728683095445997
0.5835,0.733547364867927,0.730857232750322,0.729150580763378
0.584,0.735413923716045,0.731333649841805,0.729622142287102
0.5845,0.738141789105414,0.731790532454321,0.730069600643946
0.585,0.739768572003761,0.7321903824817,0.730469398276261
0.5855,0.740085500669882,0.732568558878378,0.730794183699133
0.586,0.740085500669882,0.732956651356892,0.73120385088408
0.5865,0.740085500669882,0.733298406859161,0.73163665695667
0.587,0.740085500669882,0.733697520822575,0.732089170551468
0.5875,0.740085500669882,0.734082300372686,0.732443159867763
0.588,0.740085500669882,0.734410912539476,0.732851784769417
0.5885,0.740085500669882,0.734764728737753,0.733263494800329
0.589,0.741671519628079,0.735193620066122,0.733657656056673
0.5895,0.742026459971909,0.735605482112125,0.734088244548173
0.59,0.742900329485972,0.736013718096805,0.734432846982475
0.5905,0.743377444011599,0.736418666480676,0.734871069875304
0.591,0.744237385473246,0.736815750436162,0.735252820165263
0.5915,0.745072232106589,0.737257680820254,0.735711066512539
0.592,0.745725925045565,0.737570331504612,0.736105012457028
0.5925,0.746469819813544,0.737979643857567,0.736546415321661
0.593,0.746469819813544,0.738395515331627,0.7369531953476
0.5935,0.746469819813544,0.738808746246078,0.737386075634843
0.594,0.746723658793552,0.739124193961054,0.737735199326506
0.5945,0.747684243653109,0.739451393498118,0.738132364794176
0.595,0.747799970958279,0.739830811579478,0.738537485008256
0.5955,0.749817405754307,0.740183339726269,0.738905976410453
0.596,0.750672237869279,0.74048641487838,0.73927374968171
0.5965,0.750949461077744,0.740828114013716,0.73968662578899
0.597,0.752707393659945,0.741173632976736,0.740044401430298
0.5975,0.752707393659945,0.741572423238932,0.740375666056563
0.598,0.752742297163709,0.741891345253794,0.740677402272919
0.5985,0.75396095529964,0.742245438290617,0.741058078685378
0.599,0.755088240224604,0.742596766260387,0.741432971722225
0.5995,0.756503904862089,0.742925637694029,0.74175166613429
0.6,0.757313392167157,0.743269775852314,0.74209856333742
0.6005,0.758017272439295,0.743684226590474,0.742522856611448
0.601,0.758804816873193,0.744079564628534,0.742818450572651
0.6015,0.758804816873193,0.74446039776126,0.743153837340836
0.602,0.758804816873193,0.744828480952633,0.743531949262997
0.6025,0.758804816873193,0.745178871199071,0.743896957330643
0.603,0.758804816873193,0.745560207780559,0.744317016129971
0.6035,0.758804816873193,0.745945441545264,0.744659416551706
0.604,0.758804816873193,0.746345973557613,0.745027384883399
0.6045,0.758804816873193,0.746737545115522,0.745427033602297
0.605,0.758804816873193,0.747103384284443,0.745755785269113
0.6055,0.758804816873193,0.747518602632064,0.746112539133491
0.606,0.758804816873193,0.747906554164431,0.746525599470648
0.6065,0.758804816873193,0.748237091585206,0.74691212003331
0.607,0.758804816873193,0.748609471895061,0.747285593418306
0.6075,0.758804816873193,0.748990258188117,0.747633887296337
0.608,0.758804816873193,0.749367868028559,0.747997893720068
0.6085,0.758804816873193,0.749752940041002,0.748395516727637
0.609,0.758804816873193,0.750075998659981,0.748751616903536
0.6095,0.758804816873193,0.750410992979886,0.749142768870994
0.61,0.758804816873193,0.750774627504583,0.749522720778472
0.6105,0.760008032725805,0.751143188024449,0.74990424882293
0.611,0.760503190523412,0.751517102960463,0.750235323802849
0.6115,0.761764044207047,0.751904929992242,0.750581624205714
0.612,0.762395799088384,0.752242158945625,0.750968400091448
0.6125,0.763478535658968,0.752552334633256,0.75131799939583
0.613,0.764333286467098,0.752964539934179,0.751700963969265
0.6135,0.764768249327518,0.753342236564846,0.752059120459665
0.614,0.764768249327518,0.753641584370276,0.752380385912554
0.6145,0.764768249327518,0.754021364456235,0.752675419796467
0.615,0.764768249327518,0.754390178236869,0.753068975806177
0.6155,0.766145457430272,0.754769802236416,0.753395747355671
0.616,0.768274588167081,0.755161933171083,0.753718216212976
0.6165,0.769407493904196,0.755510149899887,0.754107879667144
0.617,0.76944640681397,0.755856643557345,0.754502431651495
0.6175,0.769765326471229,0.75622341753848,0.754928214267336
0.618,0.77037915682561,0.756576896151945,0.755352124527486
0.6185,0.770603453508045,0.756944544730814,0.755649890226297
0.619,0.771445800999093,0.757235340718199,0.756015762076548
0.6195,0.772304676839768,0.757639632974988,0.756342022442058
0.62,0.77351462613637,0.757983342164848,0.756700769994703
0.6205,0.774474553011706,0.758323819670353,0.757063694719871
0.621,0.775791789359264,0.758659408388992,0.757354119270223
0.6215,0.776315827974546,0.759064115679447,0.757741700563001
0.622,0.776315827974546,0.759386830399556,0.758108660810558
0.6225,0.776315827974546,0.75981360527784,0.758414903179966
0.623,0.776315827974546,0.760109033331684,0.758753418751118
0.6235,0.776315827974546,0.760468786076268,0.759129427108742
0.624,0.776315827974546,0.7608572469676,0.759412242245714
0.6245,0.776315827974546,0.761176857935773,0.759852248671825
0.625,0.776315827974546,0.761614036710731,0.760188459121133
0.6255,0.776315827974546,0.762012109175032,0.760511982937465
0.626,0.776315827974546,0.762438436426408,0.760858707922641
0.6265,0.776315827974546,0.762767269967764,0.761194617929921
0.627,0.776315827974546,0.763163176827999,0.761568706371299
0.6275,0.776315827974546,0.763510509342986,0.761991186427633
0.628,0.778029568433091,0.76388091738993,0.762378501878784
0.6285,0.778803160236765,0.764301390267436,0.762719629491212
0.629,0.779651786103583,0.764695952881893,0.763111683687514
0.6295,0.779927950313369,0.765097169779636,0.763462480666208
0.63,0.780186547751831,0.765465877375478,0.763824373658229
0.6305,0.780745770711167,0.765823122470081,0.764187318031614
0.631,0.781861796135237,0.766139283601762,0.764584402083876
0.6315,0.781910437375266,0.766429707466939,0.764969475038618
0.632,0.781910437375266,0.766769103959819,0.765343978756134
0.6325,0.782476727322427,0.767146558735444,0.765702571757384
0.633,0.785190398805554,0.767476272925005,0.766070314017804
0.6335,0.785868318372237,0.767890752711901,0.766360801049876
0.634,0.786586798083917,0.768233556740624,0.766697219233164
0.6345,0.787392039429005,0.768635847916781,0.767077232722961
0.635,0.787392039429005,0.769008133501302,0.767465302411132
0.6355,0.787392039429005,0.769403822749721,0.767894831573523
0.636,0.787392039429005,0.769730968299713,0.768271672572967
0.6365,0.787392039429005,0.770066102132854,0.76866545117549
0.637,0.787392039429005,0.770443648348236,0.769003673886522
0.6375,0.787392039429005,0.77076365010511,0.76939136014649
0.638,0.787392039429005,0.771151121481953,0.769686846427548
0.6385,0.787392039429005,0.771426018853203,0.770029479126331
0.639,0.787392039429005,0.771787827414536,0.770386943685766
0.6395,0.787392039429005,0.772177595000829,0.770735838272154
0.64,0.787392039429005,0.77253609727733,0.771129695522545
0.6405,0.787392039429005,0.77293958469759,0.771428680953125
0.641,0.787392039429005,0.773380963880501,0.771789187080498
0.6415,0.787392039429005,0.77379728178269,0.772184831759572
0.642,0.787392039429005,0.774120801982516,0.772558897750964
0.6425,0.787392039429005,0.774457104766046,0.772947356098603
0.643,0.787392039429005,0.774818267029876,0.773425422141985
0.6435,0.787392039429005,0.775194314376138,0.773853251856793
0.644,0.787392039429005,0.775528590400947,0.774151628327383
0.6445,0.787392039429005,0.775843741615798,0.774499192686105
0.645,0.787392039429005,0.77622253238007,0.77485537948359
0.6455,0.787392039429005,0.776577559296706,0.775222136752077
0.646,0.787392039429005,0.776937039340855,0.775578667920741
0.6465,0.787392039429005,0.777253120785406,0.77591990345499
0.647,0.787392039429005,0.777662133512175,0.776372698262098
0.6475,0.787392039429005,0.778030779811397,0.776720787113397
0.648,0.787392039429005,0.778427583720135,0.777045689166433
0.6485,0.787392039429005,0.778839512955687,0.777401532793344
0.649,0.787392039429005,0.779274238575913,0.777780695279322
0.6495,0.787392039429005,0.779570463109087,0.778142809670677
0.65,0.787392039429005,0.779919595189581,0.778519902489693
0.6505,0.787392039429005,0.780323347652581,0.778925353498899
0.651,0.787392039429005,0.780693850038599,0.7793270699775
0.6515,0.787392039429005,0.781065069494874,0.779649241330862
0.652,0.787392039429005,0.78150019590894,0.780032153867525
0.6525,0.787392039429005,0.781870243473203,0.780424482386044
0.653,0.787392039429005,0.782322982327812,0.780777741146308
0.6535,0.787392039429005,0.78272642318196,0.781185547338363
0.654,0.787392039429005,0.783073240292142,0.78157674139701
0.6545,0.787392039429005,0.783368432424283,0.781944763771392
0.655,0.787392039429005,0.783741347744358,0.782419171416536
0.6555,0.787392039429005,0.784126114123737,0.782809819709839
0.656,0.787392039429005,0.784447216579267,0.783171844721724
0.6565,0.787392039429005,0.784806060742012,0.783539579541474
0.657,0.787392039429005,0.78515893254627,0.78392706900969
0.6575,0.787392039429005,0.785523601761239,0.784242207735089
0.658,0.787392039429005,0.785813758903933,0.784589642942109
0.6585,0.787392039429005,0.786148730333147,0.784931831095072
0.659,0.787392039429005,0.786502167415795,0.785363369956992
0.6595,0.787392039429005,0.786892557749378,0.785697791445366
0.66,0.787392039429005,0.787196602737448,0.786069325722469
0.6605,0.787392039429005,0.787582364588568,0.786419028958873
0.661,0.787392039429005,0.787998235250467,0.786796017194945
0.6615,0.787392039429005,0.788322660617445,0.787069506248364
0.662,0.787392039429005,0.788733186582735,0.787445220324364
0.6625,0.787392039429005,0.789033894578093,0.787799165385373
0.663,0.787392039429005,0.78947587602038,0.788215693841175
0.6635,0.787392039429005,0.789814717522555,0.788609374867232
0.664,0.787392039429005,0.79028055232774,0.78894645465334
0.6645,0.787392039429005,0.790623219847514,0.789297589246913
0.665,0.787392039429005,0.790969749499091,0.789628909250241
0.6655,0.787392039429005,0.791352550756551,0.790014064259836
0.666,0.787392039429005,0.791685980702636,0.790412492601604
0.6665,0.788150703755772,0.79199539118027,0.790758395238914
0.667,0.789769306313329,0.792326834764216,0.791121462329089
0.6675,0.791434270359857,0.792739320276037,0.791485946534624
0.668,0.792334829445466,0.793056251657752,0.791819006574156
0.6685,0.792765109235685,0.793468972379765,0.792098096087164
0.669,0.792765109235685,0.793816452980448,0.792461170811739
0.6695,0.793051979530383,0.794183975122853,0.792873247237593
0.67,0.793827074554833,0.794580072415944,0.793212829409639
0.6705,0.794356502914327,0.794944292533908,0.79361903558689
0.671,0.795234115988831,0.79533230544852,0.79395805448721
0.6715,0.795984403720011,0.795764982621045,0.794325626522273
0.672,0.798033861226659,0.796130654476257,0.794717655130039
0.6725,0.798033861226659,0.796420088390898,0.795074385550472
0.673,0.798033861226659,0.796761506920165,0.795428432235673
0.6735,0.798033861226659,0.797081177592471,0.7958348371861
0.674,0.798033861226659,0.797475237573824,0.796201916614278
0.6745,0.798033861226659,0.797843733061274,0.796513934539479
0.675,0.798033861226659,0.798203812843646,0.796882455012997
0.6755,0.798033861226659,0.798584322189091,0.797222961299422
0.676,0.798033861226659,0.798907643250365,0.79761823833634
0.6765,0.798728304739117,0.799272757621328,0.797946482279255
0.677,0.799668633038057,0.799676599832572,0.798343135029177
0.6775,0.800539200114625,0.800080082525313,0.798690931709794
0.678,0.800649485771287,0.800460759109637,0.798978137162682
0.6785,0.802176431889199,0.800823046624937,0.799346950853703
0.679,0.80233293753765,0.801168827784817,0.799776064537756
0.6795,0.80320226902451,0.801504809899504,0.800139848353349
0.68,0.80320226902451,0.801870342221023,0.800544187809882
0.6805,0.804468090728447,0.802281882163838,0.800886037000847
0.681,0.805750024227227,0.802644501973205,0.801204566737906
0.6815,0.806654045437822,0.803036573000442,0.801597802799231
0.682,0.807972432925565,0.803431664680366,0.801988212459576
0.6825,0.808274083446812,0.803793264967123,0.802345241099906
0.683,0.808274083446812,0.804178977401453,0.802669902563451
0.6835,0.808274083446812,0.804597143878838,0.803061410905287
0.684,0.808274083446812,0.80493583520697,0.803432936006542
0.6845,0.808274083446812,0.805347016708797,0.803742603113691
0.685,0.808274083446812,0.80576637727158,0.804125272976084
0.6855,0.808319845995288,0.806167133498154,0.80455427261962
0.686,0.810084445934913,0.806522236832593,0.804926686562131
0.6865,0.810550224224477,0.806867180188476,0.805298973841338
0.687,0.811272289868842,0.807208159974273,0.805752873776508
0.6875,0.813252848858161,0.807561794265068,0.806131043619838
0.688,0.813252848858161,0.807875944961527,0.806488610763426
0.6885,0.813252848858161,0.808266985448047,0.80682812699032
0.689,0.813252848858161,0.808656287255673,0.807180696156099
0.6895,0.813252848858161,0.809021150712048,0.807520834592743
0.69,0.813252848858161,0.809329631047402,0.807852861486166
0.6905,0.813252848858161,0.809714109693998,0.808233111099082
0.691,0.813252848858161,0.810059436270904,0.808596321193482
0.6915,0.813252848858161,0.810382728318682,0.808970356914497
0.692,0.814237734319464,0.810693830225658,0.809229480703916
0.6925,0.815556563894796,0.81103698874194,0.809576467883114
0.693,0.816610913461877,0.811378904549715,0.809971391909408
0.6935,0.817563256850482,0.811718590926709,0.810273074704781
0.694,0.818141918049088,0.812042215204331,0.810545928132379
0.6945,0.818141918049088,0.812440044541636,0.810890645820518
0.695,0.818141918049088,0.812859242752551,0.811274699750781
0.6955,0.818141918049088,0.813259399493341,0.811604242694178
0.696,0.818320129414954,0.813619613341442,0.81196090329337
0.6965,0.819006151104183,0.813951486607364,0.81240494523488
0.697,0.819350854755709,0.814307294799017,0.812785833238513
0.6975,0.81964663973283,0.814698529779433,0.813153837487347
0.698,0.820340914043256,0.815091385212248,0.813543577143018
0.6985,0.82187736550285,0.815433787854623,0.813903191182895
0.699,0.822310475053988,0.81579735221579,0.814249859375793
0.6995,0.822937205698969,0.816196978729491,0.814645855288299
0.7,0.823094958098579,0.816620266703673,0.815015738348227
0.7005,0.82389486036441,0.816886893861711,0.815345288534861
0.701,0.82389486036441,0.817191891821627,0.815741636362214
0.7015,0.825018895691563,0.817544004172954,0.816060125027995
0.702,0.825759497191764,0.817902325784989,0.816440677258478
0.7025,0.825785722506067,0.818267802376049,0.816767152859824
0.703,0.82631391833034,0.818615125062552,0.81711833096073
0.7035,0.827663501255355,0.819029419154665,0.817398446812231
0.704,0.827663501255355,0.819416556923661,0.817731070588108
0.7045,0.827663501255355,0.81979592323859,0.818098377613597
0.705,0.829379246811014,0.820267497429315,0.818461904823189
0.7055,0.830982778534137,0.820652671699042,0.818830668141611
0.706,0.83156473809418,0.821045784182986,0.819176922265976
0.7065,0.832301879265657,0.821433871469034,0.819579655505135
0.707,0.833281896515478,0.821770834568998,0.820007259410284
0.7075,0.833998183625707,0.822150187762226,0.820409288678247
0.708,0.835138362140943,0.822499215395945,0.820819839643275
0.7085,0.835956334635294,0.822839397114238,0.8211751561049
0.709,0.836838330415461,0.823242011169379,0.821558170279991
0.7095,0.836862310742941,0.823630915192268,0.821898353747862
0.71,0.836862310742941,0.823999092396879,0.822270119919879
0.7105,0.836862310742941,0.824271890954167,0.822579923011407
0.711,0.836862310742941,0.824655832632039,0.822959987286753
0.7115,0.836862310742941,0.825023562627789,0.823309906850486
0.712,0.836862310742941,0.82543297636353,0.823669443865473
0.7125,0.836862310742941,0.825802609880582,0.823991750489818
0.713,0.836862310742941,0.826125882193817,0.824256804759943
0.7135,0.836862310742941,0.826448936819718,0.824630765013213
0.714,0.836862310742941,0.826925103490647,0.82500485002536
0.7145,0.836862310742941,0.827334759893222,0.825341437799843
0.715,0.836862310742941,0.827748390729153,0.825757084430218
0.7155,0.836862310742941,0.828099879805097,0.826075914929215
0.716,0.836862310742941,0.828418932791717,0.826414370107789
0.7165,0.836862310742941,0.828736166358786,0.826831313319022
0.717,0.836862310742941,0.829003293407503,0.827284346539078
0.7175,0.836862310742941,0.829401256494028,0.827665568330013
0.718,0.836862310742941,0.82975545653364,0.827995558235853
0.7185,0.836862310742941,0.830161775739058,0.82839575856704
0.719,0.836862310742941,0.830487506370858,0.828719369451464
0.7195,0.836862310742941,0.830862961222817,0.829002247482276
0.72,0.836862310742941,0.831195964950069,0.829358249825855
0.7205,0.836862310742941,0.831592100056722,0.829735317636115
0.721,0.836862310742941,0.831971626145842,0.830177226916589
0.7215,0.836862310742941,0.83238692704259,0.830504596496503
0.722,0.836862310742941,0.83274862089158,0.830881349399759
0.7225,0.836862310742941,0.833121745976453,0.831221875760187
0.723,0.836862310742941,0.833445674582821,0.831643357161534
0.7235,0.836862310742941,0.833817996370704,0.832013468790585
0.724,0.836862310742941,0.834158878103324,0.832431542681915
0.7245,0.836862310742941,0.83445613175158,0.832833563291404
0.725,0.836862310742941,0.834786441100927,0.833206715003134
0.7255,0.836862310742941,0.835180423890467,0.83359362558791
0.726,0.836862310742941,0.835566245219343,0.833952661077454
0.7265,0.836862310742941,0.835971804584276,0.834274017987186
0.727,0.836862310742941,0.836287566120627,0.834575021055952
0.7275,0.836862310742941,0.836629210244611,0.834978575276918
0.728,0.836862310742941,0.836962267198327,0.835346992179839
0.7285,0.836862310742941,0.837329846875011,0.835751438883079
0.729,0.836862310742941,0.837727818074534,0.836155957871788
0.7295,0.836862310742941,0.838049956720111,0.836518149231653
0.73,0.836862310742941,0.83839351495798,0.836868602132639
0.7305,0.836862310742941,0.838694575065144,0.837221146997455
0.731,0.836862310742941,0.839085465984418,0.837577392161489
0.7315,0.836862310742941,0.839394257441241,0.83793514543298
0.732,0.836862310742941,0.839805235526355,0.83831802095879
0.7325,0.836862310742941,0.840200942329194,0.838638833036065
0.733,0.836862310742941,0.840585633162829,0.838966471540203
0.7335,0.836862310742941,0.840986065107287,0.839298292586825
0.734,0.836862310742941,0.841344938730773,0.839727740520969
0.7345,0.836862310742941,0.841744563366277,0.840070925104912
0.735,0.836862310742941,0.842165650611832,0.8404456767021
0.7355,0.836862310742941,0.84255640255186,0.840844289957603
0.736,0.836862310742941,0.84291960273681,0.841213212530924
0.7365,0.836862310742941,0.843250429060397,0.841595094412035
0.737,0.836862310742941,0.843724314117961,0.841994369563496
0.7375,0.836862310742941,0.844069909504172,0.842428157260011
0.738,0.836862310742941,0.844473993671896,0.842765543418834
0.7385,0.836862310742941,0.844822828310192,0.843179904216247
0.739,0.836862310742941,0.845196370106524,0.843527077856993
0.7395,0.836862310742941,0.84560645264377,0.843901677712267
0.74,0.836862310742941,0.845948402275383,0.844328646556055
0.7405,0.836862310742941,0.846362367112456,0.844663590850445
0.741,0.836862310742941,0.846763143147193,0.844970404499086
0.7415,0.836862310742941,0.847170456119874,0.84542090178877
0.742,0.836862310742941,0.847534897619291,0.845766378843138
0.7425,0.837898502977677,0.847883380544757,0.846159462155693
0.743,0.839354518455546,0.84829609644234,0.846541642427087
0.7435,0.840456270117079,0.848690841420225,0.846953612896252
0.744,0.841181237837953,0.849047087909936,0.847317035516803
0.7445,0.841347372185172,0.849395154961222,0.847660125461746
0.745,0.842216339014175,0.849757760309893,0.848072903931803
0.7455,0.845166958090381,0.850156409918423,0.848446368375124
0.746,0.845759514416569,0.850536456270563,0.848843749204855
0.7465,0.846231441924551,0.850893765204187,0.849236098630098
0.747,0.846925107608453,0.851268115117444,0.849577435725878
0.7475,0.847504480344855,0.851571716955469,0.850013445199442
0.748,0.847922184660641,0.851892020628511,0.85037229253687
0.7485,0.848681937159174,0.852295537239172,0.850784158611644
0.749,0.85010107063032,0.852694420006248,0.851114941485752
0.7495,0.85010107063032,0.853025022135589,0.851497539695718
0.75,0.85028757706411,0.853403775552143,0.851815732737241
0.7505,0.852265400436647,0.853738946641509,0.852217287405043
0.751,0.853442082637757,0.854125291724753,0.852609995381657
0.7515,0.85394995962936,0.854586587371659,0.852955372398116
0.752,0.854374263798043,0.854965376725624,0.853332799631881
0.7525,0.854374263798043,0.855386182240024,0.853697675025447
0.753,0.854374263798043,0.855775775383292,0.854081361498393
0.7535,0.855807923847885,0.856194321457027,0.854579843313817
0.754,0.856554765703285,0.856610524130252,0.854936139460841
0.7545,0.857999124803296,0.8569810417691,0.855331542767318
0.755,0.858581213504869,0.857441259033542,0.855727538386533
0.7555,0.858581213504869,0.857845313495912,0.856099786098352
0.756,0.858581213504869,0.858197559970023,0.856468952805354
0.7565,0.858581213504869,0.858549418731816,0.856835527157892
0.757,0.858581213504869,0.858895457572665,0.857258513957402
0.7575,0.858581213504869,0.859350645148752,0.857649526036493
0.758,0.858581213504869,0.85977777052617,0.858017018232021
0.7585,0.858581213504869,0.860129979833931,0.858397020269361
0.759,0.858581213504869,0.860497831347501,0.858744090494499
0.7595,0.85865503421998,0.86084892667293,0.859126160567451
0.76,0.859181670993289,0.861226868260937,0.859575018507836
0.7605,0.86089698811906,0.861636626029294,0.859976010475968
0.761,0.862069667650158,0.862004372012172,0.86034966265659
0.7615,0.862487022165258,0.86239967947934,0.860676098980344
0.762,0.862723942262797,0.862705717962166,0.861039751980304
0.7625,0.863221975681303,0.86316181825389,0.861467181797418
0.763,0.863814418478179,0.863534946082682,0.861876708415522
0.7635,0.864771830723392,0.863906310715728,0.862287536653857
0.764,0.865596433367651,0.864216330955208,0.862633908233039
0.7645,0.866804381349367,0.864703597918801,0.863031580701519
0.765,0.866804381349367,0.865159973294921,0.863436926710067
0.7655,0.866804381349367,0.865516090234939,0.863828292802364
0.766,0.867637112692198,0.865916225342868,0.864167344404541
0.7665,0.868821822181878,0.86627048963767,0.864587757790671
0.767,0.86922090760659,0.866711819607732,0.865018598194827
0.7675,0.870824376213852,0.867106361847094,0.865369550123601
0.768,0.870824376213852,0.867563817213996,0.865717685439328
0.7685,0.870824376213852,0.867992538928769,0.86609714808312
0.769,0.870912615004874,0.868360697794571,0.866479308311458
0.7695,0.871103558285215,0.86876119770884,0.866904057274307
0.77,0.872415847662264,0.869092815627309,0.867283903656824
0.7705,0.873512128077957,0.869438128075227,0.867718348112517
0.771,0.874664909861152,0.869813530376127,0.868151081744468
0.7715,0.874785691488859,0.870228754254739,0.86850911228925
0.772,0.876988909978653,0.870540916866865,0.868828926032946
0.7725,0.878155663890501,0.870921317312801,0.869180193706037
0.773,0.878690015641386,0.871278912611861,0.869526558928492
0.7735,0.878690015641386,0.871689539191622,0.8698889275273
0.774,0.878690015641386,0.872028484501125,0.870294901343602
0.7745,0.878690015641386,0.872439808986763,0.870634960177647
0.775,0.878690015641386,0.872853599794992,0.871018992938481
0.7755,0.878690015641386,0.873224377235604,0.871372868115219
0.776,0.878690015641386,0.873618341003329,0.871752416387943
0.7765,0.878690015641386,0.874001095817924,0.872136959085167
0.777,0.878690015641386,0.874390633462403,0.872544099320325
0.7775,0.878690015641386,0.874778666071958,0.872960153759773
0.778,0.878690015641386,0.875192022211167,0.873303880708604
0.7785,0.878690015641386,0.875622266590277,0.873669367264223
0.779,0.878690015641386,0.87599063852745,0.874060546195463
0.7795,0.878690015641386,0.876422603227405,0.874508531144529
0.78,0.878690015641386,0.876899884958901,0.874852787055304
0.7805,0.878690015641386,0.877347067843568,0.875241659624074
0.781,0.878690015641386,0.877766195250868,0.875654755458229
0.7815,0.878690015641386,0.878140151471673,0.876010018469055
0.782,0.878690015641386,0.878545662507959,0.8764463186783
0.7825,0.878690015641386,0.878896552244218,0.876911884103488
0.783,0.878690015641386,0.879266029881441,0.877347070422689
0.7835,0.878690015641386,0.879740508375758,0.877767039945237
0.784,0.878690015641386,0.880057750443616,0.878143443446806
0.7845,0.878690015641386,0.880517547352386,0.878539850062221
0.785,0.878690015641386,0.880821843552724,0.878907415339419
0.7855,0.878690015641386,0.88115617949872,0.879284220562268
0.786,0.878690015641386,0.881553571663507,0.879731862928575
0.7865,0.878690015641386,0.881994480560029,0.880061039611131
0.787,0.878690015641386,0.882330704075854,0.880488994357953
0.7875,0.878690015641386,0.882769863724603,0.880812425064382
0.788,0.878690015641386,0.883174037408409,0.881150254254928
0.7885,0.878690015641386,0.883633247893049,0.881540606335134
0.789,0.878690015641386,0.883966831289267,0.881966522758238
0.7895,0.878690015641386,0.884417256410976,0.88232953370254
0.79,0.878690015641386,0.884835834818407,0.882795435096176
0.7905,0.879456742665857,0.8853037436252,0.883226969460839
0.791,0.88062131393586,0.885682304298266,0.883660409678261
0.7915,0.880940444728954,0.886038222966442,0.884057579170152
0.792,0.881735201542962,0.886427192787318,0.884521238754304
0.7925,0.882563324022744,0.886872364196737,0.884964573013972
0.793,0.884034969373487,0.887304188188053,0.885387330772665
0.7935,0.884959218570691,0.887756223444752,0.885769706996434
0.794,0.886070892317709,0.888199941551179,0.886142566084515
0.7945,0.886334089244092,0.88866036733846,0.886562115037997
0.795,0.886334089244092,0.889016627491178,0.887048462374531
0.7955,0.886334089244092,0.889385740265684,0.887426515972026
0.796,0.886334089244092,0.889822374782943,0.887896986453046
0.7965,0.886334089244092,0.890244342004066,0.888323964109128
0.797,0.886346899304527,0.890687318082382,0.888746742292577
0.7975,0.88747752162846,0.891130911039771,0.889141246000929
0.798,0.888602639379145,0.891602464302812,0.889539525011976
0.7985,0.889118211885162,0.891961706218342,0.889929077398292
0.799,0.889886948631847,0.892447479473159,0.890421767132831
0.7995,0.890980908142968,0.892811227611047,0.890841906342541
0.8,0.891559650875625,0.893270886469859,0.89128526768578
0.8005,0.892514389815246,0.893597556734845,0.891665239927101
0.801,0.893702406692557,0.894061479219564,0.892071848256007
0.8015,0.895337829406047,0.894409595261182,0.892526882350311
0.802,0.896766740543662,0.89482138881448,0.892933000494309
0.8025,0.897235441613562,0.895240881582993,0.893367014570113
0.803,0.897411054289019,0.895690662070276,0.893778308230551
0.8035,0.897411054289019,0.896104373217085,0.89418011292786
0.804,0.897411054289019,0.896484440128847,0.894573343900619
0.8045,0.897411054289019,0.896937897152614,0.894938572271347
0.805,0.897411054289019,0.897369690694258,0.895338992563393
0.8055,0.897411054289019,0.897819695739055,0.895785927240278
0.806,0.897411054289019,0.898224704720747,0.896213465982098
0.8065,0.899610668647864,0.898638423494439,0.896544646254748
0.807,0.90045358611871,0.899049366369199,0.897029013508693
0.8075,0.901005132656153,0.899440648442589,0.897488335346882
0.808,0.901005132656153,0.899873819322673,0.897863852793335
0.8085,0.901972009371854,0.900302198592279,0.898259622717984
0.809,0.902993498078416,0.900738777904284,0.898682976862545
0.8095,0.903846513314084,0.901138463574477,0.899075627702915
0.81,0.904138826363047,0.901488405599916,0.899479551950737
0.8105,0.905194812794331,0.901900543971489,0.899972053351015
0.811,0.905958954301843,0.90229284945212,0.900385947517559
0.8115,0.906566230766199,0.902781336807498,0.900842960079471
0.812,0.90784042024571,0.903250997926399,0.901216514454447
0.8125,0.908053571717931,0.90370933131716,0.901621149062907
0.813,0.908053571717931,0.904111502155232,0.902019944642041
0.8135,0.908053571717931,0.904551745772356,0.902442391135423
0.814,0.908053571717931,0.904939570862046,0.902969022430373
0.8145,0.908053571717931,0.905386747622818,0.903428600273716
0.815,0.909235435715594,0.905786753893,0.903795696724266
0.8155,0.909780127198905,0.906161382010824,0.904189984382555
0.816,0.910915028997649,0.906455644007642,0.904620600992503
0.8165,0.911510310479283,0.906832751299851,0.90503053323208
0.817,0.911831871793477,0.907253286908742,0.905478304878967
0.8175,0.913041641602823,0.907705119696299,0.905888996370363
0.818,0.914923572565032,0.908130743131296,0.90623809741536
0.8185,0.914923572565032,0.908484712468983,0.906543689324345
0.819,0.914923572565032,0.908855669715206,0.906921936923042
0.8195,0.914923572565032,0.909249251904604,0.907392987512164
0.82,0.914923572565032,0.909635715476646,0.907796456331301
0.8205,0.914923572565032,0.910076635320108,0.908220271574498
0.821,0.914923572565032,0.910488750685095,0.90858613754596
0.8215,0.914923572565032,0.910881073407041,0.908939562108287
0.822,0.914923572565032,0.91135730733361,0.90935074950787
0.8225,0.914923572565032,0.911780442417212,0.90983001425481
0.823,0.914923572565032,0.91222644223084,0.910273286303404
0.8235,0.914923572565032,0.912665768197528,0.910702835304298
0.824,0.914923572565032,0.913160302608452,0.911096652118332
0.8245,0.914923572565032,0.913521980919501,0.911584984014704
0.825,0.914923572565032,0.91389597476978,0.912056329929914
0.8255,0.914923572565032,0.914315484238738,0.912479944014979
0.826,0.914923572565032,0.914654244096517,0.913007796410498
0.8265,0.914923572565032,0.915042097813263,0.913402359150407
0.827,0.914923572565032,0.915522216511055,0.913785821161357
0.8275,0.914923572565032,0.915908513511702,0.91420821105525
0.828,0.914923572565032,0.916316692827944,0.914554137899375
0.8285,0.914923572565032,0.91676623753878,0.914917805222824
0.829,0.914923572565032,0.917218753464595,0.915351451293891
0.8295,0.914923572565032,0.917660495421881,0.915768861303161
0.83,0.914923572565032,0.918072321488106,0.916178741651245
0.8305,0.914923572565032,0.91857132727941,0.916649066415654
0.831,0.914923572565032,0.918910025246816,0.917072143508568
0.8315,0.914923572565032,0.919394400506431,0.917577259117957
0.832,0.914923572565032,0.919723148072542,0.917935395355629
0.8325,0.914923572565032,0.920156230542613,0.918415830971505
0.833,0.914923572565032,0.920608168979005,0.9187754958498
0.8335,0.914923572565032,0.921050428493765,0.919170178225701
0.834,0.914923572565032,0.921588308313247,0.919570264391175
0.8345,0.914923572565032,0.922025957608443,0.919910834949694
0.835,0.914923572565032,0.922415477729386,0.920314374902805
0.8355,0.914923572565032,0.922849136008803,0.920784089646022
0.836,0.914923572565032,0.923416420156022,0.921197857641523
0.8365,0.914923572565032,0.923805992423174,0.9216742578019
0.837,0.914923572565032,0.924275553999172,0.92210608263157
0.8375,0.914923572565032,0.924703973682151,0.922488560250877
0.838,0.914923572565032,0.925264777494526,0.922897607356423
0.8385,0.914923572565032,0.925693987004456,0.923414698646715
0.839,0.914923572565032,0.926181835656696,0.923803388548711
0.8395,0.915080992052533,0.926588381825334,0.924238306827076
0.84,0.916245443173214,0.927000077853737,0.924677317110674
0.8405,0.916931243890897,0.927442183607473,0.925292092583564
0.841,0.918294438049053,0.927924254298536,0.925726413365696
0.8415,0.919045603072286,0.928355953137989,0.92618959565688
0.842,0.919531122369931,0.928795302348179,0.926626752639095
0.8425,0.920454620658188,0.929159911416312,0.927024494934597
0.843,0.921861093663355,0.92963848379094,0.927494728520492
0.8435,0.923682404914735,0.930048397710898,0.927949320247734
0.844,0.924406536363323,0.930477044980767,0.928417525768828
0.8445,0.925138426718842,0.930894684582945,0.92882695989336
0.845,0.925861972755831,0.931358605618083,0.929212993710953
0.8455,0.927721666837402,0.931793087935884,0.92964944033126
0.846,0.928162870761217,0.932311004231226,0.930122989629194
0.8465,0.928162870761217,0.932768024603031,0.93057682820009
0.847,0.929355650716793,0.933220354579425,0.930968566842706
0.8475,0.930114793768805,0.93362525457071,0.931452902816241
0.848,0.930517261438021,0.934016092011704,0.931857924335798
0.8485,0.931374183713974,0.934484939629249,0.932353038356904
0.849,0.931374183713974,0.934847770370773,0.932807556357879
0.8495,0.931374183713974,0.935279527406414,0.933304901498255
0.85,0.931374183713974,0.935755830348541,0.933693242482866
0.8505,0.931374183713974,0.936044629623286,0.934068216563074
0.851,0.932047259582635,0.936537799324999,0.934541845431289
0.8515,0.934441348944175,0.936952939535891,0.934920135653843
0.852,0.934547940982181,0.937308065392431,0.935415483250032
0.8525,0.93482257268334,0.93775781314398,0.93580872695553
0.853,0.935807123804937,0.938182769513929,0.936151223805805
0.8535,0.936025613030489,0.938568771003015,0.936646420779448
0.854,0.936927879457158,0.939040061589291,0.937064857336161
0.8545,0.937645541772401,0.939492393251459,0.93753316773743
0.855,0.937685010834339,0.939899099723754,0.937953035241472
0.8555,0.939097951801063,0.940349122133319,0.938350071615574
0.856,0.940676780788191,0.94084471393936,0.938755497075146
0.8565,0.940786231771823,0.941314499933191,0.939168426022517
0.857,0.941946089998025,0.941816179066361,0.939576730530287
0.8575,0.943343827694627,0.942232817617464,0.939986828736833
0.858,0.943854547762736,0.94273518866418,0.94047101350141
0.8585,0.944177994683798,0.94316741395625,0.940921573638294
0.859,0.945986687700172,0.94362690825543,0.941451238863155
0.8595,0.946884340069479,0.944039498736105,0.941947533112913
0.86,0.946884340069479,0.944424287923732,0.942371983066311
0.8605,0.946884340069479,0.944864633581068,0.942807057173496
0.861,0.946884340069479,0.945295916834353,0.943214253325661
0.8615,0.946884340069479,0.94571943909513,0.943715920663733
0.862,0.946884340069479,0.946169829793002,0.944120667981159
0.8625,0.946884340069479,0.946633229014817,0.944503720303772
0.863,0.946884340069479,0.947055531876297,0.945001788323605
0.8635,0.946884340069479,0.94746357820928,0.945459427651765
0.864,0.946884340069479,0.947945214897665,0.945922990267541
0.8645,0.946884340069479,0.948399533100356,0.946372399880999
0.865,0.946884340069479,0.948882012065712,0.946793673584143
0.8655,0.946884340069479,0.949300761145209,0.947230440425314
0.866,0.946884340069479,0.949768203019255,0.947746764328511
0.8665,0.946884340069479,0.950282449066485,0.948147597489898
0.867,0.946884340069479,0.950746875254076,0.948613551785999
0.8675,0.946884340069479,0.951201692080726,0.949078538579515
0.868,0.946884340069479,0.951656347737204,0.949539838020844
0.8685,0.946884340069479,0.952126474030486,0.950013105915292
0.869,0.946884340069479,0.952594876054491,0.950494553141795
0.8695,0.946884340069479,0.953078156032418,0.950985836704194
0.87,0.946884340069479,0.953629424167469,0.951379373404123
0.8705,0.946884340069479,0.95411612577116,0.951863417101741
0.871,0.946884340069479,0.954507746610805,0.95235680231671
0.8715,0.946884340069479,0.954960802355272,0.952792397568988
0.872,0.946884340069479,0.955492802373129,0.953249649770398
0.8725,0.946884340069479,0.955981616708234,0.953757746278829
0.873,0.946884340069479,0.9565510269889,0.954254088475385
0.8735,0.946884340069479,0.956963647741245,0.954692442121474
0.874,0.946884340069479,0.957457569380587,0.955202094551353
0.8745,0.947807378830601,0.957977129906139,0.955678775819579
0.875,0.949401491066326,0.958454943245146,0.956282231666251
0.8755,0.949882767333952,0.958834913629224,0.956787291370453
0.876,0.949882767333952,0.959263550199368,0.957227257406653
0.8765,0.952074558022418,0.959775286604781,0.957820406490883
0.877,0.952848427826789,0.960280390177815,0.958323034012711
0.8775,0.954094794034878,0.960716645182455,0.958758391425118
0.878,0.955726856781324,0.96126121346345,0.95917726094506
0.8785,0.955845666941535,0.96169478697827,0.959654846253794
0.879,0.956963194861436,0.962101773682065,0.960135329067564
0.8795,0.957678728192029,0.962592414908013,0.960615474429329
0.88,0.958360735087577,0.963074896183601,0.96111815289743
0.8805,0.958979779644312,0.963561211112918,0.961586031745282
0.881,0.960407024453397,0.964025637217472,0.962045214248456
0.8815,0.961555780146514,0.964440110707046,0.962519172233634
0.882,0.961555780146514,0.964979050420751,0.963043432086469
0.8825,0.961555780146514,0.965460059213608,0.963548748154824
0.883,0.961751988952202,0.96600525108769,0.963983462556763
0.8835,0.962997320614568,0.9664376666964,0.964420959933548
0.884,0.963758746543564,0.966895058277268,0.964988964916493
0.8845,0.964397235179709,0.96749697325602,0.965478300453921
0.885,0.964397235179709,0.968028348369345,0.966021756229208
0.8855,0.964397235179709,0.968552499502436,0.966462559871827
0.886,0.964397235179709,0.969031426050351,0.966955148767966
0.8865,0.965036640475699,0.969559144581655,0.967657673896549
0.887,0.966121911358641,0.970084629439917,0.968212808257285
0.8875,0.967115303584327,0.97060050389036,0.968703807748769
0.888,0.967898642697093,0.97104734851921,0.969220506437371
0.8885,0.969865891383681,0.971498263834833,0.969710937353323
0.889,0.969992421325686,0.971978797495263,0.970236391258422
0.8895,0.970228323126161,0.972614250389054,0.970804665227516
0.89,0.97204745471345,0.973136985506404,0.971262880318133
0.8905,0.972747341856746,0.973664511579122,0.971723888645344
0.891,0.973738606920777,0.974169338282505,0.972276284194499
0.8915,0.97539416722122,0.974701148537894,0.972813594890148
0.892,0.975474577058332,0.975178247118503,0.973290054583251
0.8925,0.975474577058332,0.975710779628576,0.973857410280927
0.893,0.975474577058332,0.976249647019505,0.974248213899542
0.8935,0.975474577058332,0.97689492120312,0.97472378597696
0.894,0.975474577058332,0.97746441737237,0.975309723403614
0.8945,0.975474577058332,0.977938205093396,0.975789805462881
0.895,0.975474577058332,0.978388515603525,0.976382327268451
0.8955,0.975474577058332,0.978921771752552,0.976952290217084
0.896,0.975474577058332,0.979479525855877,0.977495511061211
0.8965,0.975474577058332,0.980077489331668,0.977967074292355
0.897,0.975474577058332,0.980686755366208,0.97847506921365
0.8975,0.975474577058332,0.981347121129759,0.979022773684844
0.898,0.975474577058332,0.981900494678367,0.979501718856002
0.8985,0.975474577058332,0.982372930626654,0.980120941955245
0.899,0.975474577058332,0.98298898560878,0.980697066577729
0.8995,0.975474577058332,0.983565135512566,0.981407332403671
0.9,0.975474577058332,0.984103616892352,0.981977844434068
0.9005,0.975474577058332,0.984629298836924,0.982455663744219
0.901,0.975474577058332,0.985282677674315,0.98305999575634
0.9015,0.975474577058332,0.985807433567342,0.983637321547584
0.902,0.975474577058332,0.98639044005085,0.98417619617922
0.9025,0.975474577058332,0.986881428224587,0.984728334122243
0.903,0.975474577058332,0.987407653505893,0.9854269561624
0.9035,0.975474577058332,0.987894570617815,0.985916393460746
0.904,0.975474577058332,0.988458851970952,0.986436302254164
0.9045,0.975474577058332,0.989038408438224,0.986909802740904
0.905,0.975474577058332,0.98955901394833,0.98746194691029
0.9055,0.975474577058332,0.990097972220353,0.988013937706626
0.906,0.975474577058332,0.990719325832631,0.988586231831211
0.9065,0.975474577058332,0.991241125545514,0.989202974457515
0.907,0.975474577058332,0.991813284376539,0.989763268429409
0.9075,0.975474577058332,0.992499051533061,0.990295558659359
0.908,0.975474577058332,0.993085068180604,0.99095640624854
0.9085,0.976869959157665,0.993649734406866,0.991506396445157
0.909,0.977602743130114,0.99419139850334,0.992076207566255
0.9095,0.97811954562354,0.994670225233658,0.992674767135992
0.91,0.978891962661709,0.995252012880424,0.993248928286798
0.9105,0.980650446514216,0.995858229522529,0.99380559849913
0.911,0.981030077192816,0.996338961919614,0.994397468677565
0.9115,0.982142590165495,0.996977053974788,0.994867878417469
0.912,0.984254914749884,0.997590723029488,0.995447905486164
0.9125,0.986014600474505,0.998056366917453,0.996035188309774
0.913,0.986117442336983,0.998635038947498,0.996659515192199
0.9135,0.987054900079392,0.999232931896572,0.997250295568355
0.914,0.988714198260819,0.999922962509767,0.997827372692574
0.9145,0.988714198260819,1.000490551221,0.998422403197708
0.915,0.988714198260819,1.00116789954345,0.998905426884132
0.9155,0.988714198260819,1.00170485972472,0.999550963791733
0.916,0.988714198260819,1.00246904548583,1.00026959239319
0.9165,0.988931413824636,1.00312013637149,1.0008305974651
0.917,0.991286342347031,1.00378813593491,1.00141572463629
0.9175,0.992213161802422,1.00435508474197,1.00203329915623
0.918,0.994496448412488,1.00495959990548,1.0026687062803
0.9185,0.996178814006119,1.00566508772791,1.00346626643329
0.919,0.996358630753979,1.00626343867297,1.00409193494309
0.9195,0.996525647889345,1.00681876625477,1.00467723980662
0.92,0.998311401811094,1.0073793542875,1.0052972771527
0.9205,1.00133785291652,1.00811064229623,1.0059681708886
0.921,1.00133785291652,1.00870196602892,1.00646008620344
0.9215,1.00133785291652,1.00932649964313,1.00705811505621
0.922,1.00133785291652,1.00992868537187,1.00772325904501
0.9225,1.00133785291652,1.0104701281822,1.00845618343963
0.923,1.00133785291652,1.01109246691671,1.00901158730651
0.9235,1.00133785291652,1.01173735992863,1.0096259673803
0.924,1.00133785291652,1.0123546894098,1.01023967441832
0.9245,1.00133785291652,1.01299656708518,1.01078894577488
0.925,1.00133785291652,1.01363085160286,1.01150796227902
0.9255,1.00133785291652,1.01421237091949,1.01223403791988
0.926,1.00133785291652,1.01488107203709,1.01277728064058
0.9265,1.00133785291652,1.01547776475769,1.01343265986225
0.927,1.00133785291652,1.0161753467769,1.01407374007337
0.9275,1.00133785291652,1.01686313084339,1.01474700987496
0.928,1.00133785291652,1.01760691191024,1.01533230715896
0.9285,1.00624736299362,1.0181815532441,1.01602685545324
0.929,1.00925156539342,1.01876155853547,1.0166885160881
0.9295,1.01103033528625,1.01942562356483,1.01740755480662
0.93,1.01299651376417,1.02012804200877,1.01806760886806
0.9305,1.01340031708472,1.0208090525098,1.01865434910191
0.931,1.01340031708472,1.02152791085165,1.01922998715251
0.9315,1.01340031708472,1.02211077846653,1.01995764530261
0.932,1.01574978107926,1.02280829720392,1.02067055260234
0.9325,1.01701377046423,1.02348727180857,1.02144285080181
0.933,1.0181832338376,1.02416475316804,1.02200589215913
0.9335,1.01986726752944,1.02478128158912,1.02276930229268
0.934,1.02227278506015,1.02555515148619,1.02343030962229
0.9345,1.02391554032398,1.02625543961852,1.02410361969436
0.935,1.0249493702102,1.02690448225189,1.02473497430078
0.9355,1.0249493702102,1.02754134506612,1.02546215890044
0.936,1.0249493702102,1.02832906349139,1.02611576691844
0.9365,1.0249493702102,1.02895414353002,1.02676640193203
0.937,1.0249493702102,1.02957597129281,1.02730060639956
0.9375,1.0249493702102,1.03024243269247,1.02803938093222
0.938,1.0249493702102,1.03101379941982,1.02875119714949
0.9385,1.0249493702102,1.03185783381139,1.02941682829138
0.939,1.0249493702102,1.03258387986036,1.03007971333817
0.9395,1.0249493702102,1.03313339317382,1.03072658524398
0.94,1.0249493702102,1.0339472026016,1.03160914794645
0.9405,1.0249493702102,1.03463134407242,1.03239595058648
0.941,1.0249493702102,1.03541933285161,1.03303284646878
0.9415,1.0249493702102,1.03616734846497,1.03376221394025
0.942,1.0249493702102,1.03685276963493,1.034359833937
0.9425,1.0249493702102,1.03769225049801,1.03508973379784
0.943,1.0249493702102,1.03839658420973,1.03577760803867
0.9435,1.0249493702102,1.0389796028821,1.03657334428486
0.944,1.0249493702102,1.03965786822286,1.03731731789214
0.9445,1.0249493702102,1.04039253285881,1.03816852602895
0.945,1.02501248648171,1.04113929725724,1.03881069205467
0.9455,1.02605286026544,1.04198132735027,1.03945728897355
0.946,1.02713847621374,1.0427516213676,1.04018540902315
0.9465,1.03256880521831,1.04344354495732,1.04092955163571
0.947,1.03559240942225,1.04435977267242,1.0418034251186
0.9475,1.03602693820135,1.04534345884012,1.04252508791253
0.948,1.0363008705177,1.04606408550112,1.04337929474628
0.9485,1.04067027250358,1.04687932104595,1.04419547768054
0.949,1.04178585100354,1.04768744013927,1.04520090654963
0.9495,1.04246273638602,1.0485930280507,1.04592293393713
0.95,1.04246273638602,1.04933939932467,1.04668431890071
0.9505,1.04667001220076,1.05024050857328,1.04760045983464
0.951,1.04667001220076,1.05120523734118,1.04849255800904
0.9515,1.04667001220076,1.05208883292523,1.04921776219913
0.952,1.04667001220076,1.05294237235897,1.05015095636641
0.9525,1.04667001220076,1.05373735221513,1.05113332431404
0.953,1.04667001220076,1.05462939195481,1.05199469771839
0.9535,1.04667001220076,1.05574138871216,1.05290030631697
0.954,1.04667001220076,1.05661664852491,1.05371053902276
0.9545,1.04667001220076,1.05743926562984,1.05460504401592
0.955,1.04667001220076,1.05851164564963,1.05555036444786
0.9555,1.04894992383326,1.05937200737136,1.05650881161837
0.956,1.05081305718567,1.06037548210372,1.05733008497087
0.9565,1.0553130575839,1.06121696943627,1.0582287632432
0.957,1.05691139387901,1.0621808093256,1.05917276908156
0.9575,1.05809598425123,1.06313714113811,1.0601321226021
0.958,1.06004328784557,1.06411576333988,1.06102918535643
0.9585,1.06311955043086,1.06490769670416,1.06186413201927
0.959,1.06662359890974,1.06575492327209,1.06291840731018
0.9595,1.0667803051313,1.06675390875302,1.06385144920072
0.96,1.0667803051313,1.06771883728163,1.06477879093356
0.9605,1.0667803051313,1.06873244414311,1.06568502451375
0.961,1.0667803051313,1.06955002977646,1.06669474546519
0.9615,1.0667803051313,1.07065927737432,1.06767635448372
0.962,1.0667803051313,1.07178039983277,1.06871072558949
0.9625,1.0667803051313,1.07274324735535,1.06959213252734
0.963,1.0667803051313,1.07362567494015,1.07073824701249
0.9635,1.0667803051313,1.07468675550572,1.07188699244046
0.964,1.0667803051313,1.0755959980115,1.07299098679872
0.9645,1.0667803051313,1.07657180317776,1.07388302838465
0.965,1.0667803051313,1.07746416602982,1.07489538253795
0.9655,1.06827853375652,1.0784958792007,1.07605310063114
0.966,1.07060075709645,1.07971538535564,1.07695537265182
0.9665,1.0737069720662,1.08071682425565,1.07790074070844
0.967,1.07558007017396,1.08148154837225,1.07901866707343
0.9675,1.07630289074481,1.08246374851663,1.08005093381055
0.968,1.0795286660198,1.08363157389523,1.08098910551481
0.9685,1.08486291499317,1.08476196689464,1.0818978076101
0.969,1.08550263582028,1.085866594529,1.08302659216154
0.9695,1.08550263582028,1.08697138111577,1.08425805508314
0.97,1.08550263582028,1.08828444108666,1.08543675973309
0.9705,1.08550263582028,1.08940738344289,1.08656905388947
0.971,1.08550263582028,1.09057567733889,1.08772504606479
0.9715,1.08550263582028,1.09171673768121,1.08897611700381
0.972,1.08550263582028,1.09293847673108,1.09024532893606
0.9725,1.08550263582028,1.09420376202968,1.09140464442549
0.973,1.08550263582028,1.09539749033305,1.09275650711301
0.9735,1.08550263582028,1.09649009776119,1.0940045638174
0.974,1.08550263582028,1.0979078099691,1.09526670372267
0.9745,1.08569958497464,1.0990800162722,1.09643238141157
0.975,1.09136965891572,1.10049739900607,1.09791058409879
0.9755,1.09614584897142,1.101834790161,1.09925513881968
0.976,1.09684877195015,1.10296569012945,1.10062679908509
0.9765,1.10140391955915,1.10427569828052,1.10188365756356
0.977,1.10301628464762,1.10570606083135,1.1031130583798
0.9775,1.10301628464762,1.10712121901311,1.10468331766512
0.978,1.10301628464762,1.10881293010341,1.10597583101222
0.9785,1.10301628464762,1.11020008861515,1.10752568747842
0.979,1.10310498914959,1.11146352382448,1.10922015489641
0.9795,1.10642627312577,1.11298970617208,1.11062368784115
0.98,1.11136673392611,1.11478901808554,1.11195706273295
0.9805,1.1149913495056,1.11614264430288,1.11372565355646
0.981,1.11625639038912,1.11784279317889,1.11537591188677
0.9815,1.11743070594889,1.11944042198044,1.11686841430706
0.982,1.11946789335359,1.12095247440378,1.11867912871761
0.9825,1.11946789335359,1.12266843458906,1.12027260786351
0.983,1.11946789335359,1.12412681410751,1.12186882021816
0.9835,1.12061133577977,1.12577423035716,1.12368384691897
0.984,1.12512413088694,1.12732989919091,1.12523406528741
0.9845,1.13497893643568,1.12896148511104,1.12710514228208
0.985,1.13497893643568,1.13058638364173,1.12869544400343
0.9855,1.13497893643568,1.13244808755505,1.13035267897686
0.986,1.13497893643568,1.13444513571161,1.13200994244047
0.9865,1.13497893643568,1.13663884230295,1.13409255755038
0.987,1.13797752935334,1.13895406571783,1.13649672135073
0.9875,1.14461974400173,1.14119277948141,1.13885660391072
0.988,1.14965116990703,1.14334267458862,1.14108027623494
0.9885,1.14965116990703,1.14580795276021,1.14340530469587
0.989,1.15579146372675,1.14781077878801,1.14589652971666
0.9895,1.15819148164943,1.15037232997847,1.14827299324046
0.99,1.16161606410482,1.15294947985874,1.15079356889247
0.9905,1.16357068087968,1.1560437311095,1.15338987809138
0.991,1.16357068087968,1.15912387996639,1.15664038948944
0.9915,1.16357068087968,1.16172252362529,1.1596359892111
0.992,1.16357068087968,1.16513944613464,1.16265119111516
0.9925,1.16855648824458,1.16771726798612,1.16559638303083
0.993,1.17308080519476,1.17127160994726,1.16872871126876
0.9935,1.17844648326845,1.17572545119481,1.17283277720588
0.994,1.18943519012895,1.17972143606916,1.1768990819259
0.9945,1.19301191369784,1.18369095468216,1.18135847848057
0.995,1.20369315232033,1.188192951394,1.18547910531598
0.9955,1.21199283185391,1.19236841497755,1.18980391236092
0.996,1.22412575550528,1.19828314583354,1.19517533521224
0.9965,1.22985227466306,1.20381452134643,1.20114824131294
0.997,1.25057054933849,1.21100225226916,1.20809776566937
0.9975,1.26001782466732,1.21693829954219,1.21426518671512
0.998,1.27360326215782,1.22293990710926,1.22094843736209
0.9985,1.27991369003941,1.23221602113903,1.23013488512978
0.999,1.31549914609081,1.24672920043034,1.24421263033954
0.9995,1.34705128356868,1.26925898008767,1.26730923088439
1,1.47494910924169,1.37927563699264,1.37698483060944
