"","A1","Z1","Y2","L1","A0","Z0","L0"
"1",1,1,1353,-1.52409977806294,1,1,0
"2",1,1,4984,0.697582978851013,0,1,0
"3",0,1,27707,-1.52409977806294,1,1,0
"4",0,1,31860,0.960869381067968,0,1,0
"5",0,0,26615,0.964397235179709,0,0,0
"6",1,1,48541,-0.0848629536107846,1,1,1
"7",0,1,3240,0.975474577058332,1,1,1
"8",1,1,8385,-1.52409977806294,1,1,0
"9",1,1,4036,0.984521132990082,1,1,1
"10",0,1,16419,0.787392039429005,1,1,1
"11",0,1,22221,-0.162485836395737,1,0,0
"12",0,1,1933,0.490058036776021,0,0,0
"13",0,0,19541,-1.52409977806294,1,1,1
"14",1,1,25766,0.472975743224941,1,1,0
"15",1,1,9879,1.01103033528625,1,1,1
"16",0,0,25199,0.787392039429005,1,1,1
"17",0,0,24765,0.683710466972777,1,1,0
"18",0,1,29780,0.914923572565032,1,0,1
"19",0,0,18888,1.03165002063682,1,1,1
"20",1,1,33390,0.906343560317334,1,1,0
"21",0,0,12537,0.212382210845837,0,0,0
"22",0,0,48254,0.864118186232163,1,1,0
"23",0,0,23686,-1.52409977806294,0,1,0
"24",0,0,10112,0.162993191115368,1,1,0
"25",0,0,33570,0.930094214870294,1,1,0
"26",0,0,12301,0.599336628080891,0,1,1
"27",0,0,27676,0.915601103539856,1,0,0
"28",0,0,57676,1.04667001220076,1,1,1
"29",1,1,38018,0.758804816873193,1,1,0
"30",1,1,3366,-1.52409977806294,0,1,0
"31",1,1,4038,0.350831884717768,0,0,1
"32",1,0,13892,0.726847817268774,1,0,0
"33",0,0,14598,0.544310374608005,1,1,0
"34",1,1,439,-1.52409977806294,0,1,0
"35",1,1,20609,-1.52409977806294,1,1,1
"36",0,0,37644,0.690619104557388,1,1,0
"37",0,1,21219,0.798033861226659,0,1,1
"38",0,0,9747,0.758804816873193,1,1,0
"39",0,0,0,-0.15539040240427,0,1,0
"40",1,1,31196,0.975474577058332,0,1,1
"41",0,0,34728,0.975474577058332,1,1,0
"42",0,0,126,-1.52409977806294,0,1,1
"43",1,1,1763,0.538805966010795,0,1,1
"44",1,1,7028,-0.592167534853235,0,1,0
"45",1,1,4506,-1.52409977806294,1,1,1
"46",1,1,2203,0.400266011144916,1,1,1
"47",0,0,3765,0.64405420320168,1,0,1
"48",1,1,5475,-1.52409977806294,1,0,0
"49",0,0,12394,-1.52409977806294,1,0,0
"50",1,1,8372,-1.52409977806294,1,0,1
"51",1,1,11018,-1.52409977806294,1,1,0
"52",0,0,1109,-1.52409977806294,1,1,0
"53",0,0,75,0.510227782937839,0,0,1
"54",0,0,26944,-1.52409977806294,1,0,0
"55",0,0,2787,1.0249493702102,1,1,0
"56",1,1,11832,-1.52409977806294,0,1,1
"57",1,1,8127,0.666306985702979,1,1,0
"58",0,0,26525,1.06875022972753,1,1,1
"59",1,1,8860,0.460778602579723,1,1,1
"60",1,1,43596,1.01698679884979,1,1,1
"61",1,1,48727,0.350831884717768,1,1,1
"62",1,1,28029,-1.52409977806294,1,1,0
"63",0,0,20865,-1.52409977806294,0,1,0
"64",1,1,56089,0.802176431889199,1,1,1
"65",0,1,4310,0.468970632039592,0,0,1
"66",0,1,2952,-1.52409977806294,0,1,0
"67",1,1,23830,0.758804816873193,1,1,0
"68",0,1,13871,0.753999265692838,1,0,0
"69",1,1,9962,1.02693209969443,1,1,1
"70",0,1,14459,0.813252848858161,0,1,1
"71",0,0,3721,0.946884340069479,1,1,0
"72",0,1,6261,0.162993191115368,0,1,0
"73",0,0,35676,0.726847817268774,1,1,1
"74",0,1,12758,-1.52409977806294,0,1,0
"75",1,1,9003,0.92945195947408,1,1,0
"76",0,0,24135,-0.271625799614365,0,1,1
"77",0,0,2612,1.01316424809714,0,0,1
"78",0,1,698,0.599336628080891,1,1,1
"79",0,1,141,-1.52409977806294,0,0,0
"80",0,1,34593,0.858581213504869,1,1,1
"81",1,1,10840,0.836862310742941,1,0,1
"82",0,0,0,0.528720256074521,0,1,1
"83",1,1,0,-0.162485836395737,0,1,1
"84",0,1,27431,0.914923572565032,1,0,1
"85",0,0,0,-1.52409977806294,0,1,0
"86",1,1,0,0.939240051136545,1,1,0
"87",0,0,0,-1.52409977806294,1,1,0
"88",0,1,1929,0.117065661628186,0,0,0
"89",0,1,0,0.714000028747453,1,1,1
"90",1,1,90483,0.538805966010795,1,1,1
"91",0,0,19344,0.350831884717768,1,1,0
"92",0,1,47184,1.08550263582028,1,1,0
"93",0,0,1008,-0.0691260880135315,1,1,1
"94",0,1,22026,0.836862310742941,1,0,0
"95",1,1,19501,0.878690015641386,1,1,1
"96",0,0,60007,0.975474577058332,0,1,1
"97",0,0,13383,0.813252848858161,1,1,1
"98",1,1,42547,1.00133785291652,1,1,1
"99",1,1,9285,0.576717554763112,1,1,1
"100",1,1,2769,0.726847817268774,1,1,1
"101",0,0,22820,0.134460119762742,1,0,0
"102",0,0,6119,0.421971010103767,1,1,1
"103",0,0,8952,-1.52409977806294,0,0,1
"104",0,1,11797,0.813252848858161,1,1,1
"105",0,0,53103,1.0249493702102,1,1,1
"106",0,0,6432,0.538805966010795,1,1,0
"107",1,1,0,-1.52409977806294,0,1,0
"108",1,1,0,-1.52409977806294,0,1,0
"109",1,1,20014,0.254151860684496,1,1,0
"110",0,0,0,-1.52409977806294,0,0,0
"111",0,1,51495,0.78052256030418,0,1,1
"112",1,1,13500,-1.52409977806294,1,1,1
"113",1,1,2874,0.648797858205049,1,1,0
"114",0,1,45968,0.635452928679159,1,1,1
"115",0,0,29458,0.965102974618903,0,0,1
"116",1,1,24365,0.212382210845837,1,0,0
"117",1,1,3999,0.975474577058332,1,1,1
"118",0,1,43734,0.858581213504869,0,1,0
"119",0,0,83989,0.975474577058332,1,0,1
"120",0,0,0,1.14965116990703,1,1,1
"121",0,0,37122,0.648797858205049,0,0,0
"122",0,1,40305,0.357261837405337,0,1,0
"123",0,0,2824,0.787392039429005,1,0,1
"124",0,0,10371,-1.52409977806294,0,0,0
"125",1,1,25585,-1.52409977806294,1,1,0
"126",1,1,17470,0.918963615779324,0,1,1
"127",0,0,5854,0.0664290524095003,0,1,0
"128",0,0,10047,-0.312119790033196,0,1,1
"129",0,0,62424,1.079373414604,1,1,0
"130",1,1,0,0.362765727361998,0,0,1
"131",0,1,0,-1.52409977806294,1,1,1
"132",1,1,26214,0.824368812442622,0,1,0
"133",0,0,17943,0.588262676782656,0,0,0
"134",0,0,0,0.836862310742941,0,1,1
"135",0,1,12586,0.350831884717768,0,1,0
"136",0,1,5637,-1.52409977806294,0,0,1
"137",0,0,1935,-1.52409977806294,0,0,0
"138",0,1,11619,0.553586043924597,1,1,1
"139",0,1,5992,0.622714993047752,0,1,1
"140",0,0,2993,0.376672979649578,1,1,1
"141",0,0,0,0.24268597210938,1,1,1
"142",0,1,22614,-0.201044883866856,0,1,0
"143",1,1,22636,0.798033861226659,0,1,0
"144",0,1,22895,0.648797858205049,1,0,0
"145",0,1,9343,1.0128097591396,1,1,0
"146",0,1,17181,0.940354188415381,1,1,0
"147",1,1,1611,0.188809685186082,1,1,0
"148",0,0,1455,-1.52409977806294,1,0,0
"149",1,1,14757,-1.52409977806294,1,1,1
"150",0,1,0,0.712359373864095,0,1,0
"151",0,1,11636,0.0247237191026457,0,1,1
"152",1,1,201,-0.0848629536107846,1,1,0
"153",0,1,17739,-1.52409977806294,1,1,1
"154",0,0,8284,0.630080694611304,1,1,1
"155",1,1,31312,0.808274083446812,1,1,0
"156",1,1,17038,0.442067893844077,1,1,1
"157",1,1,325,-1.52409977806294,0,1,1
"158",1,1,17160,1.08550263582028,1,1,1
"159",1,1,19329,0.712931162099861,1,1,0
"160",0,0,15841,0.897411054289019,0,1,0
"161",0,0,7551,0.552040421003432,1,1,1
"162",0,0,1956,0.719978685914774,0,1,1
"163",1,1,0,0.787392039429005,1,0,0
"164",0,1,4446,-0.277053678368629,0,0,1
"165",1,1,9449,0.832990848640537,0,1,1
"166",0,1,31774,0.421971010103767,1,1,0
"167",1,1,27546,-1.52409977806294,1,1,0
"168",0,1,1440,0.102570790588686,0,0,1
"169",1,1,14295,0.0247237191026457,1,1,1
"170",1,1,7898,0.669258225346431,0,1,1
"171",0,0,34745,0.878690015641386,1,1,0
"172",0,0,3779,0.726847817268774,1,1,0
"173",1,1,247,-0.162485836395737,0,0,0
"174",0,0,22289,0.630854698390172,1,1,0
"175",1,1,8550,0.836862310742941,1,1,1
"176",0,1,700,-1.52409977806294,1,1,1
"177",0,0,16977,0.559681983316254,0,1,0
"178",0,1,19416,0.350831884717768,0,0,0
"179",1,1,35986,0.697734041972646,1,1,1
"180",1,1,7591,0.0247237191026457,1,1,0
"181",1,1,21561,0.212382210845837,0,0,1
"182",0,1,4968,0.648797858205049,1,1,0
"183",0,0,13367,0.538805966010795,1,1,0
"184",1,1,15471,0.919130652708957,1,1,0
"185",0,1,6489,0.102570790588686,0,0,1
"186",0,0,337,-1.52409977806294,1,0,0
"187",1,1,62715,-1.52409977806294,1,1,1
"188",1,1,0,-1.52409977806294,1,1,1
"189",1,1,56963,0.690619104557388,1,1,0
"190",1,1,4998,-0.0848629536107846,1,0,1
"191",1,1,0,0.44970766338848,1,1,0
"192",1,1,22951,0.421971010103767,1,1,0
"193",1,1,43748,1.03602693820135,1,1,1
"194",0,0,79720,0.350831884717768,0,0,1
"195",1,1,5130,0.682754604906798,1,1,0
"196",1,1,2613,-1.52409977806294,0,0,0
"197",0,0,9755,0.884177376772835,0,1,0
"198",0,0,0,-1.52409977806294,0,0,1
"199",1,1,14529,0.681153981623337,1,1,1
"200",0,0,12773,-0.899212973565691,0,0,0
"201",0,0,24807,0.927710239196427,1,1,0
"202",1,1,2115,-1.52409977806294,0,1,0
"203",0,0,0,0.648797858205049,0,1,1
"204",0,1,28249,0.914923572565032,1,1,0
"205",0,0,447,0.290341866347252,1,1,0
"206",0,0,960,-1.52409977806294,1,1,0
"207",0,1,375,-1.52409977806294,1,1,1
"208",1,1,2359,-1.52409977806294,0,1,1
"209",0,0,22530,0.776315827974546,1,1,0
"210",1,1,13280,-1.52409977806294,1,1,0
"211",0,0,690,1.11463627399613,1,1,1
"212",1,1,1215,0.726847817268774,0,0,1
"213",0,0,395,0.162993191115368,1,1,0
"214",0,1,0,-1.52409977806294,0,0,0
"215",1,1,39360,1.0249493702102,0,1,0
"216",1,1,12845,0.787392039429005,1,1,0
"217",0,1,634,1.10563251028302,1,1,0
"218",0,0,3846,-1.52409977806294,1,1,0
"219",1,1,42923,0.743424084135156,1,1,1
"220",1,1,0,0.929548394733967,1,1,0
"221",0,1,0,-1.52409977806294,1,1,0
"222",0,1,24524,0.991286342347031,1,1,0
"223",0,0,87243,-0.0848629536107846,1,1,1
"224",1,1,30747,1.0249493702102,1,1,1
"225",1,1,62364,0.787392039429005,1,1,1
"226",1,1,2614,0.0247237191026457,0,1,0
"227",1,1,0,-1.52409977806294,1,0,0
"228",1,1,31357,0.886334089244092,1,1,1
"229",0,0,17194,-1.52409977806294,1,1,1
"230",1,1,1087,0.714781197362462,0,1,0
"231",1,1,90,-1.52409977806294,1,1,0
"232",0,0,861,0.376672979649578,1,1,1
"233",1,1,49490,1.11946789335359,1,1,1
"234",0,0,5199,0.761683622822299,1,1,1
"235",0,1,213,-1.52409977806294,1,1,0
"236",0,1,14132,-1.52409977806294,0,0,1
"237",0,1,2260,0.926217683427287,0,1,0
"238",1,1,51183,0.975474577058332,1,1,1
"239",0,0,45354,0.886334089244092,1,1,1
"240",1,1,79278,0.859248314510023,1,0,1
"241",1,1,69042,1.14965116990703,0,1,1
"242",0,0,0,1.10301628464762,1,0,0
"243",0,1,34373,0.847504480344855,1,1,1
"244",1,1,3379,-1.52409977806294,0,1,1
"245",1,1,46443,0.69735622638746,1,1,1
"246",0,0,2036,-1.52409977806294,0,1,0
"247",1,1,25767,0.538805966010795,0,1,1
"248",0,1,24888,0.254151860684496,1,1,1
"249",0,0,75,-1.52409977806294,0,1,0
"250",1,1,20058,0.902074139648994,0,1,0
"251",1,1,3594,0.371697865233199,1,1,1
"252",0,0,63423,0.726847817268774,1,1,1
"253",1,1,24606,0.212382210845837,1,1,1
"254",1,0,18975,-1.52409977806294,0,1,0
"255",1,1,20751,0.878690015641386,1,0,0
"256",0,1,31765,0.776315827974546,1,1,0
"257",1,1,15302,0.350831884717768,1,1,0
"258",1,1,12327,0.350831884717768,0,1,1
"259",0,0,306,-1.52409977806294,0,1,0
"260",0,1,17127,-1.52409977806294,0,1,0
"261",1,1,18374,0.639600607607771,1,0,0
"262",0,0,68820,1.04667001220076,1,1,1
"263",1,1,0,0.862723942262797,0,1,0
"264",0,0,38945,0.946884340069479,1,1,0
"265",0,0,28804,0.648797858205049,1,1,0
"266",1,1,14625,-1.52409977806294,1,1,0
"267",0,0,46253,0.858581213504869,1,1,1
"268",0,0,0,-1.52409977806294,1,1,0
"269",0,0,26040,0.0247237191026457,1,1,0
"270",0,1,41031,0.589503166705278,1,1,1
"271",0,1,8775,0.212382210845837,0,0,0
"272",1,1,321,0.538805966010795,1,0,1
"273",1,1,30837,0.867249506894784,1,1,1
"274",0,0,954,-1.52409977806294,0,1,1
"275",0,0,5737,0.767175877480682,1,1,0
"276",1,1,82217,1.21304773526138,0,1,1
"277",1,1,21616,0.102570790588686,1,1,1
"278",1,1,80166,0.564659378976687,1,1,1
"279",0,1,0,-1.52409977806294,0,1,0
"280",1,1,6821,-0.145083408307552,1,1,0
"281",0,0,18501,0.102570790588686,0,1,0
"282",0,1,0,-0.0139730138137069,1,1,0
"283",0,0,16332,0.779015637757325,0,0,0
"284",0,0,29452,0.539212535211941,1,1,0
"285",1,1,6965,-1.52409977806294,1,1,0
"286",1,1,34612,1.0249493702102,1,1,0
"287",1,1,1565,-1.52409977806294,1,1,0
"288",1,1,26334,-1.52409977806294,0,0,1
"289",0,0,0,0.212382210845837,1,0,1
"290",0,1,2322,-1.52409977806294,1,0,0
"291",1,1,36201,-0.0591199816718074,0,0,1
"292",1,1,6747,-1.52409977806294,0,1,1
"293",0,0,0,0.975474577058332,0,0,0
"294",0,0,13726,-1.52409977806294,1,1,1
"295",1,1,2806,-0.12714755051218,0,1,1
"296",0,1,48553,1.00133785291652,0,0,1
"297",1,1,978,0.397996893485543,0,1,0
"298",1,1,38743,0.977636802546718,1,1,1
"299",1,1,0,0.648797858205049,1,1,0
"300",1,1,46159,1.04667001220076,1,1,1
"301",0,1,18147,-1.52409977806294,0,0,0
"302",0,0,13874,0.882538965294045,1,1,1
"303",0,1,13419,0.588262676782656,0,1,1
"304",0,0,20442,0.538805966010795,1,1,0
"305",1,1,5311,-1.52409977806294,0,1,0
"306",1,1,254,0.161907650103949,0,1,0
"307",0,1,2108,0.460778602579723,0,1,1
"308",1,1,24799,0.588262676782656,1,1,1
"309",1,1,18299,0.914923572565032,0,1,1
"310",0,0,11010,-1.52409977806294,0,1,1
"311",0,1,56087,0.460778602579723,1,0,1
"312",0,1,23453,0.376672979649578,1,1,1
"313",0,1,10101,0.708903112033694,0,0,0
"314",1,1,18009,0.858581213504869,0,1,0
"315",0,1,8945,0.908053571717931,1,1,0
"316",1,1,16689,0.0679710161657808,0,0,0
"317",0,0,0,-1.52409977806294,0,1,0
"318",0,0,6180,0.17775173402504,0,0,0
"319",0,0,0,0.254151860684496,1,1,0
"320",0,0,2577,-1.52409977806294,1,1,0
"321",1,1,24536,0.423219715793059,1,0,0
"322",1,1,51060,0.622714993047752,0,1,0
"323",1,1,28804,0.505362489320799,1,1,0
"324",1,1,13812,-1.52409977806294,1,1,1
"325",0,1,25700,-1.52409977806294,1,1,0
"326",1,1,14291,0.969992421325686,0,1,1
"327",0,1,588,0.102570790588686,0,0,0
"328",0,1,16919,-1.52409977806294,0,1,0
"329",1,1,45958,1.10301628464762,1,1,1
"330",0,1,17289,0.607249908154119,0,1,0
"331",1,1,29797,0.538805966010795,1,1,0
"332",1,1,16417,0.807972432925565,1,1,0
"333",0,1,0,-1.52409977806294,0,1,0
"334",0,1,39570,0.878690015641386,1,1,1
"335",1,1,0,0.387307408084626,1,1,1
"336",0,1,12615,0.836862310742941,1,1,0
"337",1,1,9219,0.400266011144916,1,0,1
"338",1,1,8513,-0.277053678368629,0,1,1
"339",0,0,4614,0.836862310742941,0,0,1
"340",1,1,5557,0.510227782937839,1,1,0
"341",0,0,41690,0.85010107063032,1,0,1
"342",1,1,23765,-0.457061707266294,0,1,0
"343",0,1,33403,1.03535312169876,1,1,0
"344",1,1,6930,0.190772694764817,1,1,1
"345",0,0,10953,0.648797858205049,0,1,1
"346",0,0,26475,0.718583746369592,1,1,0
"347",0,1,40629,0.405414085098056,1,1,1
"348",1,1,0,0.588262676782656,1,1,0
"349",0,1,7872,0.630080694611304,0,1,1
"350",1,1,26037,-1.52409977806294,0,0,0
"351",0,0,10350,0.599336628080891,0,1,1
"352",0,0,6150,0.460778602579723,0,1,0
"353",1,1,960,-1.52409977806294,1,1,0
"354",0,0,24333,0.460778602579723,0,1,1
"355",1,1,10652,0.726847817268774,0,1,1
"356",1,1,21175,-0.205220118389265,1,1,0
"357",0,0,11117,0.576717554763112,0,1,0
"358",0,1,3345,0.914923572565032,0,1,1
"359",0,1,61813,1.28250163284865,0,1,1
"360",1,1,21572,0.502741882108758,1,1,0
"361",1,1,3732,0.327636982564264,0,1,1
"362",0,1,60,-0.0848629536107846,1,0,1
"363",0,0,27660,0.915059214147766,1,1,0
"364",1,1,45400,0.719978685914774,1,1,0
"365",0,0,26314,0.229020688205958,1,1,0
"366",0,1,3330,0.721366492012549,1,1,0
"367",0,0,34531,0.690619104557388,1,1,1
"368",1,1,15218,1.11741691434998,1,1,1
"369",0,1,22662,0.600203327072239,1,1,0
"370",0,1,7501,0.870944060842476,1,1,1
"371",0,0,7838,-1.52409977806294,0,1,0
"372",0,1,0,0.538805966010795,0,1,1
"373",0,0,18101,0.975474577058332,1,0,1
"374",1,1,1839,-1.52409977806294,1,1,0
"375",1,1,567,-1.52409977806294,0,1,0
"376",0,1,21569,0.808274083446812,0,1,0
"377",0,1,62019,1.08550263582028,1,1,0
"378",1,1,12597,0.758804816873193,1,1,0
"379",1,1,39383,0.858581213504869,1,0,0
"380",0,0,1779,0.350831884717768,1,0,1
"381",0,0,23466,0.588262676782656,1,0,0
"382",1,1,22411,0.978845526284395,1,1,0
"383",1,1,24049,-1.52409977806294,1,1,1
"384",0,0,8315,0.85010107063032,1,1,1
"385",0,0,18615,-0.0958851747417371,1,0,1
"386",1,1,25669,0.580232952246741,1,0,1
"387",0,0,29961,1.00133785291652,1,1,1
"388",0,0,1971,1.0249493702102,1,0,1
"389",1,1,981,0.188809685186082,0,0,0
"390",1,1,47142,1.0249493702102,1,1,1
"391",1,1,63075,0.942323653122436,1,1,1
"392",1,1,0,-1.52409977806294,0,1,0
"393",0,0,0,-1.52409977806294,1,0,1
"394",0,0,1074,-1.52409977806294,0,1,0
"395",0,1,5376,0.786576824364191,1,1,0
"396",1,1,10185,-1.52409977806294,1,1,0
"397",1,1,60033,1.01340031708472,1,1,1
"398",0,1,17863,0.726847817268774,0,0,0
"399",1,1,150,-1.52409977806294,1,1,0
"400",1,1,28314,0.524892878948738,0,1,0
"401",0,0,15850,0.212382210845837,1,0,1
"402",0,1,7512,0.648797858205049,1,1,1
"403",1,1,17976,-1.52409977806294,1,0,0
"404",1,1,32178,1.0249493702102,0,0,0
"405",1,1,23437,0.599336628080891,0,1,0
"406",1,1,17413,0.510227782937839,1,1,0
"407",0,0,5916,0.42446270219961,1,1,0
"408",1,1,36010,-1.52409977806294,0,1,1
"409",1,1,56520,0.878690015641386,1,1,1
"410",1,1,5850,0.162993191115368,1,1,0
"411",0,1,39102,0.609976363530355,1,1,0
"412",1,1,20358,0.350017322152236,0,1,1
"413",0,0,0,-1.52409977806294,1,1,0
"414",1,1,63719,1.11946789335359,1,1,1
"415",0,0,23725,-1.52409977806294,1,1,0
"416",1,1,828,0.916614238953721,0,1,0
"417",1,1,26906,0.688439919648254,0,1,0
"418",0,0,24,-1.52409977806294,0,0,0
"419",1,1,5918,-1.52409977806294,1,1,1
"420",0,1,36669,1.00133785291652,1,0,0
"421",1,1,4069,0.538805966010795,0,1,1
"422",1,1,555,-1.52409977806294,1,1,1
"423",1,1,31273,0.648797858205049,0,1,1
"424",1,1,30439,0.377657150777158,1,1,0
"425",1,1,13755,0.674655379794383,1,1,0
"426",0,0,21310,0.648797858205049,1,0,0
"427",1,1,26440,1.04667001220076,0,0,1
"428",1,1,5865,-1.52409977806294,1,1,0
"429",0,1,13825,-1.52409977806294,0,1,0
"430",1,1,26013,0.836862310742941,1,1,0
"431",0,0,702,0.549444658592949,0,1,1
"432",1,1,7086,0.831703354367343,1,1,0
"433",0,0,4281,0.460778602579723,0,1,0
"434",0,0,43006,0.421971010103767,1,1,1
"435",1,1,34587,0.648797858205049,0,0,1
"436",1,1,0,0.940786231771823,1,1,0
"437",0,1,10191,0.740085500669882,0,0,1
"438",0,0,11948,0.928775951448697,1,0,1
"439",0,0,4389,0.358845800409728,1,1,1
"440",1,1,0,0.102570790588686,0,1,0
"441",1,1,0,-1.52409977806294,0,0,0
"442",0,1,21609,0.322268754740774,1,1,0
"443",1,1,2625,-0.271625799614365,0,1,0
"444",0,1,3723,0.188809685186082,0,1,1
"445",1,1,15223,0.673749527397859,1,1,0
"446",0,1,2343,0.674737580276916,1,0,1
"447",1,1,14466,1.02404331848468,0,1,1
"448",1,1,663,1.11946789335359,0,1,1
"449",1,1,49363,0.862806155196176,0,1,1
"450",1,1,62132,0.726847817268774,0,1,1
"451",1,1,25791,0.648797858205049,1,1,1
"452",1,1,13484,0.502586937833349,0,1,0
"453",0,1,29339,0.134460119762742,0,1,0
"454",1,1,225,-1.52409977806294,1,1,1
"455",1,1,10942,-1.52409977806294,0,1,1
"456",0,1,10728,0.741824121412236,0,1,0
"457",1,1,5953,1.00133785291652,0,0,0
"458",0,0,0,0.467916026213718,1,1,0
"459",1,1,24971,0.946884340069479,0,0,0
"460",1,1,1479,0.787392039429005,0,1,0
"461",0,0,45465,0.648797858205049,0,0,1
"462",1,1,36091,1.08600871501777,1,1,0
"463",0,0,798,0.914923572565032,1,1,1
"464",0,0,40727,1.08550263582028,1,1,0
"465",0,0,1379,-1.52409977806294,1,1,0
"466",1,1,0,-1.52409977806294,0,1,0
"467",1,1,2934,-1.52409977806294,0,1,0
"468",0,0,13,-0.288246394175211,0,1,1
"469",0,1,651,-1.52409977806294,0,0,1
"470",0,1,0,-1.52409977806294,0,0,0
"471",1,1,20196,0.102570790588686,1,1,0
"472",1,1,352,0.846633399863378,0,0,1
"473",1,1,11261,0.576717554763112,0,0,0
"474",0,0,5337,-1.52409977806294,0,1,1
"475",1,1,12747,0.254151860684496,0,0,1
"476",0,0,48024,0.719978685914774,0,1,1
"477",0,0,0,-1.52409977806294,1,0,0
"478",1,1,9931,-0.610266566252685,1,1,0
"479",0,1,0,1.27360326215782,1,1,1
"480",1,1,15649,-1.52409977806294,0,1,1
"481",0,1,636,1.31543613533244,1,1,1
"482",1,1,29302,0.442067893844077,1,1,1
"483",1,1,52197,0.980848178834212,1,1,1
"484",0,0,1541,0.808274083446812,0,1,1
"485",1,1,19773,-0.162485836395737,1,1,1
"486",0,0,0,-1.52409977806294,0,0,0
"487",0,0,489,0.758804816873193,1,0,1
"488",1,1,10251,-1.52409977806294,0,1,0
"489",1,1,18,0.538805966010795,0,0,0
"490",0,0,0,0.281386730044695,1,0,0
"491",1,1,0,-1.52409977806294,1,0,1
"492",1,1,9351,0.394095309883305,1,0,1
"493",0,0,2691,0.102570790588686,1,1,1
"494",0,0,17537,-1.52409977806294,0,1,1
"495",0,0,2074,-1.52409977806294,0,0,0
"496",1,1,12305,1.10301628464762,0,0,1
"497",1,1,10375,0.836862310742941,1,0,1
"498",0,0,13965,-0.19288231695551,1,1,1
"499",1,1,28635,0.712430913311196,1,0,0
"500",1,1,13024,0.914923572565032,0,0,1
"501",1,1,12714,0.797459280355478,1,1,0
"502",1,1,15828,0.725555991472594,1,0,1
"503",0,0,40418,-1.52409977806294,1,1,1
"504",1,1,11591,-0.2509388443668,0,1,1
"505",1,1,51541,0.400266011144916,1,0,0
"506",1,1,5337,-1.52409977806294,1,0,1
"507",1,1,17263,-1.52409977806294,1,0,1
"508",1,1,61398,1.22610497858713,1,0,1
"509",0,0,4943,0.588262676782656,0,0,1
"510",1,1,46737,-0.0848629536107846,1,0,1
"511",0,0,58942,0.914923572565032,0,1,1
"512",1,1,25212,0.510227782937839,0,1,0
"513",0,0,3170,-1.52409977806294,0,1,0
"514",1,1,5337,-1.52409977806294,1,1,1
"515",1,1,19094,0.794673664879924,0,0,0
"516",1,1,36153,0.931374183713974,1,1,0
"517",0,1,16363,-0.277053678368629,1,0,1
"518",0,1,33590,0.290341866347252,1,1,1
"519",0,0,0,-1.52409977806294,1,1,0
"520",0,1,6822,0.66021975300492,0,1,1
"521",1,1,0,0.364059887616163,1,1,0
"522",1,1,52129,1.0667803051313,1,0,1
"523",1,1,12412,0.713216605082796,1,1,0
"524",0,1,0,0.101213863306713,1,1,0
"525",1,1,13881,0.205985637835018,1,0,0
"526",1,1,15109,0.878690015641386,1,0,0
"527",0,1,8187,0.254151860684496,1,1,0
"528",1,1,23555,-1.52409977806294,1,1,0
"529",0,1,7260,-0.516292427492594,0,0,1
"530",1,1,0,1.10187754568563,1,1,1
"531",1,1,10242,-1.52409977806294,0,0,1
"532",1,1,10423,0.787392039429005,0,1,1
"533",1,1,27295,-1.52409977806294,1,0,1
"534",1,1,63416,-1.52409977806294,1,1,1
"535",0,0,5835,-0.0848629536107846,1,0,0
"536",0,0,25173,0.937685010834339,1,1,1
"537",0,0,25648,0.552040421003432,0,0,0
"538",0,0,10416,0.836862310742941,1,0,1
"539",1,1,462,0.581394704410464,0,1,0
"540",1,1,96,0.162993191115368,0,1,0
"541",1,1,3297,1.02693209969443,1,1,0
"542",1,1,14120,0.798033861226659,0,0,0
"543",1,1,7612,0.481651273215301,1,1,1
"544",0,0,6621,1.27360326215782,1,1,0
"545",0,0,11712,0.946884340069479,1,1,0
"546",0,0,25703,0.787392039429005,0,0,0
"547",1,1,18161,0.973623042577471,0,1,1
"548",0,1,0,-1.52409977806294,0,1,1
"549",1,1,33687,1.03559240942225,0,1,1
"550",0,0,45264,0.881773530035506,0,1,0
"551",0,0,1368,0.66867053935125,0,1,0
"552",1,1,1128,0.616573206770347,0,1,0
"553",1,1,59739,0.648797858205049,0,1,1
"554",0,0,34585,0.538805966010795,1,1,1
"555",1,1,7634,-1.52409977806294,0,0,0
"556",0,0,15720,0.60577039184402,1,1,0
"557",1,1,62799,1.15821282882017,1,0,1
"558",0,0,38833,1.00133785291652,0,1,1
"559",0,1,594,0.102570790588686,1,1,1
"560",0,0,2172,1.0249493702102,1,0,0
"561",1,1,19707,0.102570790588686,1,0,0
"562",0,0,883,0.538805966010795,0,0,1
"563",0,0,25305,0.832623615985032,1,0,1
"564",0,0,44727,0.776315827974546,1,1,0
"565",0,1,3303,0.924389509318259,0,1,1
"566",1,1,20079,0.79062862986055,1,1,0
"567",1,1,2053,0.577659455547251,0,1,1
"568",1,1,1644,0.726847817268774,1,1,0
"569",1,1,51410,0.836862310742941,0,1,1
"570",0,0,0,0.564659378976687,1,1,1
"571",0,1,606,0.538805966010795,1,1,1
"572",0,1,0,0.667997336175633,1,1,1
"573",1,1,13506,0.69523068350836,1,1,1
"574",1,1,20396,0.162993191115368,1,1,1
"575",1,1,37388,0.991286342347031,1,0,0
"576",0,0,0,-0.828011276248967,0,0,1
"577",1,1,18393,0.836862310742941,1,1,0
"578",0,1,19358,0.510227782937839,1,0,1
"579",1,1,13821,-1.52409977806294,1,0,1
"580",0,0,65805,1.0249493702102,0,1,1
"581",1,1,40756,-1.52409977806294,0,1,1
"582",0,1,41892,0.500252095003025,0,0,0
"583",1,1,19099,0.102570790588686,1,0,0
"584",1,1,29417,1.0249493702102,1,1,1
"585",0,1,44804,-1.52409977806294,1,1,1
"586",0,0,27842,0.769794039087389,1,1,0
"587",0,0,0,-1.52409977806294,1,1,0
"588",0,0,7767,0.0247237191026457,1,1,1
"589",0,0,0,0.350831884717768,1,0,1
"590",1,1,11477,0.75717196692063,0,1,0
"591",1,1,26223,0.946884340069479,1,1,0
"592",0,1,15651,-1.52409977806294,1,1,0
"593",1,1,8581,0.836862310742941,1,1,0
"594",1,1,12633,0.400266011144916,1,1,0
"595",1,1,0,-1.52409977806294,0,0,0
"596",1,1,26463,0.879232166003498,1,0,1
"597",1,1,7065,-1.52409977806294,0,0,0
"598",0,1,2109,0.188809685186082,1,1,0
"599",1,1,15794,0.946884340069479,0,1,1
"600",1,1,4728,0.609976363530355,0,1,0
"601",1,1,1702,-1.52409977806294,0,1,0
"602",1,1,9546,0.83156504557763,1,1,0
"603",0,1,41997,1.01328230825953,0,0,1
"604",0,0,30168,0.914923572565032,1,1,1
"605",0,0,31242,1.22412575550528,1,1,1
"606",1,1,867,0.975474577058332,1,0,0
"607",0,0,6477,-1.52409977806294,0,1,0
"608",1,1,134091,-1.52409977806294,0,1,1
"609",0,0,10014,0.787392039429005,1,0,0
"610",0,0,17047,0.376672979649578,1,0,0
"611",0,1,13443,0.836862310742941,1,1,1
"612",1,1,27450,0.820409704358928,0,0,1
"613",0,1,1758,0.726847817268774,0,1,1
"614",1,1,504,0.71577217093987,0,1,0
"615",1,1,3876,-1.52409977806294,0,1,1
"616",1,1,28692,0.787392039429005,1,1,0
"617",1,1,19327,0.574705094877119,1,1,0
"618",0,0,41170,1.0667803051313,0,0,1
"619",1,1,20512,0.776315827974546,1,1,1
"620",0,0,864,-1.52409977806294,1,1,1
"621",0,0,21267,0.836862310742941,0,0,1
"622",0,1,18758,0.878690015641386,1,1,1
"623",0,0,11198,0.742913121609993,1,1,0
"624",0,1,7579,0.648797858205049,1,1,1
"625",0,1,22761,0.491514923077756,0,1,0
"626",1,1,0,-1.52409977806294,0,1,0
"627",1,1,10099,0.690619104557388,0,0,1
"628",0,1,35529,-1.52409977806294,1,1,1
"629",0,1,25077,-1.52409977806294,0,1,1
"630",0,0,31690,0.758804816873193,0,1,0
"631",0,0,28974,-1.52409977806294,0,0,0
"632",0,0,1525,0.0740527248145915,0,0,0
"633",1,1,35382,0.818141918049088,0,0,0
"634",1,1,813,0.733547364867927,0,0,1
"635",1,1,2061,-0.457061707266294,1,1,1
"636",0,0,0,0.914923572565032,1,1,1
"637",1,1,28860,0.915160900862629,1,0,0
"638",1,1,50766,0.836862310742941,1,0,1
"639",0,1,35373,0.836862310742941,1,0,0
"640",1,1,29377,1.00420889847814,0,0,0
"641",1,1,0,-1.52409977806294,0,1,0
"642",1,1,565,0.977636802546718,1,1,1
"643",1,1,21623,0.460778602579723,0,1,1
"644",0,0,15181,1.0667803051313,0,1,1
"645",1,1,68468,1.04667001220076,0,1,1
"646",0,1,20474,0.878690015641386,1,1,0
"647",1,1,9472,-1.52409977806294,1,1,1
"648",0,0,0,-0.271625799614365,1,1,1
"649",0,0,18587,0.538805966010795,1,1,0
"650",0,1,91697,-1.52409977806294,1,1,0
"651",0,0,12197,-1.52409977806294,0,1,1
"652",1,1,23144,-0.503366894608754,1,1,0
"653",0,1,0,-0.789175869394489,1,1,1
"654",1,1,54168,0.421971010103767,1,1,0
"655",0,0,0,-1.52409977806294,1,1,0
"656",1,1,3626,-0.135153585104121,0,0,0
"657",1,1,23991,0.814237734319464,1,1,0
"658",1,0,9535,0.102570790588686,1,1,0
"659",0,0,10257,0.65381535137145,1,1,0
"660",1,1,5976,-1.52409977806294,0,0,0
"661",1,1,17914,-1.52409977806294,1,0,0
"662",1,1,1057,-1.52409977806294,0,0,0
"663",0,0,2349,0.813252848858161,1,1,1
"664",0,0,12897,0.510227782937839,1,0,1
"665",0,1,231,0.538126994200523,0,1,0
"666",1,1,7155,-1.52409977806294,1,1,1
"667",0,1,1347,-1.52409977806294,1,1,0
"668",1,1,38670,1.08550263582028,1,0,1
"669",0,1,0,0.747728856592768,0,1,0
"670",1,1,20323,0.421971010103767,1,1,1
"671",0,0,14572,0.690619104557388,1,1,0
"672",1,1,15357,0.74175992628692,1,1,0
"673",0,0,42282,1.00133785291652,0,1,1
"674",0,0,204,0.460778602579723,0,1,1
"675",1,1,7493,-1.52409977806294,1,1,0
"676",0,0,12812,0.411335444897134,1,1,1
"677",0,0,0,0.648797858205049,1,1,1
"678",0,1,1035,-1.52409977806294,0,1,0
"679",0,1,0,-0.0916992065435702,1,1,1
"680",1,1,43977,0.162993191115368,1,1,1
"681",1,1,4684,0.946884340069479,0,0,1
"682",0,0,86242,0.930574910912027,1,1,1
"683",0,1,1744,-1.52409977806294,0,1,0
"684",0,0,54336,0.787392039429005,0,0,1
"685",1,1,14847,-0.0848629536107846,1,1,0
"686",0,0,0,-1.52409977806294,1,1,0
"687",0,0,21152,0.975474577058332,1,1,1
"688",0,1,354,0.836862310742941,1,1,0
"689",0,0,35770,0.878690015641386,1,1,1
"690",1,1,4921,0.538805966010795,1,1,1
"691",1,1,0,-0.103008546714219,1,0,1
"692",1,1,14180,0.648797858205049,0,1,0
"693",0,1,4622,0.538805966010795,0,0,1
"694",1,1,31565,0.0421821420928183,1,1,1
"695",0,0,50781,-1.52409977806294,0,1,1
"696",0,0,174,-1.52409977806294,1,1,1
"697",0,0,33618,1.05691139387901,1,1,1
"698",0,1,8392,0.954172474481494,0,1,1
"699",1,1,7402,0.773246087637785,0,0,0
"700",1,1,17905,0.589278044426913,1,1,0
"701",0,0,1347,-1.52409977806294,0,1,1
"702",1,1,152,-0.348804182527602,1,0,1
"703",1,1,10398,-1.52409977806294,1,1,0
"704",0,1,1764,-1.52409977806294,1,1,0
"705",1,1,38567,0.538805966010795,1,0,1
"706",0,0,42231,0.981857243192267,1,0,1
"707",1,1,33852,0.402292120944981,1,1,0
"708",1,1,5955,-1.52409977806294,0,0,1
"709",1,1,42,0.798033861226659,1,1,1
"710",0,0,0,-1.52409977806294,0,1,0
"711",0,0,51,-1.52409977806294,0,1,0
"712",0,1,13647,0.588262676782656,1,1,0
"713",0,0,54377,1.0249493702102,1,1,1
"714",0,0,2640,0.819736172994934,0,0,1
"715",0,0,35199,0.648797858205049,0,0,0
"716",0,0,10709,0.933282888506133,1,1,0
"717",1,1,9546,-1.52409977806294,1,1,0
"718",0,0,21675,0.0247237191026457,1,1,1
"719",0,1,1629,0.903669795920975,1,1,0
"720",0,1,33165,0.332321196218518,1,1,0
"721",0,0,15062,0.421971010103767,0,1,0
"722",0,0,0,-1.52409977806294,0,0,0
"723",1,1,759,-1.52409977806294,0,0,0
"724",0,1,0,0.776315827974546,1,1,1
"725",0,0,1488,0.967209247604416,1,1,0
"726",0,1,24425,-1.52409977806294,1,1,1
"727",0,0,3711,0.764768249327518,1,1,1
"728",1,1,5981,-1.52409977806294,0,0,0
"729",1,1,46570,0.870824376213852,1,0,0
"730",0,1,294,0.787392039429005,0,1,1
"731",1,1,16890,-1.52409977806294,1,1,1
"732",0,1,129,-1.52409977806294,0,0,0
"733",1,1,45734,-0.0848629536107846,1,0,1
"734",1,1,11235,0.946884340069479,1,1,0
"735",0,1,1461,0.102570790588686,0,1,0
"736",1,1,14866,0.350831884717768,0,1,1
"737",0,1,40745,0.975474577058332,0,1,1
"738",0,1,0,-1.52409977806294,1,1,0
"739",0,1,6061,-1.52409977806294,1,0,0
"740",1,1,2529,0.648797858205049,0,1,1
"741",0,1,0,-0.00882324086448919,1,0,1
"742",0,1,0,-1.52409977806294,0,0,0
"743",1,1,3624,0.036198610775976,0,0,0
"744",0,0,33285,0.290341866347252,1,1,0
"745",0,1,0,-1.52409977806294,0,1,1
"746",0,0,13998,0.536763933118063,1,1,1
"747",1,1,0,-1.52409977806294,0,0,0
"748",0,0,10311,0.624797620740075,1,1,0
"749",0,0,1833,-1.52409977806294,0,1,0
"750",1,1,414,1.04667001220076,1,1,1
"751",0,0,48288,-1.52409977806294,1,0,1
"752",0,0,43779,1.23476924697078,1,1,0
"753",0,0,0,0.510227782937839,1,1,1
"754",1,1,40139,0.563547397444127,0,0,0
"755",0,0,2026,0.836862310742941,1,1,0
"756",0,0,22569,0.946884340069479,1,0,0
"757",1,1,2454,-1.52409977806294,0,1,1
"758",1,1,1257,-0.0848629536107846,0,0,0
"759",0,1,36739,0.740085500669882,0,1,1
"760",1,1,1366,0.648797858205049,1,1,1
"761",1,1,24621,0.248281735119543,0,1,1
"762",0,0,6521,-1.52409977806294,0,0,1
"763",0,0,0,-0.0848629536107846,1,0,1
"764",0,0,14130,0.538805966010795,1,0,0
"765",1,1,22920,-1.52409977806294,0,1,0
"766",0,0,21804,-1.52409977806294,1,1,1
"767",0,0,4800,0.0740527248145915,0,0,1
"768",0,0,5074,0.787392039429005,1,0,1
"769",0,1,14936,0.290341866347252,0,0,0
"770",1,1,10005,0.899931898100273,1,1,1
"771",1,1,0,-1.52409977806294,1,1,0
"772",1,1,4491,-1.52409977806294,1,1,1
"773",0,1,0,-1.52409977806294,0,1,1
"774",0,1,46491,-0.277053678368629,1,0,1
"775",0,0,26496,-1.52409977806294,1,1,0
"776",1,1,2647,0.322268754740774,0,1,1
"777",1,1,972,0.740085500669882,1,1,0
"778",1,1,0,0.599336628080891,1,1,1
"779",1,1,55365,-1.52409977806294,1,0,1
"780",1,1,18806,0.538805966010795,0,1,1
"781",0,1,1219,0.538805966010795,1,1,0
"782",1,0,2517,0.758804816873193,1,1,1
"783",0,0,25996,0.726847817268774,1,1,1
"784",0,0,29522,0.460778602579723,0,1,0
"785",1,1,257,0.227316538863618,0,1,0
"786",0,0,10445,-1.52409977806294,1,1,1
"787",1,1,2136,-1.52409977806294,1,1,0
"788",1,1,18121,0.700364125186863,0,1,0
"789",0,0,32103,-1.52409977806294,1,1,0
"790",1,1,36861,0.322268754740774,1,0,0
"791",0,1,20857,0.950478497769653,1,1,1
"792",0,1,1797,0.254151860684496,1,0,0
"793",1,1,8551,-1.52409977806294,1,0,1
"794",0,1,0,-1.52409977806294,0,1,0
"795",0,0,14220,-1.52409977806294,1,1,1
"796",0,1,14889,-1.52409977806294,1,1,0
"797",0,0,6668,0.480812888578782,0,1,0
"798",0,1,95,-1.52409977806294,0,0,0
"799",0,1,0,0.350831884717768,0,1,1
"800",0,0,5145,-1.52409977806294,0,0,0
"801",1,1,68929,0.364059887616163,0,1,1
"802",0,0,20865,0.818141918049088,0,1,0
"803",0,1,26010,0.421971010103767,1,0,0
"804",1,1,21123,0.534430900723367,1,1,1
"805",0,1,0,-1.52409977806294,0,1,0
"806",1,1,20,-0.544151213903637,0,0,1
"807",0,0,2472,-1.52409977806294,0,1,0
"808",1,1,25266,-1.52409977806294,1,1,0
"809",1,1,7916,0.787392039429005,0,1,0
"810",0,0,11741,0.986117442336983,1,1,1
"811",1,1,8115,0.0740527248145915,1,1,0
"812",0,1,1058,-1.52409977806294,0,1,0
"813",1,1,20028,0.946884340069479,0,0,1
"814",1,1,68358,-1.52409977806294,0,1,1
"815",1,1,25339,0.648797858205049,0,1,1
"816",1,1,21411,0.388253825403018,0,1,1
"817",0,0,23469,0.995124660302527,1,1,0
"818",0,1,23579,1.11136673392611,1,1,0
"819",0,0,6309,0.96521572280956,0,1,0
"820",0,1,6768,-1.52409977806294,0,1,0
"821",0,1,0,-1.52409977806294,0,0,0
"822",0,1,0,-0.431680148206683,0,0,0
"823",0,0,579,0.914923572565032,0,1,0
"824",0,0,13965,0.836862310742941,1,0,1
"825",0,0,9148,0.689064331522237,0,1,0
"826",0,1,0,-1.52409977806294,1,1,1
"827",1,1,31489,1.00133785291652,1,0,1
"828",0,1,1276,0.497896990049383,0,1,1
"829",0,0,10370,-1.52409977806294,0,1,1
"830",0,0,10620,-0.348804182527602,1,1,1
"831",1,1,43366,0.212382210845837,0,1,1
"832",0,1,4569,-1.52409977806294,1,1,1
"833",0,0,1383,0.494724716745903,0,0,1
"834",0,0,13871,-0.222594683552271,1,1,1
"835",1,1,5047,0.162993191115368,1,1,0
"836",0,0,38036,0.698262101690902,1,1,0
"837",1,1,34735,0.878690015641386,1,1,0
"838",0,1,82797,1.12574789372858,1,0,1
"839",1,1,42294,0.690619104557388,1,0,1
"840",0,1,31852,0.836862310742941,1,1,1
"841",0,0,6641,0.442067893844077,0,1,1
"842",1,1,9824,-1.52409977806294,1,1,1
"843",1,1,14258,-1.52409977806294,0,1,0
"844",0,0,20595,-1.52409977806294,1,1,0
"845",0,0,4821,0.946884340069479,1,1,1
"846",0,0,0,-1.52409977806294,1,1,0
"847",1,1,26220,0.228595653050937,1,1,1
"848",0,0,65513,0.975474577058332,1,1,1
"849",0,0,0,-1.52409977806294,1,1,0
"850",0,0,4167,0.817559859078495,0,1,1
"851",1,1,1086,0.496632527000035,0,1,1
"852",1,1,1932,0.538805966010795,0,0,1
"853",0,0,16931,0.442067893844077,1,1,0
"854",1,1,7921,0.538805966010795,1,0,1
"855",1,1,0,0.878690015641386,1,0,1
"856",0,1,9383,0.836862310742941,0,1,0
"857",0,0,8272,0.836862310742941,1,1,0
"858",0,1,0,-0.457061707266294,0,0,0
"859",1,1,14896,0.588262676782656,0,1,1
"860",0,0,23322,0.102570790588686,1,0,1
"861",1,1,4380,-1.52409977806294,1,1,0
"862",1,1,17166,1.10046021064382,1,1,1
"863",1,1,19464,-1.52409977806294,0,1,0
"864",0,1,1881,-1.52409977806294,1,1,1
"865",1,1,9029,-0.271625799614365,0,0,0
"866",0,0,2233,-1.52409977806294,1,1,0
"867",0,0,33567,0.726847817268774,1,1,0
"868",0,1,586,0.975474577058332,1,1,0
"869",1,1,27914,0.538805966010795,1,1,1
"870",1,1,8637,0.782629338169187,1,1,1
"871",0,0,0,-1.52409977806294,0,0,0
"872",1,1,14896,-0.00177388631807837,1,0,0
"873",0,1,2495,0.726847817268774,0,1,1
"874",0,0,1002,0.250252585400816,1,1,1
"875",0,0,11743,0.821990731233791,1,1,0
"876",0,0,7385,0.455299582882763,1,1,1
"877",1,1,0,-1.52409977806294,0,1,0
"878",0,0,11187,0.538805966010795,1,1,1
"879",0,0,16648,0.720395773431821,1,1,0
"880",0,1,25977,1.19279413896828,1,1,0
"881",1,0,11011,0.847504480344855,0,1,1
"882",1,1,225,-1.52409977806294,1,0,0
"883",1,1,0,-0.503366894608754,0,0,0
"884",1,1,10022,0.808274083446812,1,0,0
"885",0,0,70239,0.726847817268774,1,1,1
"886",1,1,18486,-1.52409977806294,1,0,1
"887",1,1,16352,0.836862310742941,1,1,0
"888",0,1,30643,0.949882767333952,0,0,1
"889",0,1,6452,-1.52409977806294,1,0,0
"890",0,0,660,-1.52409977806294,0,0,1
"891",1,1,2137,0.717673175484856,1,1,1
"892",0,1,8347,0.838665239752368,1,0,0
"893",0,0,24105,0.803918054758621,1,1,0
"894",1,1,23970,0.726847817268774,1,0,0
"895",0,0,3351,-1.52409977806294,0,1,0
"896",0,0,2046,0.538805966010795,0,1,1
"897",1,1,11862,-1.52409977806294,0,1,1
"898",0,0,1238,-1.52409977806294,1,1,1
"899",0,0,24171,0.719700271023972,1,1,0
"900",1,0,65536,0.662034465294971,1,0,0
"901",0,0,12040,0.576717554763112,1,1,1
"902",0,1,11755,0.903846513314084,0,1,1
"903",0,1,24102,0.914923572565032,0,1,1
"904",1,1,0,0.602143338525991,1,1,1
"905",1,1,459,-1.52409977806294,0,1,0
"906",0,0,15277,0.524892878948738,0,1,0
"907",1,1,21761,0.648797858205049,0,1,0
"908",1,1,1254,-1.52409977806294,1,1,0
"909",0,1,34291,0.946884340069479,1,1,1
"910",0,0,27057,0.836862310742941,1,1,0
"911",0,0,27651,-1.52409977806294,0,0,0
"912",0,0,26448,0.914923572565032,1,1,1
"913",0,1,0,0.290341866347252,0,0,1
"914",1,1,1506,-1.52409977806294,1,1,0
"915",1,1,46890,1.04667001220076,1,0,1
"916",1,1,24387,0.407402261689958,1,1,1
"917",0,0,15141,-0.181081114591303,1,1,1
"918",0,0,13021,-1.52409977806294,0,1,1
"919",1,1,8147,0.648797858205049,1,1,0
"920",0,0,33204,0.389196953688476,0,1,0
"921",0,1,23076,-1.52409977806294,0,0,1
"922",1,1,11829,-0.271625799614365,1,1,0
"923",0,0,0,-1.52409977806294,1,1,0
"924",0,0,0,0.787392039429005,1,0,1
"925",1,1,26355,-1.52409977806294,1,0,0
"926",1,1,17973,0.795728202406564,1,0,0
"927",0,1,0,-1.52409977806294,1,1,0
"928",0,0,0,-1.52409977806294,1,1,0
"929",0,1,10784,0.538805966010795,1,1,0
"930",0,0,39917,0.478282081698801,0,1,0
"931",1,1,29744,0.0146202382445665,0,1,0
"932",1,1,15633,0.599878639227718,0,1,0
"933",0,0,2949,-1.52409977806294,1,1,0
"934",0,0,4557,0.403857592312721,1,1,0
"935",0,1,155760,1.3836373510251,1,1,1
"936",1,1,264,0.787392039429005,1,1,1
"937",0,0,11478,-1.52409977806294,0,0,0
"938",0,0,50916,0.946884340069479,1,0,0
"939",0,0,1383,-1.52409977806294,1,1,0
"940",0,1,40308,0.935807123804937,1,1,0
"941",1,1,732,-0.277053678368629,0,1,0
"942",0,0,14173,-1.52409977806294,1,0,1
"943",0,1,15759,0.928162870761217,1,1,0
"944",0,1,27627,0.914923572565032,1,1,0
"945",0,1,24112,1.0667803051313,0,1,0
"946",0,0,17205,0.648797858205049,1,0,1
"947",0,0,15711,1.04667001220076,1,1,1
"948",0,0,1791,0.480644900401949,0,1,0
"949",1,1,1887,0.639600607607771,1,1,1
"950",0,1,7563,0.322268754740774,0,1,0
"951",1,1,7414,-1.52409977806294,0,1,0
"952",1,1,14042,0.400266011144916,0,1,0
"953",1,1,3155,0.660479741743637,1,1,0
"954",0,0,45399,0.813252848858161,1,0,1
"955",0,1,0,0.787392039429005,0,1,1
"956",0,0,0,-1.52409977806294,1,1,1
"957",0,0,1795,0.726847817268774,0,0,1
"958",0,1,0,1.0667803051313,1,1,1
"959",1,1,4308,0.588262676782656,0,0,0
"960",1,1,12462,-0.315257222560467,1,1,0
"961",1,1,8532,0.597376375562072,0,1,1
"962",0,0,0,-1.52409977806294,0,0,0
"963",1,1,1976,0.588262676782656,1,0,0
"964",0,0,57072,-1.52409977806294,0,1,1
"965",0,0,36268,-1.52409977806294,0,0,1
"966",0,1,7785,0.636779533441629,1,1,1
"967",0,1,27504,0.726847817268774,0,1,1
"968",0,1,4005,0.588262676782656,1,0,0
"969",1,1,8070,0.400266011144916,1,1,0
"970",0,0,28236,0.878690015641386,1,1,1
"971",0,1,37972,0.798033861226659,1,1,1
"972",1,1,63663,0.350831884717768,1,1,1
"973",0,1,10099,0.648797858205049,1,0,1
"974",0,0,15802,0.767701534380002,1,0,0
"975",1,1,17802,0.908053571717931,1,1,0
"976",1,1,18089,0.730419165945877,1,1,0
"977",1,1,7665,0.836862310742941,1,1,0
"978",0,1,228,-1.52409977806294,1,0,0
"979",0,0,1275,0.549314216441432,1,1,0
"980",1,1,51054,1.08998814205284,1,0,1
"981",0,0,0,-1.52409977806294,0,1,0
"982",1,0,10761,-1.52409977806294,1,1,0
"983",0,0,32355,1.13497893643568,0,1,1
"984",0,0,8241,-1.52409977806294,1,0,0
"985",1,1,20460,0.510227782937839,1,0,1
"986",0,0,14990,-1.52409977806294,1,1,0
"987",0,1,7133,1.15670015823105,0,1,1
"988",1,1,21083,0.957758918467776,0,1,1
"989",0,0,12161,-1.52409977806294,1,1,0
"990",0,0,1464,0.350831884717768,0,1,1
"991",1,1,21762,0.787392039429005,1,1,1
"992",0,1,21768,0.99393576061693,1,0,0
"993",0,0,15362,0.878690015641386,1,0,1
"994",0,0,933,0.273931607609577,1,1,1
"995",1,1,34011,0.290341866347252,1,1,1
"996",0,1,216,-1.52409977806294,0,0,0
"997",0,0,23745,-1.52409977806294,1,1,0
"998",1,1,29447,0.538805966010795,1,1,1
"999",1,1,7668,-1.52409977806294,0,1,0
"1000",1,1,297,-1.52409977806294,1,1,0
"1001",1,1,19123,0.966565060038086,1,1,0
"1002",1,1,4574,0.478282081698801,0,1,0
"1003",0,0,49599,0.856233361089246,1,0,1
"1004",1,1,33135,0.400266011144916,1,1,1
"1005",1,1,15690,0.609976363530355,1,0,1
"1006",0,1,33677,1.02315699598274,1,0,0
"1007",0,0,9297,0.162993191115368,1,1,0
"1008",0,1,1833,0.648797858205049,0,0,1
"1009",1,1,41023,-1.52409977806294,1,1,0
"1010",1,1,22499,-1.52409977806294,1,0,0
"1011",1,1,17841,-1.52409977806294,1,1,0
"1012",0,1,50271,0.886334089244092,1,1,0
"1013",1,1,19960,1.23476924697078,1,1,1
"1014",1,1,37030,0.71577217093987,1,1,0
"1015",1,1,24,0.162993191115368,1,1,0
"1016",1,1,3399,0.486298956805314,0,1,0
"1017",1,1,8603,0.599336628080891,1,1,0
"1018",0,1,28264,0.0247237191026457,0,0,1
"1019",0,0,0,-1.52409977806294,1,1,0
"1020",0,1,180,-1.52409977806294,0,1,1
"1021",1,1,12811,0.85394995962936,1,1,0
"1022",0,1,31617,0.975474577058332,1,1,1
"1023",1,1,32883,0.878690015641386,1,1,0
"1024",1,1,4596,0.836862310742941,1,1,1
"1025",0,0,21740,0.901005132656153,0,1,1
"1026",1,1,33792,0.0247237191026457,1,1,1
"1027",1,1,45914,1.01285705109598,1,1,1
"1028",1,1,12027,0.46383497350416,1,0,0
"1029",0,0,1569,0.620214653903714,1,1,1
"1030",0,0,31341,0.897411054289019,0,1,1
"1031",0,0,22908,0.58000000382814,1,0,0
"1032",0,1,39233,0.105264459263979,1,1,1
"1033",1,1,522,-1.52409977806294,0,0,0
"1034",0,1,795,0.538805966010795,1,1,0
"1035",1,1,1689,-1.52409977806294,1,1,0
"1036",0,0,9618,-1.52409977806294,1,0,1
"1037",0,1,45063,0.787392039429005,1,1,0
"1038",1,1,426,0.726847817268774,1,1,1
"1039",1,1,6739,0.322268754740774,1,0,1
"1040",1,1,43510,0.787392039429005,1,1,1
"1041",0,0,427,0.878690015641386,1,1,0
"1042",1,1,15410,-1.52409977806294,1,1,0
"1043",1,1,43527,0.975474577058332,1,1,1
"1044",0,1,9492,0.648797858205049,1,1,0
"1045",0,0,1296,0.266635875478376,0,1,0
"1046",0,1,381,-1.52409977806294,1,1,0
"1047",0,0,8824,1.05105963997632,1,1,0
"1048",1,1,1681,-1.52409977806294,0,1,1
"1049",0,0,8826,-1.52409977806294,1,0,0
"1050",0,0,32483,0.914923572565032,1,1,1
"1051",1,1,2604,-1.52409977806294,1,1,1
"1052",0,0,41595,1.16357068087968,0,1,1
"1053",1,1,2990,-1.52409977806294,0,0,0
"1054",0,0,6055,0.865505303848268,0,1,1
"1055",0,1,0,0.350831884717768,0,1,1
"1056",1,1,7112,0.588262676782656,0,0,0
"1057",0,1,803,-1.52409977806294,0,1,0
"1058",1,1,29141,1.13497893643568,1,1,1
"1059",1,1,30678,0.648797858205049,1,1,1
"1060",1,1,21233,-1.52409977806294,0,0,0
"1061",1,1,0,-1.52409977806294,1,0,1
"1062",1,1,17087,0.474183050101391,1,0,0
"1063",1,1,55396,0.940786231771823,1,0,1
"1064",0,1,12375,0.558423238522489,1,1,0
"1065",0,0,22173,0.831057309431385,0,1,0
"1066",1,1,54079,1.0249493702102,1,1,1
"1067",0,0,1482,-1.52409977806294,0,1,0
"1068",1,1,46545,-1.52409977806294,0,1,0
"1069",1,1,4569,0.0851011253340678,0,1,0
"1070",0,0,3435,-1.52409977806294,0,1,1
"1071",0,1,0,0.376672979649578,1,0,1
"1072",0,1,29319,0.794356502914327,1,1,1
"1073",0,0,21060,0.102570790588686,0,1,1
"1074",0,1,1419,0.71577217093987,1,1,0
"1075",0,0,10167,0.02382060715105,0,0,0
"1076",1,1,0,0.5825515045039,0,1,1
"1077",0,0,552,0.552040421003432,1,1,1
"1078",0,1,4366,0.421971010103767,0,0,1
"1079",0,0,2812,0.758804816873193,0,1,0
"1080",1,1,1821,-1.52409977806294,0,1,0
"1081",0,0,2346,0.290341866347252,0,1,0
"1082",0,0,29728,0.215078109415964,1,1,0
"1083",0,0,502,0.763111654484834,1,1,0
"1084",0,1,656,-1.52409977806294,0,1,0
"1085",0,0,5292,0.576717554763112,0,1,1
"1086",1,1,38859,0.0770432221933737,0,0,1
"1087",0,1,0,0.648797858205049,1,1,0
"1088",1,1,1491,0.690619104557388,1,1,1
"1089",0,0,0,-1.52409977806294,1,0,1
"1090",0,1,1656,-1.52409977806294,0,1,0
"1091",1,1,53796,0.916951111999717,1,0,1
"1092",0,0,77984,1.0249493702102,1,1,1
"1093",0,0,26163,-1.52409977806294,0,0,0
"1094",1,1,10707,0.827663501255355,0,0,0
"1095",1,1,11635,0.969992421325686,0,1,0
"1096",1,1,7389,0.816733132671369,1,1,1
"1097",0,0,176,0.673336774632352,1,1,0
"1098",1,1,33354,-1.52409977806294,0,1,0
"1099",1,1,0,-1.52409977806294,1,1,1
"1100",1,1,189,-1.52409977806294,0,0,1
"1101",0,0,21300,0.648797858205049,1,1,0
"1102",0,1,5220,-1.52409977806294,0,1,1
"1103",0,0,30420,0.726847817268774,1,1,1
"1104",0,0,10500,0.162993191115368,1,1,0
"1105",0,1,35812,1.07630289074481,1,1,1
"1106",0,0,2279,0.569547127321092,1,1,0
"1107",0,1,825,-1.52409977806294,1,0,0
"1108",0,0,13197,-0.122454899453613,1,0,1
"1109",0,1,9474,0.648797858205049,1,0,0
"1110",0,1,7551,0.784665078270939,1,1,1
"1111",1,1,11646,0.538805966010795,1,1,1
"1112",1,1,1740,-1.52409977806294,0,1,1
"1113",1,1,22478,0.355402119665649,1,1,0
"1114",0,1,5995,0.728538273033653,0,1,0
"1115",0,1,13043,0.350831884717768,1,1,0
"1116",1,1,9173,0.460778602579723,0,1,1
"1117",0,0,22296,0.303566645557572,0,1,1
"1118",0,1,1092,0.886334089244092,0,1,0
"1119",0,0,2206,0.946884340069479,1,1,1
"1120",0,0,20664,0.674655379794383,0,1,1
"1121",1,1,2895,-1.52409977806294,1,1,0
"1122",1,1,5887,-0.213768380716048,0,0,1
"1123",1,1,0,0.162993191115368,1,1,0
"1124",0,1,5152,-1.52409977806294,1,1,0
"1125",0,1,585,0.690619104557388,0,1,1
"1126",0,0,14892,0.897411054289019,1,1,1
"1127",1,1,10403,0.931374183713974,0,1,0
"1128",1,1,12213,0.102570790588686,0,0,1
"1129",1,1,42888,0.478282081698801,1,1,1
"1130",1,1,31214,1.05691139387901,1,1,1
"1131",0,0,22206,0.787392039429005,1,0,0
"1132",0,1,0,0.724120993111815,1,0,0
"1133",0,0,11899,0.914923572565032,1,1,1
"1134",0,1,2632,0.510227782937839,0,1,0
"1135",1,1,26801,0.648797858205049,1,1,0
"1136",0,1,0,0.311202832087702,0,1,0
"1137",0,1,0,-1.52409977806294,0,1,0
"1138",1,1,9634,0.102570790588686,1,0,0
"1139",0,1,1320,1.14965116990703,0,1,0
"1140",1,1,22047,0.698262101690902,1,0,0
"1141",1,1,34217,1.13540073929318,1,1,1
"1142",0,0,48056,1.00133785291652,1,0,1
"1143",1,1,15303,-1.52409977806294,1,1,1
"1144",1,1,22086,0.787392039429005,1,1,0
"1145",1,1,12485,0.946884340069479,0,1,1
"1146",0,1,28376,0.914923572565032,0,1,1
"1147",0,0,18126,0.648797858205049,0,1,1
"1148",0,0,10149,0.76944640681397,1,0,0
"1149",0,0,17697,-1.52409977806294,0,0,1
"1150",1,1,26774,1.00950261262888,0,0,1
"1151",1,1,4901,0.460778602579723,0,1,1
"1152",0,0,3897,0.836862310742941,1,1,0
"1153",0,1,20761,0.102570790588686,1,1,1
"1154",1,1,35066,0.552040421003432,1,0,0
"1155",1,1,22375,0.726847817268774,1,1,0
"1156",1,1,0,-1.52409977806294,0,1,0
"1157",0,1,25803,-1.52409977806294,0,0,1
"1158",0,1,22691,0.726847817268774,1,1,0
"1159",1,1,20259,-1.52409977806294,0,1,1
"1160",1,1,27694,0.350831884717768,0,0,0
"1161",1,1,0,-1.52409977806294,1,0,0
"1162",1,1,16897,0.761802912886201,1,1,0
"1163",0,1,38211,0.648797858205049,1,1,1
"1164",0,0,0,-1.52409977806294,0,1,0
"1165",0,0,39219,1.0706295277489,1,1,1
"1166",1,1,2949,0.660393106502356,1,1,1
"1167",1,1,0,-1.52409977806294,1,1,0
"1168",0,0,0,-1.52409977806294,0,1,0
"1169",0,0,17717,0.595951779687052,0,0,1
"1170",0,1,8643,0.162993191115368,1,0,0
"1171",0,1,9312,-1.52409977806294,1,1,0
"1172",0,1,1071,-1.52409977806294,1,0,0
"1173",1,1,906,-1.52409977806294,1,1,1
"1174",1,1,9828,0.648797858205049,0,1,0
"1175",0,1,4676,0.59006515674046,0,1,1
"1176",1,1,21888,-1.52409977806294,0,0,1
"1177",0,0,1197,-1.52409977806294,0,1,1
"1178",0,0,0,0.878690015641386,1,1,1
"1179",0,0,7039,0.726847817268774,1,0,1
"1180",0,0,0,-1.52409977806294,1,1,0
"1181",0,0,13362,0.787392039429005,1,1,0
"1182",1,1,25497,-0.113306227831029,1,1,0
"1183",0,1,21210,0.350831884717768,0,1,0
"1184",0,1,76059,0.648797858205049,1,1,1
"1185",1,1,39,-1.52409977806294,1,1,0
"1186",0,1,3673,-1.52409977806294,1,1,0
"1187",0,0,16773,0.350831884717768,0,0,1
"1188",0,0,11019,-1.52409977806294,0,0,1
"1189",0,0,12125,-1.52409977806294,0,0,0
"1190",0,0,31641,0.787392039429005,1,1,1
"1191",0,0,11577,-1.52409977806294,0,1,0
"1192",1,1,6307,0.099850117266054,0,1,0
"1193",1,1,7195,0.618197662894928,1,1,1
"1194",1,1,824,-1.52409977806294,1,1,0
"1195",0,1,10307,-1.52409977806294,1,1,0
"1196",0,0,7362,0.411335444897134,1,1,0
"1197",1,1,3783,-1.52409977806294,1,0,1
"1198",1,1,28253,-1.52409977806294,1,1,1
"1199",0,0,42266,0.914923572565032,1,1,1
"1200",1,1,627,-0.246004437684148,1,1,0
"1201",0,0,15481,0.836862310742941,1,1,1
"1202",1,1,17496,0.460778602579723,1,0,0
"1203",0,1,0,0.494724716745903,1,1,0
"1204",1,1,11249,0.591967264361008,1,1,0
"1205",1,1,21813,0.705695732448699,1,1,0
"1206",0,0,942,0.648797858205049,1,1,0
"1207",1,1,15052,-0.0848629536107846,0,1,0
"1208",0,1,24185,-0.0903181099699563,1,1,1
"1209",0,0,22016,0.690619104557388,1,1,0
"1210",1,1,2079,0.787392039429005,1,1,1
"1211",0,0,80712,0.726847817268774,1,0,0
"1212",1,1,162,0.290341866347252,1,1,1
"1213",0,1,52268,0.813252848858161,1,1,1
"1214",1,1,38811,1.0840514732635,1,1,0
"1215",0,0,0,-0.650545513165013,1,0,1
"1216",1,1,17694,-1.52409977806294,1,1,1
"1217",1,1,16941,0.690619104557388,0,0,0
"1218",1,1,29679,0.919864396255617,1,1,0
"1219",0,0,41158,0.836862310742941,0,1,1
"1220",1,1,36711,0.914923572565032,1,1,1
"1221",1,1,20856,0.977556029226709,1,0,0
"1222",1,1,18519,0.078526203430089,1,0,0
"1223",1,1,63548,0.858581213504869,0,1,0
"1224",1,1,12955,0.787392039429005,1,1,1
"1225",0,0,5952,-1.52409977806294,1,1,1
"1226",0,1,22378,0.878690015641386,1,1,0
"1227",1,1,14854,0.726847817268774,0,1,1
"1228",1,1,8697,-1.52409977806294,0,1,0
"1229",1,1,33228,-1.52409977806294,1,1,0
"1230",0,1,28578,0.992027726806908,0,1,1
"1231",0,1,4652,0.648797858205049,0,1,1
"1232",0,0,3810,0.0664290524095003,1,1,1
"1233",1,1,28713,0.599336628080891,1,1,0
"1234",1,1,154,0.538805966010795,0,0,0
"1235",1,1,2694,0.0108509430546554,1,1,0
"1236",1,1,21750,0.599336628080891,1,1,0
"1237",1,1,7960,0.76198174972365,1,0,0
"1238",1,1,47697,0.975474577058332,1,1,0
"1239",1,1,11533,0.675312287566886,0,1,1
"1240",1,1,8835,0.85010107063032,1,1,1
"1241",1,1,17989,-0.131922774434992,1,1,0
"1242",0,0,4116,0.350831884717768,0,1,1
"1243",1,1,7657,0.836862310742941,1,1,1
"1244",0,1,0,0.869183374158834,0,1,1
"1245",1,1,43668,0.599336628080891,1,1,1
"1246",1,1,13691,0.914923572565032,1,1,0
"1247",0,0,14122,0.599336628080891,1,0,0
"1248",1,1,12406,0.819157526952667,0,1,1
"1249",1,1,8827,0.630080694611304,0,0,0
"1250",1,1,35298,0.878690015641386,1,1,1
"1251",0,1,31991,0.673832002673074,1,0,0
"1252",0,0,26091,-0.211605939864278,0,1,0
"1253",0,0,11655,0.787392039429005,0,1,1
"1254",1,1,1569,-1.52409977806294,1,0,1
"1255",0,1,36616,-1.52409977806294,0,0,0
"1256",0,1,22886,0.234069855077653,1,1,0
"1257",0,0,7062,0.290341866347252,0,0,1
"1258",0,1,1242,0.726847817268774,1,1,1
"1259",1,1,49227,0.442067893844077,0,1,1
"1260",0,1,48,0.746469819813544,1,1,1
"1261",0,0,13383,1.04667001220076,1,1,1
"1262",0,0,28832,-1.52409977806294,0,1,1
"1263",0,1,50553,1.25968351314861,1,1,1
"1264",0,0,35172,0.878690015641386,1,0,1
"1265",1,1,9507,0.869544445099682,1,1,0
"1266",0,1,0,0.726847817268774,0,1,0
"1267",0,1,24237,0.704225206547735,0,1,1
"1268",1,1,51289,0.963037049105004,0,1,1
"1269",0,1,56673,0.460778602579723,1,0,1
"1270",0,0,38486,0.946884340069479,1,1,1
"1271",1,1,1221,0.482487075819285,1,1,0
"1272",1,1,6568,0.690619104557388,1,1,0
"1273",0,0,0,0.914923572565032,0,1,1
"1274",0,0,426,-1.52409977806294,1,1,0
"1275",0,1,361,-1.52409977806294,1,0,0
"1276",1,1,14148,-0.0848629536107846,1,1,0
"1277",0,1,37334,-1.52409977806294,1,1,1
"1278",0,0,960,-0.133533371987194,0,1,0
"1279",0,0,23641,0.946884340069479,1,1,1
"1280",0,1,32911,0.854374263798043,1,0,1
"1281",1,1,27171,0.648797858205049,1,1,0
"1282",0,0,8135,0.460778602579723,0,1,1
"1283",0,1,61906,1.10301628464762,0,1,1
"1284",1,1,40401,1.0249493702102,1,1,0
"1285",0,0,5235,-1.52409977806294,1,0,0
"1286",0,1,54960,1.0667803051313,1,1,1
"1287",1,1,16036,0.781910437375266,0,0,1
"1288",1,1,1092,-1.52409977806294,1,1,1
"1289",0,0,0,0.107267308878567,0,1,0
"1290",1,1,3785,0.0664290524095003,1,1,1
"1291",1,1,9452,0.400266011144916,1,1,1
"1292",0,0,0,0.747728856592768,1,0,1
"1293",1,1,30356,0.733547364867927,0,1,1
"1294",1,1,61243,1.14965116990703,1,0,1
"1295",0,0,11608,0.775409889671105,1,0,0
"1296",0,0,11997,0.460778602579723,1,1,1
"1297",0,1,8751,-1.52409977806294,1,1,1
"1298",1,0,21045,0.880852148844311,1,1,1
"1299",1,1,31776,0.546823828074639,1,1,1
"1300",1,1,0,-1.52409977806294,1,0,0
"1301",1,1,0,-1.52409977806294,1,0,0
"1302",0,0,0,0.350831884717768,1,0,0
"1303",1,1,44,-1.52409977806294,1,1,0
"1304",0,1,33790,-1.52409977806294,1,1,0
"1305",0,1,34022,1.0249493702102,1,1,0
"1306",1,1,28743,1.00133785291652,1,1,0
"1307",0,0,14548,0.541504992643397,1,1,1
"1308",0,1,7743,0.162993191115368,0,0,1
"1309",0,1,0,-1.52409977806294,1,1,0
"1310",1,1,25971,0.836862310742941,0,0,1
"1311",1,1,39422,0.870983943992083,1,1,1
"1312",0,0,23782,1.0249493702102,1,1,0
"1313",0,1,10014,-1.52409977806294,1,0,1
"1314",1,1,216,-1.52409977806294,0,1,0
"1315",0,1,102,-1.52409977806294,0,1,0
"1316",0,1,6676,0.609976363530355,1,1,1
"1317",0,0,14490,-1.52409977806294,1,1,0
"1318",0,1,1070,0.212382210845837,1,1,1
"1319",0,0,3605,0.787392039429005,0,0,1
"1320",1,1,25653,-1.52409977806294,0,1,0
"1321",1,1,24572,0.808274083446812,0,0,1
"1322",1,1,4154,0.556015418417956,1,1,1
"1323",0,0,56196,0.836862310742941,1,1,0
"1324",1,1,11114,-1.52409977806294,1,1,1
"1325",1,1,18953,0.805750024227227,1,1,0
"1326",0,1,5589,0.339764708356472,0,0,0
"1327",1,1,22242,0.106601333351699,0,1,0
"1328",0,0,1003,0.151937287910338,1,1,0
"1329",0,0,12000,0.967209247604416,1,1,0
"1330",0,1,0,-1.52409977806294,0,1,0
"1331",0,1,27275,0.813252848858161,1,1,0
"1332",0,0,18648,-0.0615871340361021,1,0,0
"1333",1,1,4531,0.393169080687263,0,1,1
"1334",0,1,8337,0.787392039429005,1,1,0
"1335",0,0,6054,0.333479724727158,1,0,1
"1336",0,0,83814,1.22412575550528,1,1,1
"1337",1,1,46749,0.836862310742941,1,1,0
"1338",0,0,17038,0.648797858205049,1,1,0
"1339",0,0,7707,-1.52409977806294,0,1,1
"1340",0,1,0,-1.52409977806294,0,0,0
"1341",0,0,15002,0.421971010103767,1,1,0
"1342",1,1,50760,1.0667803051313,1,1,1
"1343",0,0,22361,-1.52409977806294,1,1,0
"1344",0,0,15347,0.538805966010795,1,1,0
"1345",0,0,6435,0.781245142110088,0,1,1
"1346",1,1,28553,0.764768249327518,0,1,1
"1347",0,0,11142,0.787392039429005,1,1,1
"1348",0,0,0,-1.52409977806294,0,1,0
"1349",1,1,4086,-1.52409977806294,0,1,1
"1350",0,0,59642,1.07470744293392,1,1,1
"1351",0,0,6813,0.875649475146637,0,1,0
"1352",0,1,68233,1.0129988775382,1,1,0
"1353",1,1,19614,0.889779341803018,1,1,1
"1354",0,1,27090,0.400266011144916,0,0,1
"1355",0,1,26873,0.076298681559006,1,1,0
"1356",1,1,19798,0.538805966010795,0,1,1
"1357",0,0,36697,0.460778602579723,1,1,1
"1358",1,1,20543,-1.52409977806294,1,1,0
"1359",0,0,0,-1.52409977806294,1,1,0
"1360",0,1,0,-1.52409977806294,0,1,0
"1361",0,1,16194,0.648797858205049,0,1,0
"1362",1,1,33858,-1.52409977806294,1,1,0
"1363",1,1,45063,-1.52409977806294,1,1,0
"1364",0,0,283,0.0585850124021006,1,1,1
"1365",1,1,36247,0.538805966010795,0,1,1
"1366",1,1,62844,1.15761709382263,0,0,1
"1367",0,0,31590,0.709482221116623,1,1,1
"1368",0,0,0,1.08550263582028,1,1,1
"1369",1,1,30300,-1.52409977806294,0,1,0
"1370",1,1,29539,0.836862310742941,1,0,0
"1371",0,0,8427,-0.367272864233021,1,1,1
"1372",1,1,32452,0.75035397273674,1,1,0
"1373",0,1,3484,0.607565900688567,0,1,0
"1374",1,1,22206,0.858581213504869,1,0,0
"1375",1,1,381,-1.52409977806294,0,1,0
"1376",0,0,11916,1.0667803051313,1,1,1
"1377",0,0,37875,1.02263293280883,1,1,1
"1378",0,1,51379,1.47494910924169,1,1,0
"1379",1,1,33632,-1.52409977806294,1,1,0
"1380",1,1,19008,0.588262676782656,1,0,0
"1381",0,0,738,-1.52409977806294,0,1,0
"1382",1,1,2184,0.162993191115368,0,0,1
"1383",0,0,0,0.0421821420928183,1,1,0
"1384",1,1,43749,0.800630368700863,0,1,1
"1385",0,0,138,0.44970766338848,1,1,0
"1386",1,1,7787,0.478282081698801,1,1,0
"1387",1,1,2051,0.212382210845837,0,1,0
"1388",1,0,18955,0.162993191115368,1,1,0
"1389",1,1,135,1.00133785291652,1,1,0
"1390",1,1,27513,0.819495220398969,0,1,1
"1391",1,1,4468,0.290341866347252,1,0,0
"1392",1,1,1998,0.507501795710853,0,1,0
"1393",1,1,7652,0.914923572565032,1,1,1
"1394",1,1,37953,-1.52409977806294,1,0,1
"1395",1,1,35523,0.96354791811574,1,1,0
"1396",0,1,1947,-1.52409977806294,0,0,0
"1397",1,1,0,-0.17348943380372,1,1,1
"1398",1,1,256,-1.52409977806294,1,0,0
"1399",0,0,47031,-1.52409977806294,0,1,1
"1400",1,1,29177,0.726847817268774,1,1,1
"1401",0,1,43710,0.102570790588686,0,1,1
"1402",0,0,2694,-1.52409977806294,1,1,0
"1403",1,1,896,0.48348665297514,1,1,0
"1404",0,1,34828,0.0247237191026457,0,0,1
"1405",0,0,0,-1.52409977806294,0,1,1
"1406",0,0,11795,0.903280612124263,0,1,1
"1407",1,1,41391,1.13497893643568,0,1,1
"1408",0,0,0,0.588262676782656,1,0,1
"1409",1,1,8692,-0.190879467340923,1,1,0
"1410",0,0,41787,1.04007785577405,0,0,0
"1411",0,1,7213,-1.52409977806294,0,0,0
"1412",1,1,4447,0.638475694531797,0,1,0
"1413",1,1,13698,0.400266011144916,0,1,1
"1414",0,1,7533,0.969992421325686,1,0,1
"1415",1,1,54141,-1.52409977806294,1,1,1
"1416",0,0,33246,0.588262676782656,1,1,0
"1417",0,0,26049,-0.0119013633644227,1,0,1
"1418",0,0,8919,0.975474577058332,0,0,1
"1419",0,1,20364,1.13857329248378,1,0,1
"1420",1,1,4452,-1.52409977806294,1,0,0
"1421",0,1,31343,0.836862310742941,1,1,0
"1422",1,1,5190,-1.52409977806294,1,1,1
"1423",0,1,32504,0.871103558285215,1,0,1
"1424",0,1,864,0.290341866347252,1,0,0
"1425",0,1,9432,-1.52409977806294,1,0,0
"1426",0,1,110,-1.52409977806294,1,1,1
"1427",0,0,4113,0.946884340069479,1,1,0
"1428",0,1,1674,0.0117981862188061,1,1,0
"1429",1,1,28876,0.538805966010795,1,1,0
"1430",1,1,61858,0.102570790588686,1,1,1
"1431",1,1,1458,0.225601620733612,0,1,0
"1432",1,1,14592,-1.52409977806294,0,0,0
"1433",1,1,57982,0.538805966010795,0,0,1
"1434",1,1,31719,0.961555780146514,0,0,0
"1435",1,1,23126,-1.52409977806294,0,1,1
"1436",1,1,4827,-1.52409977806294,0,1,0
"1437",0,1,30456,-1.52409977806294,1,0,0
"1438",0,0,9438,-1.52409977806294,0,0,0
"1439",1,1,6,0.836862310742941,1,1,0
"1440",1,1,1293,0.564659378976687,0,1,0
"1441",1,1,28665,0.726847817268774,1,1,0
"1442",0,0,618,-1.52409977806294,0,1,0
"1443",0,1,546,-0.0245753344106287,1,1,1
"1444",1,1,10284,-1.52409977806294,1,1,0
"1445",0,1,186,0.537718794237364,0,1,0
"1446",0,0,37879,0.941709729342905,0,1,1
"1447",0,1,786,-1.52409977806294,0,0,0
"1448",1,1,15883,0.400266011144916,0,1,0
"1449",1,1,0,-1.52409977806294,1,1,1
"1450",0,1,19641,0.726847817268774,0,0,1
"1451",0,0,34371,1.16357068087968,1,0,1
"1452",0,1,11964,0.515746654612551,1,0,0
"1453",0,1,12838,-1.52409977806294,1,1,0
"1454",1,1,45497,-1.52409977806294,0,0,1
"1455",0,0,0,-1.52409977806294,0,1,0
"1456",0,1,36499,0.639600607607771,1,1,0
"1457",0,1,0,0.726847817268774,1,1,1
"1458",1,1,9483,0.85010107063032,1,1,0
"1459",0,0,3584,0.269943247515259,1,1,0
"1460",1,1,9799,0.854374263798043,1,1,1
"1461",1,1,10353,0.726847817268774,1,0,0
"1462",1,1,8850,1.0249493702102,1,1,1
"1463",1,1,3250,0.510227782937839,0,1,1
"1464",0,0,37,-1.52409977806294,0,1,0
"1465",1,1,775,0.164074407250735,1,1,0
"1466",0,0,906,-1.52409977806294,1,1,0
"1467",0,0,35544,-1.52409977806294,1,0,0
"1468",0,0,1026,-1.52409977806294,0,1,0
"1469",1,1,12459,0.620214653903714,0,1,0
"1470",0,1,5129,0.674655379794383,1,1,1
"1471",0,0,29869,-1.52409977806294,1,1,0
"1472",0,0,36255,1.04667001220076,1,1,1
"1473",1,1,8361,0.993834336756643,0,1,1
"1474",1,1,11643,-1.52409977806294,0,0,0
"1475",0,1,19320,-0.196932912912776,1,1,0
"1476",1,1,14200,-1.52409977806294,1,1,0
"1477",1,1,5718,0.657693603537611,0,1,0
"1478",1,1,21972,0.000207034090323292,1,0,0
"1479",1,1,4027,0.607565900688567,0,1,1
"1480",1,1,21112,0.878690015641386,1,0,1
"1481",0,1,25517,-1.52409977806294,0,0,1
"1482",0,0,28210,0.678735205442468,1,1,0
"1483",0,0,14536,0.564659378976687,0,1,0
"1484",1,1,7440,-1.52409977806294,1,1,0
"1485",1,0,25849,0.813252848858161,0,0,1
"1486",1,1,228,-1.52409977806294,1,1,0
"1487",0,0,6636,0.966031749329235,1,1,0
"1488",0,0,1731,-0.457061707266294,0,0,1
"1489",0,0,1731,0.376672979649578,1,1,1
"1490",0,0,297,0.538805966010795,0,1,0
"1491",0,0,59849,0.661775962442271,1,0,0
"1492",0,0,1065,0.146235714947178,1,1,0
"1493",0,1,21498,0.648797858205049,1,1,0
"1494",0,0,29135,0.975474577058332,0,1,1
"1495",1,1,22668,-1.52409977806294,0,0,1
"1496",1,1,35749,0.758804816873193,1,1,1
"1497",0,0,7800,0.787392039429005,0,1,1
"1498",0,1,8353,-0.224846853249628,0,0,0
"1499",0,1,0,-1.52409977806294,0,1,0
"1500",0,0,1392,0.231977440001271,1,1,0
"1501",0,0,13849,0.975474577058332,1,1,1
"1502",1,1,54985,0.830826205874026,1,1,1
"1503",0,0,1494,0.712931162099861,1,1,0
"1504",1,1,23814,0.955782029963066,1,1,1
"1505",0,0,0,-1.52409977806294,0,1,0
"1506",0,0,0,-1.52409977806294,1,1,0
"1507",1,1,32056,1.00133785291652,1,0,1
"1508",1,1,34399,0.698262101690902,1,1,1
"1509",0,1,56699,1.0249493702102,1,1,1
"1510",0,0,45105,0.648797858205049,1,1,1
"1511",1,1,0,-1.52409977806294,1,1,1
"1512",0,1,12356,0.698412787364405,1,1,0
"1513",0,0,31348,-1.52409977806294,0,0,0
"1514",0,0,25181,0.816001570836494,1,1,0
"1515",0,0,55872,0.290341866347252,0,1,1
"1516",1,1,927,-1.52409977806294,0,1,0
"1517",1,1,6904,0.102570790588686,0,1,0
"1518",0,0,4794,0.0545763000610931,0,1,0
"1519",0,1,23531,0.726847817268774,0,1,0
"1520",0,1,41661,0.21951260172588,1,1,1
"1521",1,1,2601,0.350831884717768,1,1,0
"1522",0,1,1890,-1.52409977806294,1,1,0
"1523",1,1,30684,0.975474577058332,1,1,1
"1524",1,0,15743,-1.52409977806294,1,1,0
"1525",0,0,55754,1.09193851880044,0,1,1
"1526",0,0,13910,0.471415557503979,1,1,1
"1527",0,0,37476,0.850918171783068,1,1,0
"1528",1,1,43237,0.726847817268774,1,1,1
"1529",1,1,3123,0.538805966010795,0,1,0
"1530",1,1,49050,-1.52409977806294,1,0,1
"1531",1,1,33219,0.212382210845837,1,0,1
"1532",0,0,8080,-1.52409977806294,0,1,1
"1533",0,0,2004,-1.52409977806294,1,0,0
"1534",1,1,61710,0.794356502914327,1,0,1
"1535",1,1,22563,0.878690015641386,1,1,0
"1536",0,0,17525,-1.52409977806294,0,1,0
"1537",0,0,108542,0.914923572565032,1,1,1
"1538",1,1,9756,0.560183851033959,1,1,0
"1539",0,0,0,0.421971010103767,1,1,1
"1540",1,1,18231,-0.277053678368629,1,1,0
"1541",0,0,7497,0.776315827974546,1,1,1
"1542",0,0,8034,0.458782449279762,1,1,1
"1543",1,1,8312,0.924913102662409,1,0,0
"1544",0,1,0,0.946884340069479,0,1,1
"1545",0,1,23909,-1.52409977806294,1,0,0
"1546",1,1,53769,0.726847817268774,1,1,1
"1547",0,0,0,-1.52409977806294,0,0,0
"1548",1,1,33809,0.881735201542962,1,1,0
"1549",0,0,34,0.798033861226659,0,1,1
"1550",0,0,26538,1.16357068087968,1,1,0
"1551",1,1,22632,0.322268754740774,0,1,1
"1552",0,1,6345,0.167825097230958,0,0,0
"1553",0,1,4125,-1.52409977806294,1,1,0
"1554",1,1,42759,0.648797858205049,1,1,0
"1555",0,1,35167,0.787392039429005,0,0,0
"1556",1,1,11116,0.102570790588686,1,0,0
"1557",0,0,17161,0.190772694764817,0,1,0
"1558",0,0,31464,-1.52409977806294,0,0,1
"1559",1,1,54039,0.400266011144916,1,1,1
"1560",0,1,7441,-1.52409977806294,1,0,1
"1561",0,1,6568,0.976989941838819,0,0,1
"1562",0,1,15537,-1.52409977806294,0,1,0
"1563",1,1,25833,0.538805966010795,1,1,0
"1564",1,1,0,-1.52409977806294,0,0,0
"1565",0,0,0,-1.52409977806294,0,1,0
"1566",1,1,19262,-1.52409977806294,0,1,0
"1567",0,0,8195,0.567602578806203,1,0,1
"1568",1,1,42888,-1.52409977806294,1,1,1
"1569",1,1,0,0.648797858205049,1,1,1
"1570",0,0,3434,0.478282081698801,0,0,1
"1571",0,1,64370,0.975474577058332,1,1,1
"1572",1,1,72,1.07262872390564,1,1,0
"1573",0,0,1961,0.350831884717768,0,1,1
"1574",0,1,1300,0.164074407250735,1,1,1
"1575",0,0,1538,0.679543861854286,1,1,0
"1576",0,1,36065,0.815708393035917,1,0,1
"1577",1,1,52130,0.986117442336983,1,1,0
"1578",1,1,12481,0.648797858205049,1,1,1
"1579",1,1,712,-1.52409977806294,0,1,0
"1580",0,1,77815,0.836862310742941,1,1,1
"1581",0,0,2969,0.690619104557388,1,1,1
"1582",1,1,47833,0.538805966010795,1,1,1
"1583",0,0,0,-1.52409977806294,0,0,0
"1584",1,1,23070,0.538805966010795,1,1,0
"1585",0,0,5154,-1.52409977806294,1,1,0
"1586",0,1,0,0.725215012798503,1,0,0
"1587",0,1,18259,0.162993191115368,1,1,1
"1588",1,1,0,0.836862310742941,1,1,0
"1589",1,1,22788,-1.52409977806294,0,1,1
"1590",1,1,17719,0.858581213504869,0,1,0
"1591",1,1,5462,-1.52409977806294,1,1,0
"1592",0,1,93,-1.52409977806294,1,1,0
"1593",0,0,5076,0.162993191115368,1,1,1
"1594",0,0,0,-1.52409977806294,0,0,1
"1595",0,1,0,-1.52409977806294,1,1,1
"1596",0,0,17531,-1.52409977806294,1,0,1
"1597",0,1,19235,-1.52409977806294,1,0,0
"1598",0,1,30887,0.836862310742941,0,1,0
"1599",1,1,2007,0.212382210845837,1,1,1
"1600",0,0,0,-1.52409977806294,0,1,1
"1601",1,1,27670,0.813252848858161,0,0,1
"1602",1,1,43239,0.546955472458015,1,1,1
"1603",0,1,14018,0.959174566502373,1,0,1
"1604",0,0,16897,0.914923572565032,0,1,1
"1605",0,1,124612,0.400266011144916,1,0,1
"1606",1,1,0,-1.52409977806294,0,1,0
"1607",0,1,0,-1.52409977806294,0,1,0
"1608",1,1,34564,-0.0848629536107846,1,1,0
"1609",0,0,49787,-1.52409977806294,1,1,1
"1610",0,1,3778,0.510227782937839,0,0,1
"1611",0,1,12534,0.212382210845837,0,1,1
"1612",1,1,16038,0.787392039429005,1,1,1
"1613",0,1,10623,0.975474577058332,1,1,0
"1614",1,1,11655,0.400266011144916,1,1,1
"1615",0,0,9009,0.690619104557388,1,0,0
"1616",1,1,36432,-1.52409977806294,1,1,0
"1617",0,0,28353,0.726847817268774,1,0,1
"1618",0,0,22845,0.564659378976687,1,1,0
"1619",1,1,30138,0.522022573070139,1,1,0
"1620",0,0,22424,0.350831884717768,1,1,1
"1621",0,1,12596,0.518391466037036,1,1,1
"1622",0,0,4419,-1.52409977806294,0,1,0
"1623",0,0,6542,0.458964525697868,0,1,0
"1624",0,1,44151,0.648797858205049,1,1,1
"1625",1,1,0,-1.52409977806294,1,1,0
"1626",1,1,44131,1.0249493702102,0,1,1
"1627",1,1,10554,-1.52409977806294,1,1,0
"1628",0,0,7528,-1.52409977806294,1,0,0
"1629",1,1,42138,0.931374183713974,0,1,1
"1630",0,1,1760,-0.299920662537568,1,1,1
"1631",0,1,20773,0.290341866347252,0,0,1
"1632",0,1,0,-1.52409977806294,1,0,0
"1633",1,1,7980,-1.52409977806294,1,1,1
"1634",0,1,4378,0.162993191115368,1,1,1
"1635",0,1,0,-1.52409977806294,1,1,0
"1636",1,1,36224,1.01946712218687,1,1,1
"1637",0,0,69399,-1.52409977806294,1,1,1
"1638",0,1,24654,0.350831884717768,1,0,1
"1639",0,1,5308,-0.271625799614365,0,0,1
"1640",1,1,234,-1.52409977806294,1,1,0
"1641",0,0,0,0.460778602579723,0,1,1
"1642",1,1,13629,0.564659378976687,1,1,0
"1643",0,0,16563,1.19229415992231,1,1,1
"1644",0,0,2538,0.682754604906798,0,0,0
"1645",0,1,2115,-1.52409977806294,1,1,0
"1646",0,0,16917,0.968520894959722,1,0,0
"1647",1,1,30090,0.914923572565032,1,0,0
"1648",0,0,14039,1.04872872512765,1,1,0
"1649",1,1,9915,-1.52409977806294,1,1,0
"1650",0,1,84265,-1.52409977806294,1,1,0
"1651",1,1,990,0.924258452987808,1,1,1
"1652",1,1,1446,-1.52409977806294,0,1,1
"1653",0,0,15507,0.290341866347252,0,0,1
"1654",0,1,2042,-1.52409977806294,0,1,1
"1655",1,1,10545,0.765710354473271,0,1,1
"1656",1,1,15414,-1.52409977806294,0,1,0
"1657",0,0,26592,-1.52409977806294,1,1,0
"1658",1,1,35772,0.53263318531754,1,0,0
"1659",0,1,0,0.524892878948738,0,1,1
"1660",1,1,5376,0.979059848025846,1,1,0
"1661",1,1,54288,1.09614584897142,1,1,1
"1662",1,0,2284,0.975474577058332,1,1,0
"1663",0,1,22911,0.27284967305627,0,1,0
"1664",0,0,4174,-0.209460593585347,1,0,0
"1665",1,1,30537,0.931374183713974,1,1,1
"1666",0,0,157,0.0247237191026457,1,0,0
"1667",0,0,7794,1.32756674955926,1,1,1
"1668",1,1,43085,0.975474577058332,1,1,0
"1669",1,1,0,0.0247237191026457,1,1,0
"1670",0,0,3786,-1.52409977806294,0,1,0
"1671",0,0,5516,-1.52409977806294,0,1,0
"1672",0,0,23733,-1.52409977806294,0,0,1
"1673",0,0,12620,-1.52409977806294,1,0,0
"1674",1,0,1287,-1.52409977806294,1,1,0
"1675",1,1,10275,1.09614584897142,0,1,1
"1676",1,1,35249,0.897411054289019,1,0,0
"1677",0,1,34614,0.975474577058332,1,1,1
"1678",1,1,20900,-1.52409977806294,0,1,0
"1679",0,1,0,-1.52409977806294,0,1,0
"1680",1,1,12324,0.858581213504869,1,1,0
"1681",1,1,25308,-1.52409977806294,0,1,0
"1682",0,0,37879,-1.52409977806294,0,1,1
"1683",0,0,26682,0.599336628080891,0,1,1
"1684",1,1,21574,0.0247237191026457,1,1,0
"1685",1,1,30541,0.878690015641386,0,0,1
"1686",1,1,0,-0.0848629536107846,1,1,0
"1687",1,1,28566,0.690619104557388,0,1,1
"1688",0,0,21879,0.84837277380995,1,1,1
"1689",0,0,38175,0.914923572565032,0,1,1
"1690",0,1,24075,1.04667001220076,1,1,0
"1691",0,1,0,-1.52409977806294,1,0,0
"1692",0,1,3561,-0.348804182527602,1,1,0
"1693",0,1,4980,0.538805966010795,1,1,0
"1694",1,1,72000,0.935807123804937,0,1,1
"1695",0,0,25670,1.08550263582028,1,1,1
"1696",0,0,23547,0.836862310742941,1,1,1
"1697",0,0,20553,-0.153645155932904,0,0,0
"1698",1,1,22415,0.776315827974546,1,1,0
"1699",1,1,4459,-0.00577964009232622,0,0,0
"1700",0,0,36113,0.764768249327518,1,1,0
"1701",1,1,1362,0.350831884717768,0,1,1
"1702",1,1,0,0.538805966010795,0,1,0
"1703",1,1,13806,-1.52409977806294,1,1,0
"1704",0,0,0,-0.348804182527602,1,1,0
"1705",0,1,7835,0.946884340069479,1,1,0
"1706",1,1,1818,0.564659378976687,1,1,1
"1707",1,1,7413,-1.52409977806294,0,0,0
"1708",0,1,0,0.740279231712736,1,1,0
"1709",1,1,23787,0.772100276811735,1,1,0
"1710",0,1,30038,0.836862310742941,1,1,1
"1711",0,0,13600,0.897411054289019,0,1,1
"1712",0,0,32415,0.897411054289019,1,1,1
"1713",0,1,0,0.946884340069479,1,0,1
"1714",0,0,16281,0.438165815246529,1,0,1
"1715",0,1,13815,-0.0542519607260343,0,1,0
"1716",0,0,12510,0.836862310742941,0,1,1
"1717",0,1,40444,0.986117442336983,0,1,1
"1718",0,1,9651,0.690619104557388,1,1,0
"1719",1,1,2577,-1.52409977806294,0,0,0
"1720",1,1,3990,0.212382210845837,1,1,1
"1721",1,1,30888,0.776315827974546,0,1,0
"1722",1,1,7988,-1.52409977806294,1,0,0
"1723",1,1,1999,0.678735205442468,1,1,1
"1724",1,1,32129,0.878690015641386,1,1,1
"1725",1,1,14040,0.538805966010795,1,1,1
"1726",1,1,38712,0.787392039429005,1,1,0
"1727",1,1,4402,-1.52409977806294,1,1,1
"1728",0,0,0,-1.52409977806294,0,1,0
"1729",0,0,6726,-1.52409977806294,0,1,0
"1730",0,0,26937,0.400266011144916,1,1,0
"1731",1,1,38498,0.813252848858161,1,0,0
"1732",0,0,0,-0.277053678368629,1,0,0
"1733",0,0,8502,-1.52409977806294,0,0,0
"1734",0,0,16254,0.557665179674823,1,1,0
"1735",0,0,0,-1.52409977806294,1,1,0
"1736",1,0,0,-1.52409977806294,1,1,1
"1737",0,0,6081,-1.52409977806294,0,1,0
"1738",0,0,57312,0.552040421003432,0,1,1
"1739",1,1,6204,-1.52409977806294,1,1,0
"1740",1,1,43041,-1.52409977806294,0,1,0
"1741",1,1,26072,0.478282081698801,0,1,1
"1742",0,0,8736,-1.52409977806294,0,1,0
"1743",1,1,12471,0.478282081698801,0,1,1
"1744",0,0,453,0.758804816873193,0,0,1
"1745",0,0,6879,0.79324350795306,1,1,1
"1746",1,1,34377,0.674326328658578,1,0,0
"1747",1,1,7294,-1.52409977806294,1,1,1
"1748",0,1,2775,1.16357068087968,1,1,1
"1749",1,1,38926,0.726847817268774,1,1,1
"1750",1,1,18739,-1.52409977806294,1,1,0
"1751",0,1,29080,0.538805966010795,0,1,1
"1752",0,0,19737,0.836862310742941,0,1,1
"1753",1,1,423,-1.52409977806294,1,1,0
"1754",0,1,269,0.319848360627975,0,0,1
"1755",1,1,34290,-1.52409977806294,1,1,0
"1756",0,1,28107,-1.52409977806294,1,1,1
"1757",0,1,6985,-1.52409977806294,0,1,0
"1758",0,0,0,-1.52409977806294,1,1,1
"1759",1,1,45741,0.538805966010795,1,1,1
"1760",0,0,34905,0.538805966010795,0,1,1
"1761",1,1,15920,-0.0245753344106287,1,0,0
"1762",0,0,251,0.350831884717768,1,0,1
"1763",0,1,0,-1.52409977806294,0,1,0
"1764",0,0,40692,0.599336628080891,1,0,1
"1765",0,0,62451,0.665797820654923,1,1,1
"1766",1,1,45537,0.946884340069479,1,1,1
"1767",0,1,9874,0.317099362424766,0,0,0
"1768",1,1,27469,0.787392039429005,1,1,0
"1769",1,1,9425,0.417554730772317,0,0,1
"1770",0,1,24072,-1.52409977806294,1,1,0
"1771",0,1,43912,0.859081692929344,0,1,1
"1772",0,0,19358,0.78185505835436,1,1,1
"1773",0,1,37505,1.09817351141005,1,1,1
"1774",1,1,384,0.648797858205049,1,1,0
"1775",0,0,0,-1.52409977806294,0,1,1
"1776",1,1,16233,0.350831884717768,1,1,0
"1777",0,1,0,-1.52409977806294,0,0,0
"1778",0,1,21,0.0664290524095003,1,1,1
"1779",0,1,88454,0.918294438049053,0,0,1
"1780",0,0,30630,0.975474577058332,1,1,1
"1781",0,1,69,0.0851011253340678,1,1,0
"1782",0,0,1725,0.451958276627287,0,0,1
"1783",1,1,11410,-1.52409977806294,0,1,0
"1784",0,0,12424,-1.52409977806294,0,1,1
"1785",0,1,2196,0.0247237191026457,0,1,0
"1786",1,1,67389,0.776315827974546,0,0,1
"1787",0,1,18484,1.32308107032886,1,1,1
"1788",0,0,1528,-1.52409977806294,0,1,1
"1789",0,0,2073,0.648797858205049,1,1,1
"1790",1,1,25494,1.0667803051313,1,0,0
"1791",0,0,21777,-1.52409977806294,1,0,0
"1792",0,1,2079,0.510227782937839,1,1,0
"1793",0,0,669,0.800630368700863,0,1,0
"1794",0,0,21549,0.709337559657437,1,0,1
"1795",1,1,3109,-1.52409977806294,1,1,0
"1796",1,1,6375,0.787392039429005,1,1,1
"1797",1,1,28975,1.0667803051313,1,0,1
"1798",0,1,10638,0.726847817268774,1,1,0
"1799",0,0,2160,-1.52409977806294,0,0,0
"1800",1,1,8861,0.617589630771259,1,1,0
"1801",1,1,16517,0.350831884717768,0,1,1
"1802",1,1,290,-1.52409977806294,0,0,0
"1803",1,1,10058,1.08550263582028,1,1,1
"1804",0,0,210,0.593634594350664,0,1,1
"1805",0,1,0,-0.0848629536107846,1,1,1
"1806",1,1,438,-1.52409977806294,1,0,0
"1807",1,1,0,-1.52409977806294,1,1,0
"1808",0,1,37071,0.0821985854628274,1,1,1
"1809",1,1,15038,0.162993191115368,1,1,0
"1810",1,1,8004,0.538805966010795,0,1,1
"1811",1,0,1449,-1.52409977806294,1,1,1
"1812",1,1,39687,0.975474577058332,1,1,1
"1813",1,1,3990,0.816684423187076,1,1,0
"1814",1,1,3985,-1.52409977806294,1,1,0
"1815",0,0,0,-1.52409977806294,1,1,0
"1816",1,1,14523,0.836862310742941,0,1,1
"1817",0,0,0,0.188809685186082,0,1,0
"1818",0,0,2018,-1.52409977806294,0,1,1
"1819",0,0,19104,-1.52409977806294,1,0,0
"1820",0,1,24541,0.726847817268774,0,1,1
"1821",0,1,33368,-0.828011276248967,1,1,0
"1822",0,1,39,0.174656055313711,0,1,0
"1823",0,0,26009,0.648797858205049,1,1,0
"1824",0,1,35559,0.787392039429005,1,1,0
"1825",1,1,30229,1.04667001220076,1,1,1
"1826",1,1,15318,0.426521778018324,1,1,0
"1827",1,1,4470,-1.52409977806294,0,0,0
"1828",0,1,9481,0.648797858205049,0,1,1
"1829",0,0,16200,0.893585332942009,1,1,1
"1830",0,1,324,0.975474577058332,0,0,1
"1831",1,1,14699,0.350831884717768,1,0,0
"1832",0,1,33497,0.152500911977948,1,1,0
"1833",0,0,0,-1.52409977806294,1,1,1
"1834",0,1,0,-1.52409977806294,0,1,0
"1835",0,0,7381,-0.18889129074902,1,1,0
"1836",0,0,3735,0.162993191115368,1,1,1
"1837",1,1,1873,0.44970766338848,0,0,1
"1838",0,1,20373,1.13797752935334,0,1,0
"1839",1,1,0,-1.52409977806294,0,1,1
"1840",0,1,5442,-1.52409977806294,0,1,0
"1841",1,1,43190,1.13497893643568,1,1,1
"1842",1,1,54335,0.200851806665756,1,0,1
"1843",1,0,0,-1.52409977806294,0,1,0
"1844",1,1,11175,0.674655379794383,1,1,0
"1845",0,0,636,0.376672979649578,1,1,1
"1846",1,1,18489,0.726847817268774,0,1,1
"1847",0,0,31196,0.787392039429005,1,1,0
"1848",1,1,51423,0.998361295619208,0,0,1
"1849",1,1,23409,0.365604777315662,0,0,0
"1850",0,1,33282,0.400266011144916,0,1,1
"1851",0,0,30662,1.0249493702102,1,1,1
"1852",1,1,0,-1.52409977806294,1,1,0
"1853",0,0,18288,0.895340928655795,1,1,1
"1854",1,1,554,0.878690015641386,1,1,0
"1855",1,1,0,-1.52409977806294,0,0,0
"1856",0,0,34266,0.914923572565032,0,0,1
"1857",0,1,4606,0.354065903815,1,0,0
"1858",1,1,26789,0.847504480344855,1,1,0
"1859",1,1,3666,-1.52409977806294,1,0,0
"1860",1,1,27474,0.336925928382051,1,0,0
"1861",1,1,15353,0.400266011144916,1,1,0
"1862",0,1,27,0.726847817268774,1,1,1
"1863",1,1,3999,-1.52409977806294,1,0,0
"1864",1,1,1320,-1.52409977806294,0,1,0
"1865",0,1,60,0.0011920982971112,0,1,1
"1866",0,0,28029,0.532910533211896,1,0,1
"1867",1,1,0,-1.52409977806294,1,1,1
"1868",1,1,16324,0.420297081027929,1,0,1
"1869",0,0,31035,-1.52409977806294,0,1,0
"1870",1,1,72244,1.11625639038912,1,1,0
"1871",0,0,66996,0.884405207952586,1,1,1
"1872",1,1,14669,0.491514923077756,1,1,1
"1873",1,1,3051,-1.52409977806294,0,1,0
"1874",0,1,1086,0.648797858205049,1,1,0
"1875",0,0,3198,0.82055381528771,1,1,1
"1876",1,1,37374,0.0593796978630895,0,0,1
"1877",0,0,31881,-1.52409977806294,1,1,1
"1878",0,1,13759,0.914923572565032,1,1,1
"1879",0,0,11961,0.60577039184402,1,1,0
"1880",0,0,2868,0.946884340069479,1,0,0
"1881",0,0,24347,0.648797858205049,1,1,0
"1882",0,0,13266,-1.52409977806294,0,0,1
"1883",0,0,0,0.609976363530355,1,1,1
"1884",0,1,27417,1.00133785291652,1,1,0
"1885",0,1,4140,-1.52409977806294,0,1,0
"1886",0,0,63760,0.878690015641386,0,1,1
"1887",0,0,8380,0.442067893844077,1,1,0
"1888",1,1,4204,0.836862310742941,1,1,1
"1889",1,1,24364,0.162993191115368,1,1,0
"1890",1,1,11006,0.460778602579723,0,1,0
"1891",0,1,192,0.400266011144916,1,1,1
"1892",1,1,0,-1.52409977806294,1,0,1
"1893",0,0,4321,-1.52409977806294,1,1,0
"1894",0,0,23500,0.538805966010795,1,1,1
"1895",1,1,969,-1.52409977806294,1,1,0
"1896",0,0,0,-1.52409977806294,1,1,1
"1897",0,0,1533,-1.52409977806294,1,1,0
"1898",1,1,1230,-1.52409977806294,1,1,1
"1899",1,1,9369,0.460778602579723,0,0,1
"1900",0,0,0,0.648797858205049,1,1,0
"1901",1,1,30762,0.646983174806846,1,1,1
"1902",1,1,24645,0.940786231771823,1,1,1
"1903",1,1,57732,0.787392039429005,1,0,1
"1904",0,0,0,0.768749803502706,1,1,0
"1905",1,1,54577,0.781910437375266,1,1,1
"1906",0,1,2832,0.360158743904336,0,1,0
"1907",1,1,28528,-0.0245753344106287,0,1,0
"1908",0,0,15939,-1.52409977806294,0,1,0
"1909",0,0,4005,-0.107374081454672,1,1,1
"1910",1,1,0,0.789769306313329,0,1,1
"1911",1,1,17382,0.695991718474295,1,1,1
"1912",0,0,37629,-1.52409977806294,1,0,0
"1913",1,1,2913,-1.52409977806294,0,1,0
"1914",1,1,34136,0.808274083446812,0,1,1
"1915",0,0,22959,0.538805966010795,1,1,1
"1916",0,0,6282,0.460778602579723,1,0,0
"1917",0,0,33970,0.758804816873193,0,0,1
"1918",0,1,9651,-1.52409977806294,1,1,0
"1919",1,1,15789,-0.218145651273105,1,1,0
"1920",0,1,18116,0.458417929559401,1,1,0
"1921",1,1,21233,0.400266011144916,1,1,0
"1922",1,1,52991,0.878690015641386,0,1,1
"1923",0,0,7110,0.102570790588686,1,0,0
"1924",0,0,42952,1.03559240942225,1,1,0
"1925",0,1,13785,-0.408470722489459,1,1,1
"1926",1,1,73054,1.27360326215782,1,1,1
"1927",0,1,43887,0.758804816873193,1,1,1
"1928",1,1,25070,-1.52409977806294,1,1,0
"1929",1,1,25499,0.648797858205049,1,1,1
"1930",0,0,12093,0.787392039429005,0,1,1
"1931",1,1,0,0.0740527248145915,1,1,0
"1932",0,0,351,-0.0889440063203418,0,1,0
"1933",0,1,216,0.630080694611304,1,1,0
"1934",1,1,24399,0.80320226902451,0,1,0
"1935",0,0,3423,0.648797858205049,0,1,0
"1936",0,1,4851,0.648797858205049,0,0,1
"1937",1,1,2107,0.690619104557388,0,0,0
"1938",1,1,10970,-1.52409977806294,0,0,1
"1939",1,1,915,-1.52409977806294,1,0,0
"1940",1,1,25390,0.853099355920917,1,1,0
"1941",0,1,50328,0.914923572565032,1,0,1
"1942",0,0,23560,-1.52409977806294,0,1,1
"1943",1,1,23868,-1.52409977806294,1,1,1
"1944",1,1,54180,0.792765109235685,1,0,0
"1945",0,0,9588,-1.52409977806294,0,1,0
"1946",1,1,2895,0.787392039429005,1,1,1
"1947",1,1,8207,-1.52409977806294,1,0,0
"1948",0,0,4476,-1.52409977806294,1,1,0
"1949",0,0,33180,0.827663501255355,1,1,0
"1950",0,1,7240,-1.52409977806294,1,1,0
"1951",0,0,24466,0.350831884717768,1,1,0
"1952",0,0,18283,0.836862310742941,1,0,0
"1953",0,0,26049,-0.0591199816718074,1,1,0
"1954",0,1,113,-1.52409977806294,0,1,1
"1955",1,1,50916,1.20611916268768,1,1,0
"1956",1,1,22080,0.772960088147719,1,1,0
"1957",1,1,0,-1.52409977806294,0,0,1
"1958",1,1,88174,0.975474577058332,1,1,1
"1959",1,1,38019,0.990876434003631,1,1,0
"1960",1,1,1302,-0.222594683552271,1,0,0
"1961",0,1,69594,1.00133785291652,1,1,1
"1962",0,0,20711,0.381558528168414,1,1,0
"1963",1,1,3026,-1.52409977806294,0,1,0
"1964",1,1,25695,-1.52409977806294,0,1,1
"1965",0,0,443,-1.52409977806294,1,1,0
"1966",0,0,21091,0.538805966010795,1,1,0
"1967",0,0,8033,0.740085500669882,1,1,1
"1968",0,0,25497,1.06984487359125,0,1,0
"1969",1,1,6933,0.44970766338848,1,0,0
"1970",0,1,24344,0.666306985702979,0,1,0
"1971",0,1,0,-1.52409977806294,1,1,0
"1972",1,1,75075,0.931374183713974,1,1,1
"1973",1,1,39761,0.976341535618552,1,1,0
"1974",0,1,3030,-1.52409977806294,0,0,1
"1975",1,1,32112,0.494724716745903,0,0,0
"1976",1,1,8958,0.868982571418628,1,0,1
"1977",0,0,0,-0.181081114591303,0,0,0
"1978",1,1,7146,-1.52409977806294,0,0,0
"1979",0,0,13130,0.690619104557388,1,1,1
"1980",1,1,7979,-1.52409977806294,1,1,0
"1981",0,1,20515,0.538805966010795,1,1,1
"1982",1,1,363,-1.52409977806294,0,1,0
"1983",0,0,11070,0.740085500669882,1,1,1
"1984",1,1,11520,0.400266011144916,0,0,1
"1985",1,1,3522,0.212382210845837,1,1,1
"1986",0,1,17110,0.914923572565032,0,0,0
"1987",0,1,0,-1.52409977806294,1,1,0
"1988",0,1,666,-1.52409977806294,0,1,0
"1989",1,1,64173,-1.52409977806294,0,1,1
"1990",1,1,0,-1.52409977806294,0,1,0
"1991",0,0,96447,1.16894454867967,1,1,1
"1992",1,1,16120,-1.52409977806294,1,1,1
"1993",1,1,1941,0.743296433666665,1,1,1
"1994",1,1,35349,0.798033861226659,1,0,0
"1995",1,1,1488,0.648797858205049,0,0,1
"1996",0,0,17848,0.787392039429005,0,1,0
"1997",0,0,25193,0.726847817268774,1,1,1
"1998",0,1,45043,0.648797858205049,1,0,1
"1999",0,1,51131,0.946884340069479,1,1,1
"2000",0,0,38941,0.988714198260819,1,1,0
"2001",1,1,22550,0.322268754740774,1,1,1
"2002",0,1,26735,0.914923572565032,1,0,0
"2003",0,0,20409,0.914923572565032,0,1,1
"2004",0,0,9695,0.639600607607771,1,0,1
"2005",1,1,86187,1.09974017450303,1,1,1
"2006",1,1,612,-1.52409977806294,1,1,0
"2007",0,0,7038,0.92376642730579,0,1,1
"2008",1,1,666,-1.52409977806294,1,1,0
"2009",1,1,332,1.08550263582028,1,1,1
"2010",0,0,1859,-1.52409977806294,1,1,0
"2011",0,1,29113,0.798033861226659,0,1,1
"2012",1,1,0,-1.52409977806294,1,0,0
"2013",0,0,36250,1.03646077234539,1,0,0
"2014",1,1,1365,-1.52409977806294,0,1,0
"2015",1,1,42501,0.400266011144916,1,0,1
"2016",1,1,29081,0.648797858205049,1,1,1
"2017",0,0,13105,0.27284967305627,1,0,0
"2018",0,0,49408,0.212382210845837,0,0,1
"2019",1,1,45,-1.52409977806294,0,1,0
"2020",1,1,15976,0.609976363530355,1,1,0
"2021",1,1,71509,0.975474577058332,1,1,1
"2022",0,0,744,0.803509265540288,1,1,0
"2023",0,0,0,0.376672979649578,0,1,1
"2024",1,0,33206,-1.52409977806294,1,1,0
"2025",1,1,8730,0.703782490477276,1,1,0
"2026",1,1,15748,0.130825446357238,1,1,0
"2027",0,1,0,0.212382210845837,1,1,0
"2028",0,0,6786,0.473148544816903,0,1,0
"2029",0,1,255,0.739049926254198,0,1,0
"2030",1,1,1011,0.538805966010795,1,1,1
"2031",0,0,75771,0.952848427826789,1,1,0
"2032",1,1,25537,0.787392039429005,0,1,1
"2033",0,1,0,-1.52409977806294,1,0,1
"2034",0,1,0,-1.52409977806294,1,1,1
"2035",0,0,0,0.648797858205049,0,0,1
"2036",0,0,27663,0.836862310742941,0,0,0
"2037",1,1,0,0.212382210845837,0,0,1
"2038",0,0,213,-1.52409977806294,0,1,0
"2039",1,1,5841,-1.52409977806294,0,0,0
"2040",0,0,9081,0.212382210845837,0,1,0
"2041",1,1,34613,0.946884340069479,1,1,1
"2042",0,0,28565,0.988714198260819,1,0,0
"2043",1,1,20625,0.781910437375266,0,0,0
"2044",0,1,7218,-1.52409977806294,1,1,0
"2045",1,1,6923,-1.52409977806294,0,1,1
"2046",1,1,3525,0.569547127321092,1,1,0
"2047",0,1,377,0.648797858205049,1,1,1
"2048",0,0,12432,0.598902238406702,0,1,1
"2049",0,0,23187,0.912025044573671,1,1,1
"2050",0,1,0,0.914923572565032,1,1,1
"2051",1,1,11244,-1.52409977806294,1,1,1
"2052",0,0,2289,-1.52409977806294,0,1,0
"2053",0,1,9720,-1.52409977806294,1,1,1
"2054",0,1,4797,-0.162485836395737,0,1,1
"2055",0,0,1254,0.588262676782656,0,1,1
"2056",1,1,45213,0.770603453508045,0,1,1
"2057",0,0,363,-0.408470722489459,0,1,0
"2058",0,1,670,0.679463104558345,1,1,1
"2059",0,0,8073,0.147385652646582,0,0,1
"2060",0,1,583,-1.52409977806294,0,0,0
"2061",1,1,16772,0.952848427826789,0,1,1
"2062",1,1,9411,0.897411054289019,1,1,1
"2063",1,1,1470,0.134460119762742,1,1,0
"2064",0,0,0,0.837765272451047,1,1,1
"2065",1,1,28753,0.914923572565032,1,1,0
"2066",0,1,2790,0.310574626040968,1,1,0
"2067",0,0,35214,0.891411737046642,0,1,0
"2068",1,1,7407,-1.52409977806294,1,1,1
"2069",0,0,2472,0.648797858205049,1,1,0
"2070",1,1,83,-0.181081114591303,0,1,0
"2071",1,1,0,0.726847817268774,1,1,1
"2072",0,1,3375,0.666306985702979,0,1,0
"2073",0,1,2199,-1.52409977806294,1,0,0
"2074",0,1,15479,-1.52409977806294,1,1,0
"2075",0,0,32943,-0.128729974185197,0,1,1
"2076",0,1,1776,0.302596835504636,1,1,0
"2077",0,0,5371,-1.52409977806294,1,1,1
"2078",0,0,6423,0.787392039429005,1,0,1
"2079",0,0,18442,0.538805966010795,1,1,0
"2080",1,1,24756,-0.592167534853235,1,1,1
"2081",0,0,35325,0.400266011144916,1,1,1
"2082",1,1,13255,-1.52409977806294,1,1,0
"2083",0,0,0,-1.52409977806294,1,1,0
"2084",1,1,28327,0.648797858205049,0,0,1
"2085",1,1,45971,-1.52409977806294,1,1,0
"2086",1,1,36760,0.938805537265805,0,1,1
"2087",1,1,789,-1.52409977806294,0,1,1
"2088",0,0,549,0.466149191255519,1,1,0
"2089",0,0,18828,0.666306985702979,1,0,0
"2090",0,1,5226,0.485309703373322,1,0,0
"2091",1,1,38121,0.906658452896861,1,0,0
"2092",1,1,12461,0.878690015641386,1,0,0
"2093",0,1,5700,0.648797858205049,0,1,1
"2094",0,1,0,-1.52409977806294,0,0,0
"2095",0,0,8163,-1.52409977806294,0,0,0
"2096",0,0,3162,0.333479724727158,1,1,0
"2097",1,1,0,-1.52409977806294,0,0,1
"2098",0,0,1701,-1.52409977806294,0,0,0
"2099",0,0,12607,0.76944640681397,0,1,0
"2100",0,0,0,-1.52409977806294,1,1,0
"2101",1,1,51170,1.08550263582028,1,1,1
"2102",0,0,32187,0.290341866347252,1,1,1
"2103",0,1,45424,0.878690015641386,0,1,0
"2104",1,1,7588,0.776315827974546,0,1,1
"2105",1,1,12549,-1.52409977806294,0,1,0
"2106",1,1,3314,0.0472079318526894,1,0,0
"2107",0,1,35406,0.836862310742941,1,1,1
"2108",0,0,35350,0.538805966010795,0,1,0
"2109",0,0,3066,-1.52409977806294,1,1,0
"2110",0,0,294,1.11364323258629,0,1,1
"2111",0,0,31434,-1.52409977806294,1,1,0
"2112",0,0,0,0.290341866347252,0,0,0
"2113",0,0,52514,0.620214653903714,0,0,1
"2114",0,1,0,-0.150187976810757,0,1,1
"2115",0,1,0,-1.52409977806294,1,1,1
"2116",1,1,50088,1.17102505047718,1,0,1
"2117",1,1,41742,1.08550263582028,1,0,1
"2118",1,1,915,-1.52409977806294,1,1,1
"2119",0,0,22112,0.836862310742941,1,1,0
"2120",1,1,0,0.421971010103767,1,1,0
"2121",1,1,0,0.776315827974546,1,1,1
"2122",0,1,33456,0.787392039429005,1,1,0
"2123",0,1,10374,0.0247237191026457,0,1,1
"2124",0,0,30181,0.648797858205049,1,1,0
"2125",0,1,5166,-1.52409977806294,1,0,1
"2126",1,1,41767,0.648797858205049,1,0,1
"2127",1,1,2148,-1.52409977806294,1,1,0
"2128",0,0,97,0.290341866347252,1,1,1
"2129",1,1,4102,0.810774883404437,0,1,1
"2130",0,1,219,0.290341866347252,0,1,0
"2131",0,1,90,0.986117442336983,1,1,0
"2132",1,1,0,0.648797858205049,0,0,1
"2133",1,0,30041,0.522022573070139,0,0,0
"2134",0,0,1982,-1.52409977806294,0,1,0
"2135",1,1,82677,-1.52409977806294,1,1,1
"2136",1,1,77944,1.00133785291652,1,1,0
"2137",1,1,0,0.648797858205049,1,0,1
"2138",1,1,19414,0.904552234400912,1,1,1
"2139",0,1,90,0.538805966010795,1,1,1
"2140",1,1,20688,0.0247237191026457,0,1,0
"2141",0,0,7842,0.701260032105623,1,0,1
"2142",0,0,14567,0.59496112191732,1,1,0
"2143",1,1,72468,-1.52409977806294,0,0,1
"2144",0,0,2908,-0.277053678368629,1,0,1
"2145",1,1,42982,0.758804816873193,1,1,1
"2146",0,1,1750,0.0379216952375295,1,1,0
"2147",1,1,3263,-1.52409977806294,0,1,0
"2148",1,0,16143,0.690619104557388,0,1,0
"2149",0,0,8697,-1.52409977806294,0,0,0
"2150",0,0,0,-1.52409977806294,1,1,0
"2151",0,0,13481,-1.52409977806294,1,1,0
"2152",1,1,22487,-1.52409977806294,1,1,0
"2153",0,1,1335,1.13497893643568,1,1,0
"2154",0,1,87,-1.52409977806294,1,1,1
"2155",0,1,0,-1.52409977806294,1,1,0
"2156",0,1,435,0.354601179907679,0,0,1
"2157",0,0,0,0.376672979649578,0,1,1
"2158",0,1,0,-1.52409977806294,0,0,0
"2159",0,1,46098,-0.697862388132054,1,1,1
"2160",1,1,3375,-1.52409977806294,1,1,1
"2161",0,0,13393,0.840456270117079,1,1,0
"2162",1,1,948,0.648797858205049,1,1,0
"2163",1,1,0,-1.52409977806294,1,1,0
"2164",0,1,39423,0.911510310479283,1,1,0
"2165",0,1,18925,-0.0848629536107846,0,1,1
"2166",0,0,83,0.0664290524095003,1,1,0
"2167",0,0,29082,-1.52409977806294,0,1,0
"2168",0,1,27844,0.870824376213852,1,0,1
"2169",1,1,16629,0.254151860684496,1,1,0
"2170",0,0,0,0.0247237191026457,0,1,0
"2171",0,1,0,0.726847817268774,1,1,1
"2172",1,1,12582,-0.271625799614365,1,1,0
"2173",1,1,2929,0.836862310742941,1,1,0
"2174",1,0,10530,0.631722822115718,0,1,1
"2175",0,1,65604,1.00622736254828,1,0,1
"2176",0,0,29964,0.836862310742941,0,1,1
"2177",0,0,18663,0.914923572565032,1,1,0
"2178",1,1,19739,0.648797858205049,1,1,1
"2179",0,0,14521,0.0585850124021006,0,1,0
"2180",0,1,0,0.886334089244092,1,1,0
"2181",0,0,11679,0.764768249327518,1,1,0
"2182",0,0,5387,-1.52409977806294,0,1,0
"2183",1,1,120,-1.52409977806294,1,1,0
"2184",0,0,19740,-0.0139730138137069,1,1,1
"2185",0,1,6603,-1.52409977806294,0,1,1
"2186",1,1,13859,0.552040421003432,1,1,0
"2187",1,1,21840,0.916209438544039,1,0,1
"2188",0,1,2778,0.88625870455166,1,1,0
"2189",1,1,28050,0.726847817268774,1,1,0
"2190",1,1,36600,0.611640668576304,0,0,0
"2191",0,0,9207,0.836862310742941,1,0,0
"2192",0,0,4308,-1.52409977806294,1,0,0
"2193",0,1,21120,-0.277053678368629,1,1,1
"2194",1,1,9923,0.162993191115368,1,1,1
"2195",0,0,81153,1.0418047303837,1,1,1
"2196",0,0,0,0.538805966010795,1,1,1
"2197",1,1,7378,0.726847817268774,1,1,1
"2198",0,0,22999,0.866074415571827,1,1,0
"2199",1,1,290,-1.52409977806294,1,0,0
"2200",1,1,36597,0.798033861226659,1,1,0
"2201",0,0,11476,0.350831884717768,1,1,1
"2202",0,1,6759,0.0664290524095003,0,1,0
"2203",0,1,5697,0.639600607607771,0,1,1
"2204",0,0,0,-1.52409977806294,1,1,0
"2205",1,1,58848,0.946884340069479,1,1,1
"2206",0,0,27914,0.679543861854286,1,1,1
"2207",1,1,29864,0.682754604906798,1,1,1
"2208",1,1,13198,0.322268754740774,1,1,0
"2209",1,1,10885,0.538805966010795,0,0,0
"2210",1,1,19959,0.494724716745903,0,0,0
"2211",0,1,1170,-0.0848629536107846,0,1,1
"2212",0,0,6446,-1.52409977806294,1,1,0
"2213",1,1,2421,0.460778602579723,1,0,1
"2214",1,1,0,-1.52409977806294,0,1,0
"2215",0,0,40038,-0.277053678368629,1,0,0
"2216",1,1,25611,-1.52409977806294,1,1,0
"2217",1,1,9640,1.0249493702102,0,1,1
"2218",0,0,2658,0.254151860684496,1,0,1
"2219",0,0,0,0.0247237191026457,1,1,1
"2220",1,1,11196,-1.52409977806294,1,1,1
"2221",0,1,13135,0.538805966010795,0,0,1
"2222",0,0,0,-1.52409977806294,0,0,0
"2223",0,1,13241,0.920297041338736,1,1,0
"2224",0,0,20691,0.538805966010795,1,0,0
"2225",0,0,38102,0.854374263798043,0,1,1
"2226",1,1,26458,-1.52409977806294,1,0,1
"2227",0,0,611,0.712931162099861,1,0,0
"2228",1,1,31474,0.798033861226659,1,1,1
"2229",0,0,10765,0.648797858205049,0,1,1
"2230",0,1,44316,0.908053571717931,1,1,1
"2231",1,1,11190,0.86558667862879,1,1,0
"2232",0,0,23878,-0.697862388132054,1,1,0
"2233",1,1,0,-1.52409977806294,1,0,0
"2234",0,1,14718,0.576717554763112,0,1,0
"2235",1,1,5082,-0.551586881527391,1,1,0
"2236",1,1,24830,-0.145083408307552,0,0,0
"2237",0,1,35137,0.758804816873193,1,0,1
"2238",1,1,22716,0.224308282824263,0,0,0
"2239",0,1,22746,0.726847817268774,0,1,1
"2240",1,1,2181,-1.52409977806294,0,1,0
"2241",0,1,26383,0.818141918049088,1,1,0
"2242",0,1,15203,-1.52409977806294,1,1,1
"2243",1,1,69459,-1.52409977806294,1,1,1
"2244",0,0,3195,-1.52409977806294,0,1,0
"2245",1,1,744,0.212382210845837,1,1,1
"2246",1,1,5966,0.678897129606584,1,0,0
"2247",0,0,27726,0.787392039429005,1,1,1
"2248",0,0,7245,0.787392039429005,0,1,0
"2249",0,0,4128,-1.52409977806294,1,0,0
"2250",1,1,30326,-1.52409977806294,1,0,0
"2251",0,0,15116,0.0740527248145915,1,0,1
"2252",1,1,24892,1.00133785291652,1,0,1
"2253",0,0,39228,-1.52409977806294,0,1,1
"2254",1,1,37708,0.787392039429005,1,1,1
"2255",0,0,16665,0.962980226472676,1,1,1
"2256",0,0,0,-1.52409977806294,1,1,0
"2257",1,1,2783,-0.271625799614365,0,1,0
"2258",0,1,29318,0.776315827974546,1,1,1
"2259",1,1,33513,0.787392039429005,1,0,0
"2260",0,1,3008,-0.271625799614365,1,1,1
"2261",1,1,4384,-1.52409977806294,0,1,0
"2262",0,0,162,0.975474577058332,1,1,1
"2263",1,1,15813,0.599336628080891,0,1,0
"2264",0,0,53049,0.968576569365704,1,0,0
"2265",0,0,17539,0.0740527248145915,0,1,1
"2266",0,0,642,0.728740421937605,1,1,0
"2267",1,1,30132,0.648797858205049,1,1,0
"2268",0,0,30,-1.52409977806294,1,1,1
"2269",0,0,17305,0.434007337156329,0,0,1
"2270",0,0,3060,-1.52409977806294,1,0,0
"2271",1,1,27092,0.878690015641386,0,1,0
"2272",0,1,45,-0.0848629536107846,0,0,0
"2273",1,1,0,-1.52409977806294,0,0,0
"2274",1,1,8616,-1.52409977806294,1,1,1
"2275",0,1,8529,-1.52409977806294,1,0,0
"2276",0,1,20607,0.648797858205049,1,1,0
"2277",1,1,59349,1.15905570408601,1,1,1
"2278",1,1,47532,0.436786723903437,0,1,1
"2279",0,1,20039,-0.771661089869796,1,1,1
"2280",0,0,27954,-0.0848629536107846,1,1,0
"2281",1,1,0,0.274291296053228,0,1,0
"2282",1,1,0,0.400266011144916,1,0,1
"2283",1,1,20877,0.787392039429005,1,1,0
"2284",1,1,0,-1.52409977806294,1,1,0
"2285",1,1,9550,0.242281824765877,1,1,1
"2286",1,1,201,0.770603453508045,1,1,0
"2287",0,1,5314,0.549444658592949,1,1,0
"2288",1,1,29691,-1.52409977806294,1,0,0
"2289",1,1,46494,0.460778602579723,1,1,1
"2290",1,1,11703,0.776315827974546,1,1,0
"2291",0,1,11276,0.350831884717768,1,1,1
"2292",0,1,0,-0.277053678368629,1,1,0
"2293",0,1,27557,1.2524072912179,1,1,1
"2294",0,0,31131,0.0740527248145915,1,0,0
"2295",0,0,53031,0.949166160317926,0,0,1
"2296",1,1,117,0.745014669458532,0,0,0
"2297",0,1,98,-1.52409977806294,1,1,0
"2298",0,1,25340,0.878690015641386,1,0,1
"2299",1,1,7407,0.674655379794383,1,1,0
"2300",1,1,210,0.925924699050595,1,1,0
"2301",0,0,20416,0.821990731233791,1,1,0
"2302",0,1,201,-1.52409977806294,0,1,1
"2303",1,1,6567,0.538805966010795,1,1,0
"2304",1,1,3285,-1.52409977806294,0,0,0
"2305",1,1,6845,-1.52409977806294,1,1,1
"2306",0,0,0,-1.52409977806294,0,1,1
"2307",0,1,4142,0.946884340069479,0,1,0
"2308",0,1,2286,0.538805966010795,1,1,0
"2309",1,1,0,-1.52409977806294,1,0,1
"2310",0,1,56748,0.726847817268774,1,0,0
"2311",1,1,19096,0.726847817268774,1,1,1
"2312",0,1,2878,0.478282081698801,0,1,1
"2313",1,1,84426,1.08550263582028,1,1,1
"2314",1,1,9916,0.878690015641386,0,1,0
"2315",0,0,11037,0.836862310742941,1,1,1
"2316",0,0,17223,0.758804816873193,0,1,1
"2317",1,1,0,0.757898891170452,0,1,1
"2318",0,1,1643,0.524892878948738,1,0,1
"2319",0,0,0,-1.52409977806294,1,1,1
"2320",1,1,6845,0.781910437375266,1,1,0
"2321",1,1,7379,0.726847817268774,1,0,1
"2322",1,1,20485,-1.52409977806294,0,1,0
"2323",1,1,1074,-1.52409977806294,0,1,1
"2324",1,1,9283,0.787392039429005,1,1,0
"2325",1,1,16590,0.836862310742941,1,1,0
"2326",1,1,11911,0.376672979649578,1,0,1
"2327",0,0,40253,-0.181081114591303,0,1,0
"2328",1,1,1390,0.510227782937839,1,1,1
"2329",1,1,25021,0.836862310742941,1,1,1
"2330",1,1,6828,0.599336628080891,0,0,1
"2331",1,1,0,-1.52409977806294,0,0,0
"2332",1,1,45,0.557665179674823,0,1,1
"2333",1,1,10848,-1.52409977806294,1,0,1
"2334",0,0,34011,0.798033861226659,1,1,0
"2335",0,0,39323,0.914923572565032,0,1,0
"2336",1,1,29640,-1.52409977806294,1,1,0
"2337",0,0,0,0.648797858205049,0,1,0
"2338",0,0,0,1.06832655183832,1,1,1
"2339",0,0,9837,0.421971010103767,1,1,0
"2340",0,1,1560,-1.52409977806294,0,0,1
"2341",1,1,43929,0.488266710859599,1,1,1
"2342",0,0,4965,-1.52409977806294,1,0,0
"2343",1,1,14953,0.322268754740774,1,0,1
"2344",0,1,35444,0.988714198260819,1,1,0
"2345",0,0,8907,-1.52409977806294,0,1,1
"2346",0,1,8913,-1.52409977806294,0,0,0
"2347",0,0,46243,1.0667803051313,1,1,1
"2348",0,1,0,0.580232952246741,1,1,1
"2349",0,1,33,-1.52409977806294,1,1,0
"2350",0,1,23541,0.891559650875625,1,1,1
"2351",1,1,3948,0.421971010103767,0,1,1
"2352",0,0,6689,0.540428600985366,1,1,0
"2353",1,1,2901,-1.52409977806294,0,0,0
"2354",1,1,16320,-1.52409977806294,1,1,1
"2355",0,0,0,-1.52409977806294,1,0,0
"2356",0,0,67741,0.802176431889199,0,1,1
"2357",0,1,1484,-0.0987121262519041,1,0,1
"2358",1,1,22080,-0.927806225623965,0,0,1
"2359",1,1,94715,1.0667803051313,1,1,1
"2360",1,1,0,0.787392039429005,1,1,0
"2361",1,1,37456,0.478282081698801,1,0,1
"2362",0,0,16476,-1.52409977806294,1,1,0
"2363",0,0,933,0.0421821420928183,1,1,0
"2364",0,0,57357,-0.203124471751715,1,0,1
"2365",0,0,12459,-1.52409977806294,1,1,0
"2366",0,0,15467,0.787392039429005,0,1,1
"2367",1,1,43447,0.946884340069479,0,0,1
"2368",1,1,104,0.690619104557388,1,0,1
"2369",1,1,8487,0.975474577058332,0,1,1
"2370",0,1,6798,-1.52409977806294,1,1,0
"2371",1,1,0,-1.52409977806294,1,1,0
"2372",0,0,402,-1.52409977806294,0,1,0
"2373",1,1,28349,0.02382060715105,1,1,0
"2374",1,1,1274,1.11463627399613,1,1,1
"2375",0,1,84,-1.52409977806294,0,0,1
"2376",0,0,33750,0.878690015641386,1,1,0
"2377",0,0,27805,0.97192379816081,1,0,0
"2378",0,1,24389,0.726847817268774,0,1,0
"2379",1,1,22816,-1.52409977806294,1,0,0
"2380",1,1,24894,1.0667803051313,1,1,1
"2381",0,0,9078,1.16357068087968,0,1,1
"2382",0,0,8157,0.639600607607771,1,0,1
"2383",0,0,9373,0.648797858205049,1,1,0
"2384",0,0,19707,0.770141226628567,0,0,0
"2385",0,0,17976,0.350831884717768,1,1,1
"2386",0,0,2320,0.599336628080891,0,1,0
"2387",1,1,21705,0.690619104557388,1,1,0
"2388",0,0,0,-1.52409977806294,0,1,1
"2389",0,1,25483,0.0247237191026457,0,1,0
"2390",0,0,0,0.914923572565032,1,1,0
"2391",0,1,55296,0.787392039429005,0,1,1
"2392",1,1,3405,0.313078771983702,1,0,0
"2393",0,0,0,-1.52409977806294,1,1,0
"2394",1,1,117,-1.52409977806294,0,1,0
"2395",0,1,42174,0.701260032105623,1,1,0
"2396",0,0,13173,-1.52409977806294,1,1,0
"2397",0,1,435,0.666306985702979,0,0,0
"2398",0,1,0,-1.52409977806294,1,1,0
"2399",0,0,21325,0.400266011144916,0,1,0
"2400",0,0,0,0.886032424751719,1,1,0
"2401",1,1,18393,0.758804816873193,1,1,0
"2402",1,1,4212,-1.52409977806294,0,1,0
"2403",1,1,2752,0.746469819813544,0,1,1
"2404",1,1,39125,0.758804816873193,1,1,0
"2405",0,0,3433,0.0664290524095003,0,1,0
"2406",1,1,41820,0.648797858205049,1,1,1
"2407",1,1,544,-0.201044883866856,1,1,1
"2408",0,0,10353,0.651765808714999,0,1,0
"2409",1,1,484,-1.52409977806294,0,0,1
"2410",0,0,37641,-1.52409977806294,0,1,1
"2411",1,1,54109,-1.52409977806294,1,1,0
"2412",0,0,16648,0.914923572565032,1,1,1
"2413",1,1,1465,-1.52409977806294,1,0,0
"2414",1,1,21880,0.787392039429005,0,1,0
"2415",1,1,3782,0.322268754740774,1,1,0
"2416",0,1,2066,-1.52409977806294,1,1,1
"2417",0,0,33909,-0.318431351036818,1,1,0
"2418",0,0,40968,0.724600169484772,1,0,0
"2419",1,1,25551,0.402740320701697,0,1,1
"2420",1,1,0,-1.52409977806294,1,1,0
"2421",0,0,9800,0.854374263798043,0,0,0
"2422",0,0,16651,0.884443161227385,0,1,1
"2423",0,0,15621,0.935964111656256,0,1,0
"2424",0,0,32901,0.538805966010795,1,1,0
"2425",0,1,0,-0.331512673184986,1,1,0
"2426",1,1,10885,0.878690015641386,0,0,1
"2427",0,0,23211,0.836862310742941,1,0,1
"2428",0,0,17082,0.424875769084542,1,1,1
"2429",0,0,13305,-1.52409977806294,0,0,0
"2430",0,0,12663,-1.52409977806294,0,1,0
"2431",1,1,0,0.85010107063032,1,1,1
"2432",0,1,610,0.36611779238527,0,1,0
"2433",1,1,4704,0.350831884717768,1,1,1
"2434",1,1,0,-1.52409977806294,1,1,1
"2435",1,1,31440,0.472110080956634,0,0,1
"2436",1,1,21793,0.48679223453762,1,1,0
"2437",0,1,16712,0.0957172725582084,0,0,0
"2438",1,1,29524,0.726847817268774,1,0,0
"2439",0,0,30306,0.764768249327518,1,1,1
"2440",1,1,36967,0.654170218883286,1,1,1
"2441",1,1,4087,-1.52409977806294,1,1,0
"2442",0,0,15075,0.102570790588686,0,0,0
"2443",1,1,5337,0.607881525718531,0,0,0
"2444",1,1,18823,0.878690015641386,1,1,1
"2445",1,1,39747,0.770603453508045,0,1,0
"2446",0,0,27628,-1.52409977806294,1,0,0
"2447",0,0,20715,-1.52409977806294,1,0,0
"2448",1,1,3117,-1.52409977806294,1,1,0
"2449",0,0,14304,0.870904171830719,1,1,0
"2450",0,1,19065,0.787392039429005,1,1,0
"2451",0,0,9620,0.171524656444543,1,0,0
"2452",1,1,17646,-1.52409977806294,1,1,0
"2453",1,1,3720,0.442067893844077,1,1,1
"2454",0,0,8793,0.795991197766818,1,1,0
"2455",1,1,23757,0.510227782937839,1,1,1
"2456",1,1,19380,0.212382210845837,1,1,0
"2457",0,0,0,-0.399715611912565,0,0,0
"2458",0,0,2447,0.787392039429005,1,1,0
"2459",1,1,10627,0.290341866347252,0,1,0
"2460",1,1,13425,0.588262676782656,0,1,0
"2461",0,0,9840,0.648797858205049,1,1,0
"2462",0,1,11793,-1.52409977806294,1,1,1
"2463",1,1,3435,0.530823481979984,0,1,0
"2464",0,1,22941,0.807519327538969,0,0,0
"2465",0,0,43551,0.946884340069479,1,1,0
"2466",1,1,21726,-1.52409977806294,1,1,0
"2467",0,1,27138,0.648797858205049,1,1,1
"2468",0,1,17896,-0.0848629536107846,1,1,0
"2469",0,1,3749,0.499312504135989,0,0,0
"2470",1,1,19481,0.946884340069479,1,1,1
"2471",1,1,8231,0.642114741923178,1,1,0
"2472",0,1,77388,0.836862310742941,0,0,1
"2473",0,1,1830,0.983679954816407,1,1,1
"2474",0,1,0,-0.261085255683089,0,1,0
"2475",0,0,0,-1.52409977806294,0,1,0
"2476",1,1,53349,1.11625639038912,1,1,1
"2477",1,1,12618,-1.52409977806294,1,1,1
"2478",0,1,1125,0.290341866347252,0,1,1
"2479",0,1,64578,0.924258452987808,1,1,1
"2480",0,1,3967,0.0247237191026457,0,1,0
"2481",1,1,24938,0.666306985702979,1,0,0
"2482",1,1,162,-0.341754827981191,0,1,1
"2483",1,1,16743,0.678086540918511,0,1,0
"2484",1,1,44574,0.648797858205049,1,0,0
"2485",1,1,14508,0.599336628080891,1,1,1
"2486",0,1,16735,0.162993191115368,1,1,0
"2487",0,1,2621,-1.52409977806294,0,1,0
"2488",0,0,16692,0.908053571717931,1,1,0
"2489",1,1,5017,-1.52409977806294,1,1,0
"2490",1,1,20494,0.648797858205049,1,1,1
"2491",0,0,43293,0.946884340069479,0,1,1
"2492",1,1,0,-1.52409977806294,1,1,0
"2493",0,1,25168,0.827663501255355,1,1,1
"2494",1,1,22375,0.357261837405337,1,1,0
"2495",1,1,34023,0.788583275899172,0,0,0
"2496",0,0,0,0.212382210845837,1,1,1
"2497",1,1,5652,0.290341866347252,1,1,0
"2498",0,0,2179,0.376672979649578,1,1,1
"2499",0,1,3630,0.0247237191026457,1,1,0
"2500",1,1,0,-0.331512673184986,1,1,1
"2501",0,1,0,-0.211605939864278,0,1,1
"2502",1,1,17081,0.813252848858161,1,1,0
"2503",0,1,2143,0.648797858205049,1,1,0
"2504",1,1,16464,0.666306985702979,0,1,0
"2505",0,0,5172,0.350831884717768,1,1,0
"2506",1,1,28910,1.04667001220076,1,1,1
"2507",0,0,64594,1.16357068087968,0,0,1
"2508",0,1,12861,-1.52409977806294,0,1,0
"2509",0,0,12861,0.311202832087702,0,1,1
"2510",0,0,34215,0.988714198260819,1,0,1
"2511",0,1,37774,-1.52409977806294,0,0,0
"2512",0,0,22239,-1.52409977806294,0,1,1
"2513",1,1,7896,0.85394995962936,0,1,1
"2514",0,1,18125,0.836862310742941,1,1,1
"2515",1,1,9395,-1.52409977806294,0,1,0
"2516",1,1,35925,0.400266011144916,1,0,1
"2517",1,1,9843,0.878690015641386,1,1,1
"2518",1,1,16995,0.726847817268774,1,1,1
"2519",0,0,2502,-1.52409977806294,0,0,0
"2520",0,1,33927,0.460778602579723,1,1,1
"2521",0,1,162,1.04667001220076,0,1,1
"2522",0,0,5217,-1.52409977806294,0,1,0
"2523",0,0,0,-1.52409977806294,0,1,0
"2524",0,1,11010,0.290341866347252,1,1,0
"2525",0,1,0,-1.52409977806294,0,1,0
"2526",1,1,72118,0.914923572565032,1,1,1
"2527",1,1,1530,-1.52409977806294,0,1,0
"2528",1,1,8193,-1.52409977806294,1,0,0
"2529",1,1,44522,0.648797858205049,1,0,0
"2530",0,1,3784,0.836862310742941,0,0,0
"2531",1,1,38563,0.599336628080891,0,1,1
"2532",0,1,48243,0.320758539986464,1,1,1
"2533",1,1,0,-1.52409977806294,0,0,0
"2534",0,1,0,-1.52409977806294,0,0,0
"2535",0,1,14985,0.564659378976687,1,1,1
"2536",1,1,0,-1.52409977806294,1,1,1
"2537",0,0,4137,-1.52409977806294,0,1,0
"2538",0,1,13333,-0.0530484780841102,0,1,0
"2539",0,1,12804,-1.52409977806294,1,1,1
"2540",1,1,20120,0.914923572565032,0,1,0
"2541",0,0,3984,-1.52409977806294,1,1,1
"2542",0,1,66,0.350831884717768,0,0,1
"2543",1,1,25562,0.648797858205049,1,1,1
"2544",0,0,21042,-1.52409977806294,0,0,0
"2545",0,1,9823,0.858581213504869,1,1,1
"2546",1,1,32418,-1.52409977806294,1,1,1
"2547",0,0,25022,0.975474577058332,0,0,0
"2548",0,0,9258,-1.52409977806294,1,1,1
"2549",1,1,0,-1.52409977806294,1,1,0
"2550",1,1,15138,0.720812220916621,1,0,0
"2551",0,0,4776,0.504132414054507,1,1,1
"2552",1,1,16632,-1.52409977806294,1,0,0
"2553",0,0,0,0.564905868449588,0,0,0
"2554",0,0,34721,0.350831884717768,1,1,1
"2555",1,1,8757,0.559681983316254,0,0,0
"2556",0,1,2919,-1.52409977806294,1,1,0
"2557",1,1,12520,0.901005132656153,1,1,0
"2558",0,0,268,0.022005316830797,1,1,0
"2559",1,1,25047,0.740085500669882,0,1,1
"2560",0,1,162,-1.52409977806294,0,1,0
"2561",0,0,279,-0.0591199816718074,1,0,1
"2562",1,1,4937,-1.52409977806294,1,0,0
"2563",1,1,7588,0.350831884717768,1,1,1
"2564",1,1,27916,0.118983584034755,1,0,0
"2565",0,1,0,0.666645899129489,1,0,0
"2566",0,0,0,0.931374183713974,1,1,1
"2567",1,1,34040,0.795622932858693,0,1,1
"2568",1,1,27809,0.648797858205049,1,1,0
"2569",1,1,42857,0.599336628080891,1,1,1
"2570",1,1,36786,-1.52409977806294,0,1,1
"2571",1,1,29855,0.460778602579723,0,1,1
"2572",0,1,294,0.648797858205049,0,1,1
"2573",0,1,41892,0.478282081698801,1,1,1
"2574",1,1,10067,0.322268754740774,0,0,1
"2575",0,1,0,-1.52409977806294,0,1,1
"2576",0,1,10135,-1.52409977806294,0,1,0
"2577",0,0,46623,0.538805966010795,1,1,1
"2578",1,1,23696,0.648797858205049,0,1,0
"2579",1,1,0,-1.52409977806294,0,1,0
"2580",1,1,5047,0.838620312198088,0,0,0
"2581",0,0,17603,-1.52409977806294,0,1,1
"2582",0,0,640,0.764768249327518,1,1,0
"2583",0,0,1533,0.162993191115368,0,1,0
"2584",1,1,21564,0.758804816873193,1,1,1
"2585",1,1,45276,1.00133785291652,1,1,0
"2586",0,1,23851,0.914923572565032,1,1,0
"2587",1,1,8634,0.787392039429005,0,0,0
"2588",0,0,32942,1.0249493702102,1,1,1
"2589",1,1,18687,0.460778602579723,1,1,0
"2590",1,1,2550,-1.52409977806294,0,0,1
"2591",0,0,0,-1.52409977806294,1,0,0
"2592",1,1,2748,0.620214653903714,1,0,1
"2593",0,0,40171,1.01805588518452,1,1,0
"2594",1,1,30993,-1.52409977806294,0,1,1
"2595",1,1,3242,-1.52409977806294,1,1,0
"2596",0,1,22513,-1.03784332979517,0,0,0
"2597",0,1,37502,-1.52409977806294,1,1,1
"2598",0,0,42515,0.588262676782656,1,1,1
"2599",1,1,14991,0.524892878948738,1,1,1
"2600",1,1,2259,-1.52409977806294,0,0,0
"2601",0,0,12158,-1.52409977806294,1,1,0
"2602",0,0,369,-1.52409977806294,0,1,0
"2603",0,0,19263,0.787392039429005,1,0,1
"2604",0,1,8109,0.591185657469347,0,1,0
"2605",1,1,26563,-1.52409977806294,0,1,0
"2606",1,1,29283,0.599336628080891,1,1,0
"2607",0,0,11576,0.648797858205049,0,0,1
"2608",0,1,4624,0.102570790588686,1,1,0
"2609",0,1,36913,1.00133785291652,0,1,0
"2610",0,0,19659,0.0664290524095003,1,1,0
"2611",1,1,1182,0.776315827974546,1,1,1
"2612",0,1,21435,0.726847817268774,1,0,0
"2613",1,1,0,-1.52409977806294,1,1,1
"2614",0,0,47871,-1.52409977806294,0,1,1
"2615",1,1,6661,0.739179589367513,1,1,0
"2616",1,1,26415,0.400266011144916,1,0,1
"2617",0,1,42021,1.18943519012895,0,1,1
"2618",1,1,2250,-1.52409977806294,0,1,0
"2619",0,0,15687,0.494724716745903,1,1,1
"2620",0,0,26698,1.0334311862229,1,1,1
"2621",0,0,17598,1.13497893643568,1,1,0
"2622",0,0,16454,0.752707393659945,0,0,1
"2623",0,0,6995,-1.52409977806294,0,1,0
"2624",1,1,2348,0.198485750780546,0,1,0
"2625",0,1,26088,0.836862310742941,1,1,1
"2626",0,0,0,-1.52409977806294,1,1,0
"2627",0,0,5826,0.551393804326291,1,0,0
"2628",1,1,4365,-1.52409977806294,1,1,1
"2629",1,1,10872,-1.52409977806294,1,1,0
"2630",1,1,4839,0.350831884717768,0,1,0
"2631",1,1,0,0.698262101690902,1,0,0
"2632",1,1,41225,-1.52409977806294,1,1,0
"2633",1,1,4521,-1.52409977806294,0,1,1
"2634",0,0,22318,-1.52409977806294,1,1,1
"2635",1,1,3261,-1.52409977806294,1,1,0
"2636",0,0,19857,0.254151860684496,0,1,1
"2637",0,0,6099,0.603215160183836,0,0,1
"2638",1,1,27732,0.740085500669882,1,1,1
"2639",1,1,57149,0.896976548700259,1,1,0
"2640",0,0,30435,0.914923572565032,1,1,1
"2641",0,0,2545,0.350560635428813,0,1,1
"2642",0,0,25542,-1.52409977806294,0,1,0
"2643",0,0,1211,0.858581213504869,0,1,1
"2644",1,1,28417,0.808274083446812,0,0,0
"2645",0,0,15665,0.818141918049088,1,1,0
"2646",1,1,16922,0.789769306313329,0,1,0
"2647",1,1,18154,0.590289627299996,0,1,0
"2648",1,1,48795,0.63659041504303,1,0,0
"2649",1,1,18075,-1.52409977806294,0,1,0
"2650",0,0,6265,-1.52409977806294,1,1,0
"2651",1,1,19717,0.690619104557388,0,1,0
"2652",0,1,14982,0.937685010834339,0,1,1
"2653",1,1,21917,0.836862310742941,1,1,0
"2654",1,1,13422,-1.52409977806294,0,1,1
"2655",0,0,49146,0.975474577058332,0,1,0
"2656",0,1,37421,0.162993191115368,1,1,1
"2657",0,1,0,0.836862310742941,1,1,0
"2658",1,1,4378,0.666306985702979,1,1,0
"2659",0,1,0,-1.52409977806294,0,1,0
"2660",0,1,5439,0.447817788822082,1,0,1
"2661",0,1,8570,0.878690015641386,1,1,1
"2662",1,1,0,-1.52409977806294,1,1,0
"2663",1,1,42877,0.322268754740774,1,1,1
"2664",0,1,14680,0.674655379794383,0,0,1
"2665",1,1,17727,0.102570790588686,1,0,1
"2666",1,1,19851,0.726847817268774,1,1,0
"2667",0,0,672,0.400266011144916,0,1,1
"2668",1,1,14754,0.421971010103767,0,0,1
"2669",0,0,711,-1.52409977806294,1,0,0
"2670",1,1,9166,-1.52409977806294,1,1,0
"2671",0,0,0,1.0667803051313,1,1,1
"2672",0,1,678,-1.52409977806294,1,1,0
"2673",0,1,14682,0.455668312410965,1,1,0
"2674",1,1,60730,1.08002029550315,1,0,1
"2675",1,1,38774,0.162993191115368,1,1,1
"2676",1,1,30004,0.914923572565032,0,0,0
"2677",1,1,8819,0.614631450066611,1,0,0
"2678",0,1,99,0.648797858205049,1,1,1
"2679",1,1,28762,0.914923572565032,1,0,0
"2680",1,1,62820,1.02449672246786,1,1,0
"2681",0,0,2970,-1.52409977806294,1,1,1
"2682",0,0,13006,0.143339370582941,0,1,1
"2683",0,1,21706,0.921292828504193,1,1,1
"2684",1,1,20415,0.400266011144916,1,1,1
"2685",1,1,1986,-0.0848629536107846,1,0,0
"2686",1,1,26260,-1.52409977806294,0,1,0
"2687",1,1,1569,0.290341866347252,0,1,0
"2688",1,1,22677,-1.52409977806294,0,0,1
"2689",0,0,648,0.400266011144916,1,1,0
"2690",0,0,93869,-1.52409977806294,1,1,1
"2691",0,0,486,0.400266011144916,1,1,1
"2692",1,1,0,-1.52409977806294,1,0,0
"2693",1,1,954,0.417130360254244,0,1,1
"2694",0,1,26346,0.88062131393586,1,1,0
"2695",0,0,0,0.538805966010795,0,1,1
"2696",0,1,20641,0.878690015641386,0,1,1
"2697",0,1,11518,0.919531122369931,1,1,0
"2698",0,0,13722,-1.52409977806294,0,0,0
"2699",0,0,0,-1.52409977806294,1,1,0
"2700",0,0,1711,-1.52409977806294,1,1,0
"2701",1,1,40837,0.306774542140354,0,1,0
"2702",0,0,0,-1.52409977806294,1,1,0
"2703",0,0,8268,0.986117442336983,1,1,1
"2704",1,1,10701,-0.299920662537568,1,1,1
"2705",1,1,41388,0.726847817268774,0,0,0
"2706",0,0,0,-1.52409977806294,1,1,0
"2707",0,1,5035,-1.52409977806294,1,1,1
"2708",0,1,5551,0.102570790588686,0,1,0
"2709",1,1,8902,0.648797858205049,1,0,0
"2710",0,0,11286,0.400266011144916,1,1,1
"2711",1,1,35142,-1.52409977806294,0,1,0
"2712",1,1,10695,0.956452296343315,1,1,1
"2713",0,0,1359,0.0247237191026457,0,1,1
"2714",1,1,20769,0.85564321042579,1,1,0
"2715",0,0,1452,-1.52409977806294,0,1,1
"2716",1,1,12340,0.726847817268774,0,1,1
"2717",0,0,49635,1.01413082867254,0,1,1
"2718",0,1,0,-1.52409977806294,0,1,0
"2719",1,1,17540,-1.52409977806294,1,1,0
"2720",1,1,65574,-1.52409977806294,0,1,0
"2721",0,1,2127,-1.52409977806294,1,0,1
"2722",0,0,19347,0.538805966010795,1,1,0
"2723",0,1,1371,0.808274083446812,0,0,1
"2724",1,1,0,-0.136783529289089,1,1,1
"2725",0,1,0,0.43718146563268,1,0,0
"2726",0,0,9993,-1.52409977806294,1,1,0
"2727",0,0,7209,-1.52409977806294,1,1,1
"2728",1,1,13206,0.502586937833349,1,1,1
"2729",1,1,0,-1.52409977806294,1,1,0
"2730",0,0,44309,0.378882366813104,0,1,0
"2731",0,0,2746,0.0247237191026457,1,1,0
"2732",0,0,30158,1.0249493702102,0,0,1
"2733",0,0,4468,0.742144869459273,0,1,0
"2734",0,0,0,0.162993191115368,1,0,1
"2735",0,0,48783,0.786848834902156,1,0,0
"2736",1,1,15135,0.350831884717768,0,1,1
"2737",0,0,35796,-1.52409977806294,0,1,1
"2738",1,1,21801,0.588262676782656,1,0,1
"2739",0,0,13251,-1.52409977806294,1,1,0
"2740",1,1,23565,0.322268754740774,1,0,1
"2741",1,1,5949,0.609976363530355,1,1,0
"2742",1,1,195,0.27284967305627,0,1,1
"2743",1,1,36477,-1.52409977806294,1,0,0
"2744",0,0,65362,0.787392039429005,1,1,1
"2745",0,1,0,0.630080694611304,1,1,1
"2746",1,1,35200,0.924585975222839,1,0,1
"2747",0,0,0,-1.52409977806294,0,1,0
"2748",0,0,32624,1.27360326215782,1,1,1
"2749",0,0,12050,0.460778602579723,1,1,0
"2750",0,0,0,-1.52409977806294,0,0,0
"2751",0,0,46633,-0.211605939864278,1,1,1
"2752",0,0,11619,0.667660107314585,1,0,0
"2753",0,0,19827,0.764473169499592,1,1,0
"2754",0,1,8416,-1.52409977806294,1,1,1
"2755",0,1,3059,0.698262101690902,0,1,0
"2756",0,1,17669,0.212382210845837,0,0,1
"2757",0,0,11612,0.708903112033694,1,1,1
"2758",0,1,2248,-1.52409977806294,0,0,1
"2759",0,0,2850,-1.52409977806294,0,0,1
"2760",0,0,20335,0.874785691488859,1,1,1
"2761",0,1,6990,0.472975743224941,1,1,0
"2762",0,0,0,1.08550263582028,1,1,1
"2763",0,1,0,-1.52409977806294,0,1,0
"2764",1,1,35402,-1.52409977806294,0,0,1
"2765",0,1,27544,-1.52409977806294,1,1,0
"2766",1,1,5227,0.72589654226519,0,1,0
"2767",1,1,30687,0.442067893844077,0,1,1
"2768",0,1,18402,-0.63990160420068,0,0,0
"2769",0,1,5013,0.162993191115368,1,1,1
"2770",1,1,6425,-1.52409977806294,1,0,0
"2771",1,1,16151,-1.52409977806294,0,0,0
"2772",1,1,10838,-0.583551417821509,1,0,0
"2773",0,0,11987,0.818141918049088,1,1,0
"2774",0,1,24531,0.836862310742941,1,1,0
"2775",0,1,6879,-1.52409977806294,1,1,0
"2776",1,1,606,0.726847817268774,1,1,1
"2777",0,1,28479,0.808274083446812,1,0,1
"2778",0,1,13674,-0.408470722489459,1,0,0
"2779",1,1,13299,0.497896990049383,1,0,0
"2780",1,1,26084,-1.52409977806294,1,1,0
"2781",0,1,120,-1.52409977806294,0,1,0
"2782",0,0,15624,1.16357068087968,1,1,1
"2783",1,1,2817,0.116423330225346,1,0,0
"2784",0,1,5973,-1.52409977806294,0,1,0
"2785",1,1,7521,1.05691139387901,1,1,1
"2786",1,1,0,1.13497893643568,0,1,0
"2787",0,1,24899,1.00133785291652,1,1,1
"2788",0,0,23467,0.836862310742941,1,1,1
"2789",1,0,300,0.118983584034755,0,1,0
"2790",0,0,4071,0.0247237191026457,0,1,0
"2791",1,1,6466,0.102570790588686,1,1,0
"2792",0,0,12542,-0.277053678368629,1,1,0
"2793",1,1,8435,0.74336026640623,1,1,0
"2794",1,1,10289,0.400266011144916,1,1,0
"2795",0,0,53353,0.538805966010795,1,1,1
"2796",0,0,18804,0.400266011144916,1,1,1
"2797",0,0,12840,-0.0245753344106287,1,0,0
"2798",1,1,117,-0.222594683552271,1,1,1
"2799",0,0,14106,0.64771050493334,1,1,0
"2800",0,0,19739,0.564659378976687,0,1,1
"2801",0,0,35548,0.726847817268774,1,1,0
"2802",1,1,0,-0.277053678368629,0,0,0
"2803",1,1,48344,-1.52409977806294,1,1,1
"2804",0,0,1047,1.0249493702102,1,1,1
"2805",0,0,17040,0.878690015641386,1,0,1
"2806",0,0,20773,0.909718302148029,0,1,0
"2807",0,0,4288,0.648797858205049,0,1,0
"2808",0,0,1946,0.599336628080891,0,1,0
"2809",1,1,0,0.666306985702979,1,1,1
"2810",0,1,4485,0.737684710125371,0,0,0
"2811",1,1,17339,0.380831279253509,1,1,0
"2812",1,1,31653,-1.52409977806294,1,1,0
"2813",1,1,9834,0.976206255773765,1,1,0
"2814",0,1,522,0.350831884717768,1,1,1
"2815",0,1,1223,-0.222594683552271,0,0,0
"2816",0,0,27,0.770430210673558,1,1,1
"2817",0,1,0,0.908053571717931,0,1,1
"2818",0,1,36839,-1.52409977806294,1,1,0
"2819",1,1,23491,0.290341866347252,1,1,0
"2820",0,0,21931,0.914923572565032,1,1,0
"2821",0,0,34539,0.943943866239364,1,0,1
"2822",0,0,0,-1.52409977806294,1,1,0
"2823",0,0,222,-1.52409977806294,0,0,0
"2824",1,1,18360,0.162993191115368,1,1,0
"2825",1,1,20891,-1.52409977806294,0,0,0
"2826",0,0,15893,-1.52409977806294,0,1,1
"2827",0,0,2613,0.564659378976687,0,1,1
"2828",0,0,24600,1.05570264023195,0,1,0
"2829",0,1,0,-1.52409977806294,1,1,0
"2830",1,1,6634,-1.52409977806294,0,0,0
"2831",1,1,214,0.570755432482825,1,1,0
"2832",0,1,37272,0.719978685914774,1,0,0
"2833",1,1,28476,0.502586937833349,0,0,1
"2834",0,0,4722,0.787392039429005,0,0,0
"2835",0,0,684,0.836862310742941,1,1,1
"2836",0,0,20118,0.460778602579723,1,1,1
"2837",0,0,3358,0.492159926093219,0,1,0
"2838",0,0,34029,0.878690015641386,1,0,1
"2839",0,0,0,-1.52409977806294,0,1,1
"2840",0,0,3385,-0.246004437684148,0,1,1
"2841",1,1,20771,0.693548856266023,0,1,1
"2842",0,0,18702,-1.52409977806294,0,0,0
"2843",0,0,13314,-0.0482872175216996,1,1,0
"2844",0,0,8431,0.80320226902451,1,1,1
"2845",1,1,12399,0.616776796345542,1,1,1
"2846",0,0,19407,0.988714198260819,1,1,1
"2847",1,1,14445,0.787392039429005,1,1,1
"2848",0,1,13414,-1.52409977806294,1,1,0
"2849",1,1,2949,-1.52409977806294,0,1,1
"2850",1,1,45,-1.52409977806294,1,1,0
"2851",1,1,543,-1.52409977806294,0,0,0
"2852",0,1,17471,0.306774542140354,0,1,1
"2853",0,0,3057,0.82389486036441,1,1,0
"2854",0,0,13749,-1.52409977806294,0,0,1
"2855",1,1,15176,0.318630020126053,1,1,0
"2856",0,0,0,-1.52409977806294,0,0,0
"2857",0,0,732,-1.52409977806294,1,1,1
"2858",1,1,21308,-0.277053678368629,1,0,0
"2859",0,0,463,-1.52409977806294,1,1,0
"2860",0,1,0,-0.194900057781987,1,0,1
"2861",0,1,21386,0.836862310742941,1,1,1
"2862",0,1,12,-1.52409977806294,0,1,1
"2863",0,1,17032,-1.52409977806294,1,1,1
"2864",0,0,1326,0.212382210845837,1,1,1
"2865",0,0,13744,0.878690015641386,0,1,0
"2866",0,1,10878,0.630080694611304,1,1,0
"2867",1,1,0,-1.52409977806294,1,1,0
"2868",0,0,7660,-0.190879467340923,0,1,0
"2869",0,1,0,0.905958194758346,1,1,1
"2870",0,1,41773,0.836862310742941,1,1,0
"2871",0,1,33472,0.836862310742941,1,1,1
"2872",0,0,6902,-0.277053678368629,1,1,0
"2873",1,1,6913,0.914923572565032,1,1,1
"2874",0,1,36785,0.808324325952001,1,1,1
"2875",1,1,17555,0.776315827974546,1,0,0
"2876",1,1,1475,0.787392039429005,1,1,1
"2877",0,0,14475,-1.52409977806294,1,1,0
"2878",1,1,46800,0.874313375388191,1,1,1
"2879",0,0,18643,0.836862310742941,0,1,1
"2880",0,0,0,-1.52409977806294,1,0,0
"2881",1,1,5460,0.764355047673567,1,1,0
"2882",0,1,0,-1.52409977806294,0,1,1
"2883",0,1,11074,0.39708390728887,1,1,0
"2884",0,1,69,0.836862310742941,1,1,1
"2885",0,0,8393,0.648073440314758,0,0,0
"2886",0,0,35784,0.690619104557388,1,0,1
"2887",0,1,13974,0.162993191115368,1,1,1
"2888",0,0,1191,0.648797858205049,0,1,1
"2889",1,1,6111,0.726847817268774,1,0,1
"2890",0,0,7805,0.666306985702979,0,1,1
"2891",1,1,0,-1.52409977806294,0,1,0
"2892",0,1,0,-1.52409977806294,1,1,0
"2893",0,0,6873,0.687500599791528,1,1,0
"2894",1,1,21619,0.726847817268774,1,1,0
"2895",1,1,12614,0.787392039429005,1,1,1
"2896",0,1,21705,-0.0848629536107846,0,1,1
"2897",1,1,17650,-1.52409977806294,0,1,0
"2898",0,1,7176,0.836862310742941,0,1,1
"2899",1,1,38271,0.376672979649578,0,1,1
"2900",1,1,8127,-1.52409977806294,0,0,0
"2901",1,1,42152,-1.52409977806294,1,0,0
"2902",1,1,11250,0.740085500669882,0,0,0
"2903",1,1,2952,-1.52409977806294,1,1,1
"2904",0,0,375,-1.52409977806294,0,1,0
"2905",0,1,9096,0.787392039429005,0,1,0
"2906",0,0,48896,0.460778602579723,1,1,1
"2907",0,1,0,-1.52409977806294,0,0,1
"2908",0,0,46,-1.52409977806294,1,1,0
"2909",0,1,13755,-0.0356087600703391,1,0,0
"2910",1,1,693,0.70043889716447,0,1,1
"2911",0,0,6938,-0.205220118389265,1,1,0
"2912",0,1,50295,0.911510310479283,1,0,1
"2913",1,1,69682,0.648797858205049,0,1,1
"2914",0,0,8572,0.746469819813544,0,1,0
"2915",1,1,33885,0.460778602579723,1,0,1
"2916",0,1,0,0.712931162099861,0,1,1
"2917",0,1,1287,0.648797858205049,1,1,0
"2918",0,1,0,-1.52409977806294,1,1,0
"2919",1,1,9024,0.0740527248145915,1,1,1
"2920",0,1,6473,0.588262676782656,1,0,0
"2921",0,1,22683,-1.52409977806294,0,1,0
"2922",1,1,933,0.82389486036441,1,1,0
"2923",0,0,13011,0.478282081698801,1,1,1
"2924",1,1,4673,-0.224846853249628,1,1,0
"2925",0,0,14601,0.460778602579723,1,0,1
"2926",0,1,7992,0.699840143714735,0,0,1
"2927",0,1,1182,-0.0471098408767182,1,1,0
"2928",1,1,13683,0.911510310479283,1,1,1
"2929",0,1,6000,0.599336628080891,1,0,1
"2930",1,1,18852,0.212382210845837,1,1,0
"2931",1,1,11910,-1.52409977806294,1,1,1
"2932",0,0,20274,-0.248460426310355,1,1,0
"2933",1,1,25296,0.946884340069479,1,1,1
"2934",0,1,6615,-1.52409977806294,1,1,0
"2935",0,0,54386,0.827663501255355,1,0,1
"2936",1,1,47563,0.0247237191026457,1,1,0
"2937",0,1,59611,0.970324492203469,1,0,1
"2938",0,1,7596,1.11946789335359,1,0,1
"2939",1,1,18694,0.846633399863378,0,0,1
"2940",0,1,1228,0.460778602579723,1,1,1
"2941",0,1,7698,-0.277053678368629,0,0,1
"2942",1,1,26396,1.01819502125063,0,1,0
"2943",1,1,58230,0.996358630753979,1,1,0
"2944",0,1,0,-1.52409977806294,1,1,0
"2945",0,0,30279,-1.52409977806294,0,1,1
"2946",0,1,4827,-1.52409977806294,1,0,0
"2947",0,1,1286,-1.52409977806294,0,1,0
"2948",1,1,7757,0.753323337844023,0,1,1
"2949",1,1,556,0.556524106272623,0,1,1
"2950",0,0,18848,0.482320121097928,0,1,0
"2951",0,0,12600,0.733547364867927,0,1,1
"2952",0,0,7461,0.102570790588686,1,1,0
"2953",1,1,27967,0.916276947223742,1,1,0
"2954",0,0,0,0.836862310742941,1,0,0
"2955",0,1,13680,0.726847817268774,1,1,0
"2956",1,1,34685,0.897411054289019,1,1,1
"2957",0,0,33846,0.758804816873193,1,1,0
"2958",0,0,0,-1.52409977806294,0,1,1
"2959",0,0,183,0.400266011144916,0,1,0
"2960",1,1,15117,-1.52409977806294,0,1,0
"2961",1,1,20636,0.350831884717768,0,0,1
"2962",0,1,25444,1.11946789335359,0,0,1
"2963",1,1,14859,-0.241158150132397,0,1,1
"2964",0,0,15049,-1.52409977806294,1,0,1
"2965",1,1,2631,-1.52409977806294,1,0,0
"2966",0,1,4039,-1.52409977806294,1,1,0
"2967",1,1,0,-0.592167534853235,0,0,0
"2968",1,1,17099,-1.52409977806294,1,1,1
"2969",0,1,1696,0.212382210845837,0,1,1
"2970",0,0,5121,0.716477800279184,1,1,0
"2971",0,1,1935,0.356200702559718,1,1,0
"2972",1,1,24804,0.538805966010795,1,1,0
"2973",0,0,0,-1.52409977806294,1,0,0
"2974",1,1,12556,0.495362144851066,0,0,0
"2975",0,1,0,0.946884340069479,1,1,1
"2976",1,1,2868,0.212382210845837,0,1,0
"2977",1,1,3150,0.82389486036441,0,1,1
"2978",1,1,22576,0.679543861854286,0,0,0
"2979",1,1,13105,-1.52409977806294,1,1,0
"2980",1,1,28373,0.212382210845837,0,0,0
"2981",0,1,0,0.290341866347252,1,1,1
"2982",1,1,24802,-1.52409977806294,0,1,0
"2983",1,1,0,0.666306985702979,0,1,0
"2984",0,0,31704,-1.52409977806294,1,1,0
"2985",1,1,17857,0.538805966010795,1,1,1
"2986",1,1,19506,0.0247237191026457,1,0,0
"2987",0,1,0,0.908053571717931,1,1,0
"2988",1,1,7953,-1.52409977806294,1,1,1
"2989",1,1,4461,-1.52409977806294,1,1,0
"2990",1,1,23552,0.836862310742941,1,1,0
"2991",0,0,0,-1.52409977806294,0,0,1
"2992",0,0,0,-1.52409977806294,0,0,0
"2993",1,1,0,-0.128729974185197,1,1,0
"2994",1,1,11169,-1.52409977806294,0,0,1
"2995",1,1,7155,0.698262101690902,1,1,1
"2996",1,1,9330,0.690619104557388,0,1,1
"2997",1,1,8403,0.620214653903714,1,0,0
"2998",0,0,13742,-1.52409977806294,1,1,1
"2999",1,1,3195,-1.52409977806294,1,0,0
"3000",0,1,6164,0.828177620723861,1,1,0
"3001",0,0,0,-1.52409977806294,1,1,0
"3002",1,1,0,-1.52409977806294,1,1,0
"3003",1,1,13029,0.135660939823752,1,0,0
"3004",0,0,76911,0.400266011144916,1,0,1
"3005",0,0,24462,0.836862310742941,1,1,1
"3006",1,1,16374,1.0667803051313,1,1,1
"3007",0,0,0,0.212382210845837,1,1,1
"3008",0,0,7288,0.0247237191026457,0,1,1
"3009",0,1,8609,0.659438289012996,1,1,0
"3010",1,1,9309,0.290341866347252,1,1,1
"3011",0,0,544,0.813252848858161,0,1,0
"3012",0,1,3406,0.0770432221933737,0,1,0
"3013",1,1,32694,0.726847817268774,1,1,1
"3014",0,0,22490,-1.52409977806294,1,1,1
"3015",0,1,0,-1.52409977806294,0,0,0
"3016",1,0,4941,0.747728856592768,1,1,0
"3017",1,1,10401,0.0585850124021006,1,1,0
"3018",0,0,4692,-0.241158150132397,1,1,0
"3019",0,1,4869,-0.277053678368629,1,0,1
"3020",1,1,36850,0.785376728418142,0,0,0
"3021",0,0,933,0.510227782937839,1,1,0
"3022",0,0,1437,-1.52409977806294,1,1,1
"3023",1,1,0,-1.52409977806294,0,1,1
"3024",0,0,0,0.572198332954116,0,1,0
"3025",0,0,426,0.0421821420928183,0,1,1
"3026",0,0,246,0.236146260700553,1,1,0
"3027",1,1,66,-1.52409977806294,0,0,0
"3028",0,0,77760,0.666306985702979,0,0,1
"3029",0,1,0,0.836862310742941,1,1,1
"3030",0,1,5229,0.836862310742941,1,0,1
"3031",0,0,1098,0.290341866347252,1,1,1
"3032",1,1,3801,0.157521536191475,0,1,1
"3033",0,1,4207,1.0249493702102,0,1,1
"3034",0,0,6305,0.810276563596763,1,1,0
"3035",0,1,48,-1.52409977806294,1,0,1
"3036",0,0,2658,0.808274083446812,0,1,0
"3037",0,0,4993,0.212382210845837,0,0,0
"3038",1,1,588,0.0800011249463847,1,1,0
"3039",0,1,21547,0.755162826750721,0,1,0
"3040",1,1,32633,0.460778602579723,1,0,1
"3041",1,1,17194,0.787392039429005,1,1,0
"3042",0,0,1205,-1.52409977806294,0,1,1
"3043",0,1,5072,-0.00577964009232622,0,0,1
"3044",1,1,23199,0.975474577058332,1,1,1
"3045",0,1,47356,0.836862310742941,1,1,1
"3046",0,1,18888,0.478282081698801,0,1,1
"3047",0,0,52638,0.726847817268774,1,1,1
"3048",0,0,49804,0.290341866347252,0,1,1
"3049",0,1,43612,0.888548569212757,0,0,1
"3050",1,1,18415,-1.52409977806294,1,1,1
"3051",0,0,33179,0.410901228978889,0,0,0
"3052",1,1,6873,0.0438677679529842,1,1,0
"3053",0,0,58545,0.737489117402665,1,1,1
"3054",0,1,39030,0.975474577058332,1,1,0
"3055",0,0,3649,-0.457061707266294,0,0,0
"3056",0,0,71036,0.975474577058332,1,1,1
"3057",0,0,0,-1.52409977806294,1,0,1
"3058",1,1,9435,-1.52409977806294,1,1,0
"3059",0,1,3714,-1.52409977806294,1,1,0
"3060",0,0,8104,0.818141918049088,1,1,1
"3061",0,1,13643,0.726847817268774,1,1,1
"3062",0,0,19948,0.478282081698801,1,1,1
"3063",1,1,4258,-1.52409977806294,0,1,1
"3064",0,1,2828,-1.52409977806294,1,1,1
"3065",0,1,3162,-1.52409977806294,0,1,0
"3066",0,1,33250,0.698262101690902,0,0,0
"3067",1,1,21313,0.914923572565032,1,0,0
"3068",0,0,25668,0.886334089244092,0,1,0
"3069",1,1,864,0.538805966010795,1,1,0
"3070",1,1,31719,0.992206378643618,0,1,0
"3071",0,0,16827,0.836862310742941,0,1,0
"3072",0,1,160,-1.52409977806294,0,1,0
"3073",0,0,1680,-0.266304356743811,0,0,0
"3074",0,0,20694,1.0667803051313,1,0,0
"3075",1,1,26148,0.149671012602593,1,0,1
"3076",1,1,0,-1.52409977806294,1,0,0
"3077",0,1,0,-1.52409977806294,0,1,0
"3078",0,0,0,-1.52409977806294,1,0,0
"3079",0,1,8418,0.554611590316524,0,1,0
"3080",0,0,10876,0.878690015641386,1,1,1
"3081",0,1,9198,0.212382210845837,0,0,0
"3082",0,0,0,0.776315827974546,0,1,1
"3083",0,0,0,-1.52409977806294,0,0,1
"3084",1,1,468,0.588262676782656,0,0,0
"3085",0,0,0,-1.52409977806294,0,1,0
"3086",0,0,26016,0.552040421003432,0,1,1
"3087",0,0,5271,0.41776666744143,0,0,0
"3088",1,1,762,0.630080694611304,0,1,1
"3089",1,1,46855,0.648797858205049,1,0,1
"3090",0,0,6652,0.858581213504869,1,1,0
"3091",1,1,44,0.524892878948738,0,1,0
"3092",1,1,357,0.726847817268774,1,0,1
"3093",1,1,37689,0.975474577058332,1,1,1
"3094",1,1,5355,0.881466750417129,1,1,0
"3095",0,1,26508,-1.52409977806294,1,0,0
"3096",1,1,12114,0.845759514416569,1,1,0
"3097",1,1,12728,-1.52409977806294,0,0,0
"3098",1,1,1668,-1.52409977806294,0,1,0
"3099",0,0,15835,0.758804816873193,1,1,1
"3100",0,0,39597,0.599336628080891,1,0,0
"3101",1,1,14265,1.0667803051313,1,1,1
"3102",0,0,14860,0.309944962438295,1,1,1
"3103",0,0,14283,-1.52409977806294,1,0,0
"3104",0,0,0,0.524892878948738,0,1,0
"3105",0,0,2250,-1.52409977806294,1,1,1
"3106",0,0,107,-1.52409977806294,0,0,1
"3107",1,1,0,-1.52409977806294,0,0,0
"3108",1,1,13385,-1.52409977806294,1,1,0
"3109",0,1,36690,0.0247237191026457,0,1,0
"3110",0,0,43797,0.648797858205049,1,1,1
"3111",1,1,35714,0.707158333084026,1,1,1
"3112",0,0,387,0.0247237191026457,0,0,0
"3113",0,1,3324,0.804733790532695,0,1,0
"3114",1,1,2907,0.758804816873193,1,1,0
"3115",1,1,2394,-1.52409977806294,1,0,0
"3116",1,1,10883,-0.315257222560467,1,1,0
"3117",0,0,18591,0.595951779687052,1,0,0
"3118",1,1,0,-1.52409977806294,0,1,0
"3119",0,0,25980,0.726847817268774,1,1,0
"3120",0,1,10676,0.102570790588686,0,1,0
"3121",1,1,26292,-1.52409977806294,1,1,1
"3122",0,0,37644,0.974931318162061,1,1,0
"3123",1,1,6212,0.421971010103767,1,0,1
"3124",0,0,39564,0.577776963620534,0,0,1
"3125",0,1,1251,-1.52409977806294,0,0,1
"3126",0,0,0,-1.52409977806294,1,1,1
"3127",1,1,11079,0.931374183713974,0,0,1
"3128",1,1,30619,0.914923572565032,0,1,1
"3129",0,0,11767,0.36198625849391,0,0,0
"3130",0,0,15036,0.620214653903714,1,1,0
"3131",1,1,43313,0.836862310742941,1,1,1
"3132",1,1,17577,0.878690015641386,1,1,1
"3133",0,1,174,0.0247237191026457,1,1,0
"3134",1,1,38639,1.01340031708472,0,1,1
"3135",0,1,40181,0.847504480344855,0,1,0
"3136",0,1,0,0.873445321783578,0,0,0
"3137",1,1,7944,0.612055154935619,1,1,1
"3138",0,1,30080,-0.271625799614365,1,1,0
"3139",0,0,4003,0.599336628080891,1,1,1
"3140",0,1,0,-1.52409977806294,0,1,0
"3141",1,1,1197,0.0545763000610931,1,1,0
"3142",1,1,13002,-1.52409977806294,1,1,0
"3143",0,1,30841,0.620214653903714,0,1,1
"3144",0,0,10513,0.930222483756533,1,1,0
"3145",0,1,3276,-1.52409977806294,1,0,0
"3146",0,0,29265,0.879464185018207,1,1,1
"3147",0,0,51831,1.0667803051313,1,1,1
"3148",1,1,1464,0.87273302507281,0,1,1
"3149",0,1,3732,-1.52409977806294,1,1,0
"3150",1,1,19877,0.764768249327518,1,1,0
"3151",0,0,3838,0.200851806665756,0,1,0
"3152",0,1,717,-0.277053678368629,0,0,1
"3153",0,1,72623,0.348107113926764,0,1,0
"3154",1,1,21240,0.350831884717768,0,1,0
"3155",0,0,26877,0.68592780552556,1,0,0
"3156",1,1,5195,0.774045286464019,0,0,0
"3157",0,0,16851,0.787392039429005,0,1,0
"3158",0,1,8786,0.94808768930196,1,1,1
"3159",1,1,31040,0.0814680738750139,0,1,1
"3160",1,1,31230,0.858581213504869,0,0,0
"3161",0,1,0,-0.277053678368629,0,0,1
"3162",0,0,16324,-1.52409977806294,0,0,0
"3163",0,0,7799,-1.52409977806294,0,0,1
"3164",0,0,992,-1.52409977806294,0,1,1
"3165",1,1,7440,-1.52409977806294,1,1,0
"3166",0,1,13756,1.10301628464762,0,0,1
"3167",0,1,16471,-1.52409977806294,1,0,0
"3168",0,0,7172,0.726847817268774,1,1,1
"3169",0,1,62589,1.0249493702102,1,1,1
"3170",0,0,3710,0.588262676782656,1,1,1
"3171",1,1,19193,-1.52409977806294,1,1,0
"3172",0,1,0,0.826256386673653,1,1,0
"3173",0,0,8654,-1.52409977806294,1,0,1
"3174",0,0,28785,0.421971010103767,1,1,0
"3175",0,0,7247,-1.52409977806294,1,1,0
"3176",0,1,9704,0.376672979649578,1,1,0
"3177",1,1,6930,0.679543861854286,1,1,0
"3178",0,0,30068,-1.52409977806294,1,1,0
"3179",0,1,4941,0.787392039429005,0,1,1
"3180",1,1,13755,-1.52409977806294,0,1,1
"3181",0,1,30386,0.552040421003432,0,1,0
"3182",0,0,15929,0.836862310742941,0,0,1
"3183",0,1,0,0.726847817268774,1,1,1
"3184",1,1,4699,-1.52409977806294,1,1,1
"3185",1,1,1614,-1.52409977806294,0,0,1
"3186",0,0,5894,-0.0848629536107846,0,1,1
"3187",1,1,0,-1.52409977806294,0,1,0
"3188",0,0,1522,0.690619104557388,1,1,1
"3189",1,1,18305,0.758804816873193,0,1,0
"3190",1,1,30807,0.787392039429005,0,0,1
"3191",1,1,19853,-1.52409977806294,1,1,0
"3192",0,0,2178,-1.52409977806294,1,0,1
"3193",1,1,16701,-1.52409977806294,0,1,1
"3194",0,1,468,0.712931162099861,1,0,1
"3195",0,0,32463,-1.52409977806294,1,0,0
"3196",1,1,10937,0.421971010103767,0,0,1
"3197",0,0,2166,0.901005132656153,1,1,0
"3198",1,1,51768,1.08550263582028,1,1,1
"3199",0,0,385,-1.52409977806294,1,1,0
"3200",0,1,12534,0.666306985702979,1,1,1
"3201",1,1,762,-1.52409977806294,0,0,0
"3202",1,1,3807,0.400266011144916,1,1,0
"3203",0,0,5670,0.914923572565032,0,1,0
"3204",1,1,366,-1.52409977806294,1,0,1
"3205",0,1,6083,0.657693603537611,1,1,0
"3206",0,1,2592,1.00133785291652,1,1,0
"3207",1,1,16557,-1.52409977806294,1,1,0
"3208",1,1,0,0.574942630901918,0,1,1
"3209",1,1,1879,0.460778602579723,1,1,0
"3210",0,1,142,0.975474577058332,0,0,1
"3211",1,1,25362,1.06646999578168,1,1,1
"3212",0,1,44261,0.0247237191026457,0,0,0
"3213",1,1,17500,0.553842794077151,1,1,0
"3214",0,1,0,-0.0289350248101999,1,1,0
"3215",1,1,789,0.836862310742941,1,1,1
"3216",0,1,30696,-1.52409977806294,1,1,0
"3217",1,1,9900,0.925468315943147,1,1,0
"3218",1,1,3934,-1.52409977806294,1,0,0
"3219",0,1,8175,0.787392039429005,1,0,1
"3220",1,1,5887,0.832301879265657,0,1,0
"3221",0,0,0,1.08550263582028,1,1,1
"3222",0,1,6603,0.776315827974546,1,1,0
"3223",0,0,27813,-1.52409977806294,1,0,1
"3224",0,0,2175,0.441680201076704,1,0,0
"3225",0,0,6924,-0.0903181099699563,0,1,1
"3226",1,1,28773,0.779686414348474,1,1,1
"3227",1,1,30761,0.787392039429005,1,1,1
"3228",1,1,2529,1.09447073598658,1,1,1
"3229",1,1,32891,0.836862310742941,1,1,1
"3230",0,0,0,-1.52409977806294,0,0,0
"3231",1,1,336,0.322268754740774,0,1,0
"3232",1,1,14241,-1.52409977806294,0,1,0
"3233",0,0,61650,-1.52409977806294,0,1,1
"3234",0,0,6273,-1.52409977806294,0,1,1
"3235",0,1,216,0.601498207736435,1,1,0
"3236",0,0,9459,0.350831884717768,0,1,1
"3237",1,1,6458,0.446296355875802,1,1,0
"3238",1,1,37878,0.853524991031704,1,1,1
"3239",0,1,25116,0.648797858205049,1,1,1
"3240",1,1,0,-0.141732934998523,1,1,1
"3241",1,1,30964,0.840634724761686,1,1,0
"3242",1,1,16608,0.376672979649578,1,1,0
"3243",1,1,41472,0.432606895982231,1,1,1
"3244",0,0,31445,0.639600607607771,1,1,1
"3245",1,1,14711,0.350831884717768,0,0,1
"3246",1,1,32184,0.678978055472998,1,1,1
"3247",1,1,4524,-1.52409977806294,1,1,0
"3248",1,1,24404,-1.52409977806294,0,0,0
"3249",0,0,10190,0.896505047935736,1,1,0
"3250",0,1,17219,0.758804816873193,1,1,1
"3251",1,1,16887,0.975474577058332,1,1,0
"3252",0,0,321,-1.52409977806294,1,0,0
"3253",1,1,26684,0.726847817268774,1,1,0
"3254",1,1,16324,0.946884340069479,0,0,1
"3255",0,1,50928,0.946884340069479,1,1,0
"3256",1,1,0,-1.52409977806294,0,1,0
"3257",1,1,5460,-1.52409977806294,1,1,1
"3258",0,1,1515,-1.52409977806294,0,1,1
"3259",0,1,6965,0.246296467370855,1,0,0
"3260",0,1,15146,-1.52409977806294,0,1,0
"3261",1,1,44018,1.0249493702102,1,1,0
"3262",0,0,39274,0.964397235179709,0,1,1
"3263",0,1,28413,-1.52409977806294,0,1,0
"3264",1,1,0,0.752707393659945,0,1,0
"3265",1,1,555,-1.52409977806294,0,0,0
"3266",1,1,1923,0.455299582882763,0,1,0
"3267",0,1,57561,1.10301628464762,1,1,1
"3268",1,1,46086,0.914923572565032,0,1,1
"3269",0,0,13072,0.708613093420993,0,1,0
"3270",1,1,49783,0.914923572565032,0,1,1
"3271",1,1,3794,-1.52409977806294,1,0,0
"3272",0,0,0,-1.52409977806294,0,1,1
"3273",1,1,25149,0.648797858205049,0,1,1
"3274",1,1,27931,-1.52409977806294,1,1,0
"3275",0,1,25500,-1.52409977806294,0,1,1
"3276",0,1,8977,0.564659378976687,0,1,0
"3277",1,1,20331,0.588262676782656,0,0,1
"3278",0,1,0,0.254151860684496,1,0,1
"3279",1,1,12208,-1.52409977806294,1,1,1
"3280",0,1,21954,0.787392039429005,1,1,0
"3281",0,1,542,-1.52409977806294,1,1,0
"3282",1,1,18756,0.408281241862425,1,0,0
"3283",0,0,0,-1.52409977806294,0,1,0
"3284",0,0,8526,0.690619104557388,1,0,0
"3285",0,0,40578,0.850230250271478,1,1,1
"3286",1,1,5966,0.798033861226659,1,1,0
"3287",0,0,26868,0.896976548700259,0,1,1
"3288",0,0,15207,-1.52409977806294,0,1,1
"3289",0,0,1308,-1.52409977806294,1,1,1
"3290",0,0,2876,0.893768738295348,1,0,0
"3291",0,0,11433,0.758804816873193,1,1,0
"3292",1,1,30101,-1.52409977806294,0,1,0
"3293",1,1,5140,0.633928825601365,1,1,0
"3294",1,1,11012,0.538805966010795,1,1,0
"3295",0,1,21525,0.792765109235685,1,1,0
"3296",1,1,38032,0.908053571717931,1,1,0
"3297",0,0,12486,0.975474577058332,1,0,0
"3298",0,0,3489,0.666306985702979,0,1,1
"3299",0,0,3651,0.648797858205049,1,1,1
"3300",0,0,0,-1.52409977806294,0,1,1
"3301",0,1,88,-1.52409977806294,1,1,0
"3302",0,0,8937,0.212382210845837,1,1,1
"3303",1,1,5159,0.599336628080891,1,0,0
"3304",1,1,30624,0.531938572982851,1,1,0
"3305",1,1,33059,0.878690015641386,1,1,0
"3306",1,1,59451,-1.52409977806294,1,1,1
"3307",0,1,39629,0.988714198260819,0,1,0
"3308",0,0,28308,0.975474577058332,1,1,0
"3309",0,1,0,0.726847817268774,0,1,1
"3310",0,0,10432,-1.52409977806294,1,1,0
"3311",0,1,6299,0.648797858205049,1,1,0
"3312",1,1,26543,0.290341866347252,1,0,1
"3313",0,0,1401,0.254151860684496,0,1,1
"3314",1,1,0,-0.0848629536107846,1,1,0
"3315",0,0,5449,0.599336628080891,0,1,1
"3316",1,1,2112,-1.52409977806294,1,1,0
"3317",1,1,16949,0.588262676782656,1,0,1
"3318",0,1,132,-1.52409977806294,1,0,0
"3319",1,1,0,0.325264203374607,1,0,1
"3320",1,1,924,-1.52409977806294,1,1,0
"3321",1,1,1605,0.173616265187286,0,1,1
"3322",0,0,900,0.836862310742941,1,1,1
"3323",1,1,20683,-1.52409977806294,0,1,1
"3324",0,1,17574,0.787392039429005,1,1,1
"3325",1,1,7396,-1.52409977806294,0,1,0
"3326",0,1,23252,-0.348804182527602,1,1,1
"3327",1,1,3347,0.0648782773839391,1,1,1
"3328",1,1,39720,0.928162870761217,1,0,0
"3329",0,0,0,0.883149762887104,1,1,0
"3330",1,1,68772,0.350831884717768,1,1,1
"3331",1,1,30951,0.657343316440245,1,1,1
"3332",0,1,6675,0.937497805797478,1,1,1
"3333",0,0,255,-1.52409977806294,0,0,0
"3334",1,1,43243,0.394557241724206,1,1,1
"3335",0,0,27408,0.422387884058254,1,1,0
"3336",0,0,0,-1.52409977806294,0,1,0
"3337",0,0,10473,0.787609017166734,1,1,0
"3338",0,0,0,-1.52409977806294,1,1,0
"3339",0,0,3081,-1.52409977806294,0,0,1
"3340",0,0,44514,-0.125574300361263,1,1,1
"3341",0,0,66810,0.545106614468212,1,0,1
"3342",1,1,43735,0.254151860684496,0,1,0
"3343",0,1,63275,1.0667803051313,1,1,0
"3344",1,1,13212,-0.0848629536107846,0,1,1
"3345",1,1,12858,0.836862310742941,1,1,1
"3346",0,0,8493,1.24501101519341,1,0,0
"3347",0,0,50907,0.867693903540581,1,1,1
"3348",0,0,18552,0.878690015641386,1,1,0
"3349",1,1,13585,0.350831884717768,0,1,0
"3350",1,1,267,-1.52409977806294,1,1,0
"3351",1,1,3291,-0.277053678368629,0,0,1
"3352",0,0,0,-1.52409977806294,0,0,1
"3353",0,0,21635,0.510227782937839,1,1,1
"3354",0,0,138,0.212382210845837,1,1,0
"3355",0,1,0,0.886334089244092,1,1,0
"3356",1,1,30515,0.758804816873193,0,1,0
"3357",0,0,0,-1.52409977806294,0,0,0
"3358",0,1,7566,0.878690015641386,1,1,0
"3359",0,1,1367,0.212382210845837,0,0,1
"3360",1,1,29384,0.975474577058332,1,1,0
"3361",1,1,11088,0.250252585400816,0,1,1
"3362",0,1,10592,-1.52409977806294,1,0,1
"3363",1,1,20602,0.599336628080891,0,1,0
"3364",1,1,0,0.914923572565032,0,0,0
"3365",1,1,24425,0.750478347116098,1,0,1
"3366",0,0,16445,0.533049100940721,1,0,0
"3367",0,1,381,-1.52409977806294,1,1,0
"3368",0,0,33956,0.836862310742941,1,1,0
"3369",0,0,12435,0.985568952403765,0,0,0
"3370",0,0,573,-1.52409977806294,1,1,0
"3371",0,0,46653,1.04957677128333,0,1,1
"3372",0,1,3090,0.350831884717768,1,1,0
"3373",0,0,0,-1.52409977806294,1,0,1
"3374",0,1,11445,0.398679623131172,1,1,0
"3375",1,1,17127,0.666645899129489,1,1,0
"3376",1,1,87387,0.60577039184402,1,0,0
"3377",0,1,5046,-1.52409977806294,1,1,0
"3378",1,1,30875,-1.52409977806294,1,1,0
"3379",1,1,13396,0.787392039429005,1,1,0
"3380",0,0,22298,0.674655379794383,1,1,1
"3381",0,0,16344,0.442841621783733,0,1,1
"3382",1,1,11965,0.648797858205049,0,1,1
"3383",0,0,258,-1.52409977806294,0,1,0
"3384",1,1,1505,-1.52409977806294,1,1,0
"3385",0,1,798,0.510227782937839,1,1,1
"3386",1,1,13550,0.891559650875625,0,0,1
"3387",0,1,27,-1.52409977806294,1,1,1
"3388",0,0,4707,0.849367888913477,1,0,1
"3389",0,0,1575,0.71577217093987,0,1,0
"3390",0,1,894,-1.52409977806294,0,1,0
"3391",0,1,50262,0.666306985702979,1,1,1
"3392",0,0,6132,0.914923572565032,1,1,0
"3393",0,0,23578,0.494724716745903,1,1,0
"3394",1,1,12945,1.11625639038912,1,1,1
"3395",1,1,3990,0.510227782937839,0,1,1
"3396",0,0,22919,0.878690015641386,0,1,1
"3397",1,1,8269,0.705695732448699,1,1,1
"3398",0,0,1373,0.102570790588686,1,1,0
"3399",1,1,32110,-0.0848629536107846,1,1,1
"3400",0,1,29301,0.421971010103767,0,1,1
"3401",1,1,102,0.146235714947178,0,1,1
"3402",1,1,38442,-1.52409977806294,1,0,1
"3403",1,1,26742,0.787392039429005,1,1,1
"3404",0,0,89,0.409157384321569,1,1,0
"3405",1,1,17052,0.726847817268774,0,1,0
"3406",1,1,47244,0.975474577058332,0,1,1
"3407",1,1,36957,1.00133785291652,0,1,1
"3408",0,1,0,1.22412575550528,0,1,1
"3409",0,0,3093,-1.52409977806294,1,1,1
"3410",1,1,35691,0.460778602579723,1,1,0
"3411",0,0,183,-1.52409977806294,0,1,0
"3412",0,0,19092,0.914923572565032,0,1,0
"3413",1,1,29651,0.726847817268774,1,1,1
"3414",1,1,7506,-1.52409977806294,1,1,0
"3415",0,0,13060,0.666306985702979,1,1,0
"3416",1,1,32421,-0.0848629536107846,1,1,1
"3417",0,0,26771,0.0957172725582084,1,0,0
"3418",0,0,43563,-1.52409977806294,0,1,1
"3419",0,0,31492,0.836862310742941,1,1,1
"3420",1,1,28694,0.800164826983905,1,1,1
"3421",1,1,9513,0.946884340069479,1,1,0
"3422",1,1,71693,0.798033861226659,1,0,1
"3423",1,1,0,0.914923572565032,1,1,1
"3424",0,1,11447,0.599336628080891,0,0,1
"3425",0,1,14435,0.71577217093987,1,1,0
"3426",1,1,33086,0.866804381349367,1,1,1
"3427",1,1,3729,0.376672979649578,1,0,0
"3428",1,1,0,-1.52409977806294,0,1,0
"3429",1,1,6309,0.538805966010795,1,0,1
"3430",1,1,6471,-1.52409977806294,1,1,1
"3431",1,1,5193,-1.52409977806294,1,1,1
"3432",0,0,2961,-1.52409977806294,0,1,0
"3433",1,1,2040,-1.52409977806294,1,1,1
"3434",1,1,21629,0.14910147432219,1,0,0
"3435",0,0,48620,-1.52409977806294,1,1,1
"3436",0,1,24415,-1.52409977806294,1,1,1
"3437",0,0,5875,0.819687999587333,1,0,1
"3438",0,1,0,-1.52409977806294,1,1,1
"3439",0,1,0,-1.52409977806294,1,0,0
"3440",0,1,28542,-1.52409977806294,0,1,0
"3441",0,1,10570,-1.52409977806294,1,1,0
"3442",0,0,189,-1.52409977806294,0,1,0
"3443",0,0,0,-1.52409977806294,0,0,1
"3444",1,1,23127,0.946884340069479,1,1,0
"3445",0,1,22417,0.599336628080891,1,1,1
"3446",0,1,28857,-0.873347230807607,1,1,1
"3447",1,1,35637,0.400266011144916,1,0,1
"3448",0,1,1050,0.460778602579723,0,0,0
"3449",0,1,0,1.00133785291652,1,1,0
"3450",0,0,41364,0.870824376213852,0,1,1
"3451",0,0,16916,0.836862310742941,1,1,0
"3452",0,1,36025,-1.52409977806294,1,1,0
"3453",1,1,0,-0.271625799614365,1,1,0
"3454",1,1,6833,0.350831884717768,1,1,0
"3455",1,1,38711,0.623807886269608,1,1,0
"3456",0,1,0,-1.52409977806294,1,1,0
"3457",1,1,0,-0.0848629536107846,0,0,1
"3458",0,0,11951,0.758804816873193,0,0,1
"3459",1,1,0,-0.0848629536107846,1,1,0
"3460",0,1,2316,-1.52409977806294,1,1,1
"3461",1,1,34764,0.878690015641386,1,1,0
"3462",0,0,1524,0.639600607607771,1,1,1
"3463",1,1,34873,-1.52409977806294,0,1,0
"3464",0,1,541,0.836862310742941,0,1,0
"3465",0,0,17763,0.422387884058254,0,1,0
"3466",1,1,56706,0.908053571717931,0,1,0
"3467",0,1,16078,0.914923572565032,0,0,1
"3468",0,1,0,-1.52409977806294,0,0,1
"3469",0,0,1459,-1.52409977806294,1,1,0
"3470",0,1,0,-1.52409977806294,1,1,0
"3471",0,0,17293,0.0679710161657808,1,0,0
"3472",1,1,20076,0.162993191115368,1,0,0
"3473",0,0,7610,0.211024151843311,0,1,0
"3474",0,0,1773,0.478282081698801,1,1,1
"3475",0,0,24738,-0.201044883866856,0,1,0
"3476",1,1,49980,0.787392039429005,0,0,0
"3477",0,1,18096,-1.52409977806294,0,1,0
"3478",1,1,24278,0.492320937602544,0,1,0
"3479",0,1,3620,0.102570790588686,0,1,1
"3480",0,0,0,-1.52409977806294,0,0,0
"3481",0,1,1848,0.212382210845837,1,1,1
"3482",1,1,26358,0.648797858205049,1,0,0
"3483",0,0,24327,1.01900522965599,1,0,1
"3484",0,1,588,0.726847817268774,1,1,0
"3485",1,1,3456,0.531520950600862,1,1,0
"3486",0,1,0,1.07630289074481,1,0,1
"3487",1,1,27513,-1.52409977806294,0,0,0
"3488",0,0,2756,-1.52409977806294,0,1,0
"3489",0,1,20133,0.525748084144921,1,0,0
"3490",0,1,41527,0.878690015641386,1,1,0
"3491",0,1,21129,-1.52409977806294,0,0,0
"3492",0,0,4965,0.648797858205049,0,1,1
"3493",1,1,10721,0.731354746403155,1,0,0
"3494",1,1,28661,0.946884340069479,0,1,1
"3495",0,0,29874,0.851818430520509,1,1,0
"3496",1,1,6525,0.853524991031704,1,1,1
"3497",0,0,11297,-0.0848629536107846,1,1,0
"3498",0,0,24012,0.9555193005262,1,1,0
"3499",0,1,15342,0.102570790588686,0,1,0
"3500",0,0,72,-0.305951686091727,0,0,0
"3501",1,1,4623,0.254151860684496,0,0,0
"3502",0,0,46761,0.836862310742941,1,1,0
"3503",1,1,8917,0.512329225116183,1,1,0
"3504",1,1,30380,0.033593295813364,0,0,0
"3505",0,0,7909,-1.52409977806294,0,1,1
"3506",1,1,9558,0.588262676782656,1,0,0
"3507",1,1,35244,0.162993191115368,1,1,0
"3508",1,1,10053,-1.52409977806294,1,1,0
"3509",1,1,34703,0.891004557838964,1,1,0
"3510",0,1,17108,0.818141918049088,0,1,1
"3511",0,0,1501,-1.52409977806294,1,1,0
"3512",1,1,11323,-1.52409977806294,1,1,0
"3513",1,1,2622,0.350831884717768,0,1,1
"3514",0,0,456,-0.697862388132054,1,1,0
"3515",0,0,2507,0.377165511347397,1,1,1
"3516",1,1,13128,0.561933115135487,0,1,0
"3517",0,0,0,0.538805966010795,0,0,1
"3518",0,1,3501,0.787392039429005,1,1,1
"3519",0,0,28475,0.476752191008256,1,1,0
"3520",0,1,7035,0.836862310742941,1,1,0
"3521",0,1,23688,-1.52409977806294,1,1,1
"3522",0,1,26964,0.64497290716301,1,0,1
"3523",1,1,12841,0.460778602579723,0,0,0
"3524",0,1,0,-1.52409977806294,1,1,0
"3525",1,1,17571,1.04246273638602,0,1,1
"3526",0,0,34242,0.975474577058332,1,0,0
"3527",0,0,37065,0.648797858205049,1,1,1
"3528",0,0,10875,-1.52409977806294,0,1,0
"3529",0,0,55035,-1.52409977806294,1,0,0
"3530",1,1,3849,0.212382210845837,0,1,0
"3531",0,0,0,0.58961565785342,0,1,1
"3532",1,1,13650,1.1242149951678,1,1,1
"3533",1,1,25662,1.0249493702102,0,1,1
"3534",0,0,25828,0.758804816873193,1,1,1
"3535",0,0,4357,-1.52409977806294,1,1,0
"3536",1,1,0,-1.52409977806294,1,1,0
"3537",0,0,18366,-1.52409977806294,1,0,0
"3538",0,0,23027,0.433408032773638,1,1,0
"3539",0,1,0,0.344800861163609,1,1,0
"3540",0,1,24276,0.491998818999732,1,1,1
"3541",1,1,54469,0.44970766338848,1,0,0
"3542",0,0,29520,0.322268754740774,1,1,1
"3543",1,1,28068,-0.457061707266294,1,1,0
"3544",1,1,25564,-1.52409977806294,0,1,0
"3545",0,0,26274,-1.52409977806294,1,1,0
"3546",1,1,22851,0.583703394565187,1,1,0
"3547",1,1,1625,-0.0245753344106287,0,1,0
"3548",1,1,5848,-1.52409977806294,1,0,0
"3549",0,0,29256,-1.52409977806294,0,1,0
"3550",0,0,0,0.350831884717768,0,0,1
"3551",0,0,13571,1.0249493702102,1,1,1
"3552",1,1,17919,-1.52409977806294,0,1,0
"3553",0,1,858,0.787392039429005,1,0,1
"3554",1,1,6202,-1.52409977806294,1,1,0
"3555",0,0,34726,0.538805966010795,0,1,0
"3556",0,1,0,-1.52409977806294,1,0,0
"3557",0,1,42328,0.914923572565032,0,1,1
"3558",0,0,16379,0.538805966010795,1,0,1
"3559",1,1,6138,-0.131922774434992,0,0,1
"3560",0,1,42672,1.01340031708472,1,1,1
"3561",1,1,13091,0.350831884717768,1,1,0
"3562",1,1,20400,0.659438289012996,1,0,0
"3563",1,1,8893,-1.52409977806294,1,1,0
"3564",0,0,0,-1.52409977806294,0,1,0
"3565",0,1,1005,-0.222594683552271,0,1,0
"3566",0,1,0,-1.52409977806294,1,0,0
"3567",0,1,19481,0.864199977941947,1,0,0
"3568",0,0,2253,0.599336628080891,1,1,1
"3569",1,1,17718,0.726847817268774,1,1,0
"3570",1,1,15567,-1.52409977806294,1,1,0
"3571",0,0,1791,-1.52409977806294,0,1,0
"3572",0,0,11049,0.290341866347252,0,1,1
"3573",1,1,0,0.866804381349367,1,1,0
"3574",0,0,15153,-1.52409977806294,1,1,0
"3575",1,1,0,0.495998079274473,0,1,0
"3576",1,1,21852,-0.0653304332596148,1,1,0
"3577",1,1,9660,-1.52409977806294,1,1,0
"3578",1,1,29646,0.787392039429005,1,1,1
"3579",0,0,21978,0.878690015641386,1,1,1
"3580",0,1,34918,0.180304762176049,0,0,0
"3581",1,1,13741,0.162993191115368,1,1,1
"3582",1,1,13020,-1.52409977806294,0,1,1
"3583",1,1,30,-0.516292427492594,1,0,0
"3584",0,0,16257,0.158624728324474,0,1,0
"3585",0,1,37826,0.787392039429005,1,1,1
"3586",0,1,0,0.392937028607278,1,1,1
"3587",0,0,1354,-1.52409977806294,0,1,1
"3588",0,1,2922,0.912709841533059,0,1,1
"3589",0,0,15115,0.746469819813544,1,0,0
"3590",0,0,23895,0.746469819813544,1,1,0
"3591",1,1,18834,1.04667001220076,1,1,0
"3592",0,1,358,0.630080694611304,0,1,0
"3593",0,0,60477,0.964397235179709,1,1,1
"3594",1,1,23493,0.698262101690902,1,1,0
"3595",1,1,15935,1.05793461835228,0,1,1
"3596",0,1,35068,0.758804816873193,0,1,1
"3597",0,0,366,0.102570790588686,0,0,0
"3598",0,0,23300,0.946884340069479,0,0,1
"3599",0,1,28233,0.897411054289019,1,1,0
"3600",0,0,8093,-0.19288231695551,1,1,0
"3601",0,0,1275,0.802176431889199,0,1,1
"3602",0,0,27239,0.620214653903714,1,1,1
"3603",0,0,11074,-1.52409977806294,0,1,0
"3604",0,0,42549,0.417130360254244,1,0,1
"3605",1,1,11101,-1.52409977806294,0,1,1
"3606",1,1,0,-1.52409977806294,0,1,0
"3607",1,1,18918,0.538805966010795,0,1,0
"3608",1,1,18700,1.0249493702102,1,0,0
"3609",1,1,259,0.734867653976538,1,1,0
"3610",1,1,4461,0.460778602579723,1,1,0
"3611",1,1,7585,-1.52409977806294,0,1,1
"3612",1,1,29517,0.648797858205049,0,1,1
"3613",0,1,1062,0.134460119762742,0,1,0
"3614",0,0,2166,-1.52409977806294,0,1,1
"3615",1,1,34272,0.726847817268774,1,1,0
"3616",0,1,463,0.914923572565032,1,1,0
"3617",0,0,10425,0.460778602579723,1,1,1
"3618",1,1,51070,0.858581213504869,1,0,1
"3619",1,1,55146,0.787392039429005,1,1,1
"3620",1,1,2916,0.946884340069479,1,1,0
"3621",0,0,11382,0.297365157518756,1,0,0
"3622",1,1,0,-1.52409977806294,1,1,1
"3623",0,1,0,0.901005132656153,0,1,0
"3624",1,1,55499,-1.52409977806294,0,1,0
"3625",1,1,45177,0.538534581097173,0,0,1
"3626",0,0,42633,-0.277053678368629,1,0,0
"3627",1,1,27678,0.726847817268774,1,1,1
"3628",1,1,6852,0.776315827974546,1,1,1
"3629",0,1,3239,-1.52409977806294,0,0,1
"3630",0,0,2650,-0.12090854261446,1,0,1
"3631",1,1,13398,0.698262101690902,1,1,0
"3632",0,1,0,0.498684298089255,1,1,1
"3633",0,0,9177,-1.52409977806294,1,1,0
"3634",0,0,1234,0.339764708356472,1,1,0
"3635",0,1,177,0.442067893844077,0,0,0
"3636",0,0,11743,-1.52409977806294,1,1,0
"3637",1,1,77,-1.52409977806294,0,1,0
"3638",1,1,14617,0.588262676782656,1,1,0
"3639",1,1,41307,0.61153694799755,1,0,0
"3640",0,1,1138,0.442067893844077,0,1,1
"3641",1,1,33078,0.588262676782656,0,1,0
"3642",0,1,720,-0.141732934998523,0,0,0
"3643",1,1,11008,-1.52409977806294,0,1,0
"3644",1,1,0,0.701260032105623,1,0,0
"3645",1,1,0,0.536079826652938,0,0,1
"3646",0,0,5406,0.836862310742941,1,0,0
"3647",0,0,1548,-1.52409977806294,0,0,0
"3648",1,1,22552,0.77232982632088,1,1,0
"3649",0,0,39992,1.10301628464762,1,1,1
"3650",1,1,0,-0.271625799614365,1,1,0
"3651",0,1,3195,0.283479683022315,1,1,1
"3652",1,1,2400,0.0463767370497639,0,1,1
"3653",1,1,20553,0.134460119762742,1,1,0
"3654",0,1,0,-0.592167534853235,0,0,1
"3655",0,0,11449,0.381558528168414,1,0,1
"3656",1,1,2349,0.648797858205049,1,1,1
"3657",0,0,11367,0.769736131290091,1,0,0
"3658",1,1,12850,0.686793970137542,0,1,1
"3659",0,1,27519,-1.52409977806294,0,0,0
"3660",1,1,15526,1.08550263582028,1,0,0
"3661",0,0,2451,0.102570790588686,1,0,0
"3662",0,0,32383,0.962325909630404,0,1,1
"3663",0,0,22654,0.400266011144916,1,0,0
"3664",0,0,4196,-1.52409977806294,0,1,1
"3665",1,1,22709,-1.52409977806294,0,1,1
"3666",1,1,927,0.109255485470469,0,1,0
"3667",1,1,2379,0.290341866347252,1,1,0
"3668",1,1,16062,0.899573207999143,0,1,0
"3669",0,0,13068,0.81246235890255,0,1,1
"3670",1,1,18234,-1.52409977806294,1,1,0
"3671",1,1,74603,0.726847817268774,1,0,1
"3672",0,1,8764,0.649159343294802,0,0,0
"3673",1,1,0,-1.52409977806294,0,1,0
"3674",1,1,23272,-1.52409977806294,1,1,0
"3675",0,1,1380,-1.52409977806294,1,1,0
"3676",0,0,2452,-1.52409977806294,0,1,1
"3677",1,1,6252,-0.0181643695723686,0,0,1
"3678",0,0,49,0.986117442336983,0,1,0
"3679",1,1,22052,-0.201044883866856,0,0,1
"3680",0,0,3432,0.350831884717768,1,1,0
"3681",0,0,25752,0.897411054289019,1,1,1
"3682",0,0,65134,1.06082288438949,1,1,0
"3683",0,1,7176,0.33749606491739,0,1,0
"3684",1,1,1659,0.102570790588686,0,0,0
"3685",0,0,16002,-1.52409977806294,0,1,0
"3686",0,1,26973,-1.52409977806294,0,0,1
"3687",0,0,319,0.183839126990129,1,1,1
"3688",1,1,642,0.787392039429005,1,0,1
"3689",1,1,24895,0.314011901468103,1,0,0
"3690",1,1,33747,0.857158155602837,1,1,0
"3691",0,0,0,-1.52409977806294,0,1,0
"3692",0,1,0,0.858581213504869,0,1,0
"3693",0,0,0,-1.52409977806294,1,1,0
"3694",1,1,17409,0.350560635428813,1,1,0
"3695",0,1,2304,-1.52409977806294,1,1,1
"3696",0,1,12927,0.524892878948738,1,0,1
"3697",0,1,21779,0.975474577058332,1,1,1
"3698",1,1,2502,-1.52409977806294,1,0,1
"3699",0,1,15181,0.162993191115368,1,0,0
"3700",1,1,5676,-1.52409977806294,0,1,1
"3701",0,0,1080,-1.52409977806294,0,0,0
"3702",1,1,7422,-0.0848629536107846,1,1,0
"3703",1,1,11528,0.726847817268774,0,0,0
"3704",0,0,469,-0.0848629536107846,0,0,0
"3705",0,0,15037,-1.52409977806294,1,1,1
"3706",1,1,2564,0.678005348729122,1,1,1
"3707",0,1,22489,-1.52409977806294,1,1,0
"3708",0,1,7898,-1.52409977806294,1,1,1
"3709",0,0,0,0.557665179674823,0,1,1
"3710",0,0,7265,0.564659378976687,1,1,1
"3711",1,1,55434,0.964397235179709,1,1,1
"3712",1,1,12506,0.425700021475206,0,1,0
"3713",0,1,1470,-1.52409977806294,0,1,1
"3714",1,1,16318,0.856738185090354,0,1,0
"3715",1,0,9797,0.686085495763005,0,0,0
"3716",1,1,10581,0.886334089244092,1,1,1
"3717",1,1,17559,0.633546458661031,1,1,0
"3718",0,0,3702,0.787392039429005,0,1,1
"3719",0,0,28374,1.03602693820135,1,0,1
"3720",0,1,970,-0.0848629536107846,0,1,0
"3721",1,1,16485,0.290341866347252,0,0,1
"3722",0,0,3658,0.648797858205049,1,1,1
"3723",0,1,1921,0.460778602579723,0,1,0
"3724",1,1,13821,-1.52409977806294,1,1,1
"3725",0,0,0,0.0318424194756784,1,1,0
"3726",1,1,0,0.460778602579723,0,1,0
"3727",1,1,2760,0.726847817268774,1,1,0
"3728",1,1,26845,0.796043766268872,1,0,1
"3729",0,0,243,0.59330194684302,1,1,0
"3730",1,1,22243,-1.52409977806294,1,1,0
"3731",1,0,11009,-0.0356087600703391,1,0,0
"3732",0,1,37421,0.914923572565032,1,0,1
"3733",1,1,50835,0.648797858205049,1,1,0
"3734",0,1,560,0.349200307312361,0,0,0
"3735",0,0,0,0.350831884717768,1,1,1
"3736",1,1,1100,0.639600607607771,1,1,1
"3737",1,1,37590,0.836862310742941,1,1,0
"3738",0,0,24544,-1.52409977806294,1,1,0
"3739",1,1,40,-1.52409977806294,0,1,0
"3740",1,1,56964,-1.52409977806294,0,1,1
"3741",0,0,2865,0.290341866347252,1,1,0
"3742",0,1,0,-1.52409977806294,0,1,0
"3743",0,1,62424,0.599336628080891,0,1,0
"3744",0,1,2281,-1.52409977806294,0,1,1
"3745",0,0,2832,0.899824340839729,0,1,1
"3746",0,0,34190,0.538805966010795,0,0,1
"3747",0,1,44070,0.321061256014513,1,1,0
"3748",1,1,1026,-1.52409977806294,0,1,0
"3749",0,0,31336,-1.52409977806294,1,0,0
"3750",1,1,13099,0.787392039429005,1,1,0
"3751",1,1,5267,0.674655379794383,1,1,0
"3752",1,1,28261,0.752707393659945,1,0,1
"3753",1,1,27480,0.878690015641386,1,1,0
"3754",1,1,0,-1.52409977806294,0,1,0
"3755",1,1,32119,0.350831884717768,1,1,0
"3756",1,1,34102,-1.52409977806294,1,0,0
"3757",0,1,10020,0.878690015641386,1,1,0
"3758",1,1,1711,0.538805966010795,0,1,1
"3759",1,1,14658,0.674655379794383,0,0,0
"3760",1,1,20383,-0.516292427492594,1,1,0
"3761",1,1,45343,0.162993191115368,1,0,1
"3762",1,1,1440,0.648797858205049,1,1,0
"3763",0,0,3237,-1.52409977806294,1,1,1
"3764",1,1,9410,-1.52409977806294,0,0,1
"3765",0,0,720,0.599336628080891,1,1,1
"3766",0,0,28254,0.538805966010795,1,1,0
"3767",0,1,0,-1.52409977806294,0,1,0
"3768",1,1,40425,0.460778602579723,1,1,0
"3769",1,1,5878,0.808274083446812,1,1,0
"3770",0,0,0,0.115779474903159,0,0,1
"3771",1,1,19682,-1.52409977806294,1,0,0
"3772",0,1,8009,-1.52409977806294,0,1,1
"3773",0,0,18567,0.721435696371207,0,1,0
"3774",0,0,22927,0.256464814097034,1,1,0
"3775",0,1,34293,-1.52409977806294,0,1,0
"3776",0,0,28443,0.808876380474515,0,1,0
"3777",0,0,41834,0.914923572565032,1,1,0
"3778",0,0,29258,0.648797858205049,0,1,1
"3779",0,0,1987,-1.52409977806294,1,1,0
"3780",1,1,7374,0.648797858205049,0,1,1
"3781",1,1,39126,0.591632565583529,1,1,1
"3782",0,0,13217,-1.52409977806294,1,1,0
"3783",0,0,395,0.598249347415765,0,1,0
"3784",0,0,23683,-0.0678549620783842,1,1,1
"3785",0,1,1707,0.254151860684496,1,1,0
"3786",1,1,5076,-1.52409977806294,0,0,1
"3787",1,1,0,-1.52409977806294,1,1,0
"3788",0,1,35530,0.787392039429005,1,0,0
"3789",0,0,12021,-1.52409977806294,0,1,0
"3790",0,0,13280,0.690619104557388,0,1,0
"3791",0,0,9981,-1.52409977806294,1,1,0
"3792",1,1,0,0.538805966010795,1,1,0
"3793",0,1,2106,0.755407152575018,0,1,0
"3794",1,1,26535,0.581858016330091,0,1,0
"3795",0,0,25669,0.690619104557388,0,0,1
"3796",0,1,1947,0.958684259429516,0,1,1
"3797",0,0,16458,-1.52409977806294,0,1,1
"3798",1,1,0,-1.52409977806294,0,0,0
"3799",1,1,55746,0.949882767333952,0,1,1
"3800",1,1,0,-1.52409977806294,1,1,0
"3801",1,1,0,-1.52409977806294,0,1,0
"3802",1,1,11392,-1.52409977806294,0,1,1
"3803",1,1,1161,0.400266011144916,1,0,1
"3804",0,0,11228,-0.0848629536107846,1,1,0
"3805",0,0,37145,0.836862310742941,1,1,1
"3806",0,0,9206,0.685770023607739,0,1,0
"3807",0,1,458,0.567480580651302,1,1,0
"3808",0,0,37646,0.140411781340167,0,1,0
"3809",1,1,18993,-0.222594683552271,0,1,1
"3810",0,0,297,-1.52409977806294,1,1,0
"3811",1,1,10649,0.510227782937839,0,1,0
"3812",1,1,50997,1.0876649330917,0,1,1
"3813",0,1,458,0.599336628080891,1,1,0
"3814",1,1,16130,0.813252848858161,1,1,0
"3815",0,1,11146,0.538805966010795,0,0,0
"3816",1,1,16107,0.798033861226659,1,1,0
"3817",1,1,26510,0.432205438969663,1,1,0
"3818",1,1,6760,0.599336628080891,1,1,0
"3819",0,1,1240,1.08550263582028,1,1,1
"3820",0,0,39573,0.972747341856746,1,1,1
"3821",1,1,31521,0.322268754740774,0,1,0
"3822",1,1,16878,0.510227782937839,0,1,0
"3823",0,0,44538,0.726847817268774,0,1,1
"3824",0,1,29710,-1.52409977806294,1,1,0
"3825",0,1,12911,0.0247237191026457,1,1,1
"3826",1,1,15083,0.648797858205049,0,0,1
"3827",0,0,340,1.04246273638602,1,0,0
"3828",1,1,12568,0.510227782937839,1,1,0
"3829",1,1,0,-1.52409977806294,0,1,0
"3830",0,1,41781,0.730887359342852,0,1,0
"3831",1,1,24524,0.969992421325686,1,1,1
"3832",0,0,12954,-1.52409977806294,0,1,0
"3833",0,1,9269,0.570755432482825,0,1,0
"3834",1,1,19263,0.690619104557388,1,1,0
"3835",1,1,997,-1.52409977806294,0,1,0
"3836",1,1,0,0.726847817268774,1,1,1
"3837",1,1,9201,0.946884340069479,0,1,1
"3838",0,0,3117,0.7282010232189,0,0,0
"3839",0,0,53103,0.914923572565032,1,0,1
"3840",1,1,8523,0.775069381607604,0,1,0
"3841",1,1,0,-0.162485836395737,0,1,1
"3842",0,1,5064,-1.52409977806294,0,1,1
"3843",1,1,3132,-1.52409977806294,0,0,0
"3844",1,1,45468,-1.52409977806294,1,1,1
"3845",0,1,0,-1.52409977806294,0,1,0
"3846",1,1,0,-1.52409977806294,1,1,0
"3847",1,1,5674,-1.52409977806294,1,1,0
"3848",0,0,9300,0.726847817268774,0,0,1
"3849",0,0,30756,0.928162870761217,0,1,1
"3850",0,0,17062,0.396855180017845,1,0,1
"3851",1,1,39717,0.776880507518698,1,1,1
"3852",1,1,30580,0.648797858205049,1,0,0
"3853",0,1,1681,-1.52409977806294,1,1,0
"3854",0,0,64,0.524892878948738,1,1,0
"3855",1,1,2669,-1.52409977806294,1,1,0
"3856",1,1,519,0.890930459574747,1,0,1
"3857",0,0,0,0.870824376213852,0,1,0
"3858",0,0,18931,0.345077925905395,1,1,0
"3859",1,1,21881,0.902074139648994,0,1,0
"3860",0,0,948,-1.52409977806294,0,0,1
"3861",0,1,0,0.628135971914657,0,1,1
"3862",1,1,59124,0.946884340069479,0,1,1
"3863",0,1,29223,0.701260032105623,1,0,0
"3864",1,1,4017,0.478282081698801,0,0,0
"3865",1,1,12641,-1.52409977806294,1,1,0
"3866",1,1,73265,1.11625639038912,0,1,1
"3867",1,1,0,0.552943103820498,0,1,1
"3868",0,1,16319,0.975474577058332,1,1,1
"3869",1,1,18376,0.390605528949309,1,1,0
"3870",0,1,1593,0.0247237191026457,1,0,1
"3871",1,1,20035,0.964397235179709,0,1,1
"3872",1,1,52916,1.01340031708472,0,1,0
"3873",0,0,14997,-0.116321646531969,1,1,1
"3874",0,0,5598,0.940786231771823,1,1,0
"3875",0,0,2124,-1.52409977806294,1,1,0
"3876",0,1,35547,0.878690015641386,0,1,1
"3877",0,1,0,-0.331512673184986,1,1,1
"3878",0,0,0,-1.52409977806294,1,0,0
"3879",1,1,1713,0.31923987407035,1,1,1
"3880",0,1,38292,0.975474577058332,1,1,0
"3881",0,0,0,-1.52409977806294,1,1,1
"3882",1,1,0,0.841347372185172,1,1,0
"3883",1,1,23556,-0.294020758633746,1,1,0
"3884",1,1,34525,0.478282081698801,1,1,0
"3885",0,0,0,-1.52409977806294,1,0,0
"3886",1,1,23346,0.946884340069479,1,1,1
"3887",0,0,25294,0.964397235179709,0,1,0
"3888",1,1,0,0.643132378636664,1,1,1
"3889",0,0,20560,0.887462353996992,1,0,1
"3890",1,1,14499,0.726847817268774,1,1,1
"3891",1,1,2349,0.400266011144916,1,1,1
"3892",0,0,17250,-1.52409977806294,0,0,0
"3893",0,0,11216,0.564659378976687,0,1,1
"3894",0,0,3301,1.0667803051313,1,1,1
"3895",0,0,30884,0.787392039429005,1,1,1
"3896",1,1,27168,1.0249493702102,1,1,0
"3897",1,1,5361,-1.52409977806294,1,0,1
"3898",0,0,26541,0.962268937888616,1,0,0
"3899",1,1,4431,0.836862310742941,1,1,1
"3900",0,0,53112,0.914923572565032,0,1,1
"3901",1,1,22743,0.787392039429005,1,0,1
"3902",1,1,646,-1.52409977806294,0,1,1
"3903",0,0,38804,0.787392039429005,0,1,1
"3904",0,0,22452,0.726847817268774,0,0,0
"3905",1,1,19662,-1.52409977806294,0,1,0
"3906",1,1,5280,-1.52409977806294,0,1,1
"3907",1,1,3750,0.41776666744143,1,1,0
"3908",0,1,44730,0.96650897139657,0,1,1
"3909",1,1,28556,-1.52409977806294,1,1,1
"3910",0,1,7503,0.925566176954247,1,1,0
"3911",1,1,33192,-1.52409977806294,1,1,1
"3912",0,0,15708,-1.52409977806294,0,0,0
"3913",0,0,24096,-1.52409977806294,0,1,1
"3914",0,0,8289,-0.697862388132054,1,1,0
"3915",1,1,4947,0.635357922589966,0,0,1
"3916",0,1,582,-1.52409977806294,0,1,1
"3917",0,1,3725,-1.52409977806294,0,1,1
"3918",0,1,9632,-0.141732934998523,0,1,0
"3919",0,1,0,-1.52409977806294,0,0,0
"3920",0,0,14219,0.80320226902451,0,1,0
"3921",1,1,43609,0.928162870761217,0,1,1
"3922",0,1,1374,-0.282592337771846,1,1,1
"3923",0,1,930,1.0249493702102,0,0,1
"3924",0,0,939,-1.52409977806294,1,0,0
"3925",1,1,13089,0.107931654108757,1,0,0
"3926",1,1,10366,0.173616265187286,1,0,0
"3927",1,1,5260,0.931374183713974,1,1,1
"3928",1,1,47921,1.04667001220076,0,1,1
"3929",1,1,14378,0.793668044435423,0,0,1
"3930",0,1,23313,0.666306985702979,1,1,0
"3931",0,0,49303,0.609976363530355,1,1,1
"3932",0,1,0,-1.52409977806294,1,1,0
"3933",0,1,4398,-1.52409977806294,0,1,0
"3934",1,1,6775,0.102570790588686,1,1,1
"3935",1,1,22974,0.290341866347252,1,0,0
"3936",1,1,55390,0.960525529402066,1,1,1
"3937",0,0,1623,0.162993191115368,0,1,1
"3938",1,1,5422,0.599336628080891,1,1,0
"3939",0,1,11866,0.954788159152323,1,1,1
"3940",0,0,654,0.376672979649578,1,0,0
"3941",0,0,8043,-0.0848629536107846,1,0,1
"3942",0,0,1398,0.599336628080891,0,1,1
"3943",1,1,8496,1.06324906194636,1,1,1
"3944",1,1,30171,0.878690015641386,0,1,1
"3945",0,1,10777,0.988714198260819,0,1,1
"3946",1,1,45558,-1.52409977806294,0,0,0
"3947",0,1,9990,-1.52409977806294,1,1,0
"3948",1,1,1933,0.350831884717768,0,0,1
"3949",0,0,0,-1.52409977806294,0,0,0
"3950",0,0,327,-1.52409977806294,1,0,0
"3951",1,1,14219,0.599336628080891,1,1,0
"3952",1,1,8655,-1.52409977806294,0,0,0
"3953",0,1,6965,0.889332433688836,1,1,0
"3954",1,1,18246,-1.52409977806294,0,0,0
"3955",1,1,3538,0.242281824765877,1,1,1
"3956",0,1,0,-1.52409977806294,1,1,0
"3957",0,0,0,1.07630289074481,1,1,1
"3958",1,1,10711,0.975474577058332,1,1,0
"3959",1,1,2166,-1.52409977806294,0,1,0
"3960",1,1,10602,0.430189197221489,1,1,0
"3961",1,1,693,0.0463767370497639,1,1,0
"3962",1,1,30753,0.836862310742941,1,0,1
"3963",1,1,12652,0.284866071176654,1,1,1
"3964",1,1,4953,0.866804381349367,0,0,0
"3965",0,0,13673,0.836862310742941,1,1,1
"3966",1,1,1113,0.671263541547016,0,1,0
"3967",1,1,8580,0.813252848858161,0,1,1
"3968",1,1,11681,-1.52409977806294,1,0,1
"3969",0,0,15435,0.538805966010795,0,1,1
"3970",1,1,34875,-1.52409977806294,1,1,0
"3971",1,1,34748,0.726847817268774,0,0,0
"3972",1,1,28586,0.666306985702979,1,1,0
"3973",0,1,89,0.758804816873193,1,1,1
"3974",0,1,0,0.212382210845837,0,0,0
"3975",0,0,651,-1.52409977806294,0,1,1
"3976",1,1,44605,-1.52409977806294,0,1,0
"3977",1,1,32133,1.14241419659694,1,1,1
"3978",0,0,0,-1.52409977806294,1,1,0
"3979",1,1,25899,-1.52409977806294,0,0,0
"3980",0,1,13922,0.726847817268774,1,1,0
"3981",0,0,24384,0.836862310742941,1,0,0
"3982",1,1,27710,-1.52409977806294,1,0,0
"3983",0,1,13158,-0.136783529289089,0,0,0
"3984",1,1,27824,-0.114809749078426,1,0,0
"3985",0,1,25010,0.726847817268774,0,1,1
"3986",0,0,21784,0.101213863306713,1,1,1
"3987",1,1,3684,0.787392039429005,1,1,1
"3988",1,1,1305,-1.52409977806294,1,1,0
"3989",1,1,39,-1.52409977806294,0,1,0
"3990",1,1,36099,0.162993191115368,0,1,0
"3991",0,0,4473,0.682754604906798,1,1,1
"3992",0,1,14145,0.162993191115368,1,1,1
"3993",0,0,131,0.914923572565032,1,1,1
"3994",0,0,41142,-1.52409977806294,1,1,1
"3995",1,1,11468,-1.52409977806294,0,1,1
"3996",1,1,561,-1.52409977806294,0,1,0
"3997",1,1,13370,0.314322232995352,0,0,1
"3998",0,1,2835,-1.52409977806294,1,1,1
"3999",1,1,0,-1.52409977806294,0,1,0
"4000",0,0,0,0.894464550420553,0,0,0
"4001",0,1,62,0.42113533618399,0,1,0
"4002",1,1,23520,0.93508380771615,1,1,0
"4003",1,1,26655,0.763348930907387,1,0,1
"4004",1,1,13977,-0.0768804695799732,0,1,0
"4005",1,1,4908,-0.0848629536107846,1,1,0
"4006",0,1,29927,-0.0471098408767182,1,0,0
"4007",1,1,3525,-1.52409977806294,0,1,1
"4008",1,1,107,0.70200436853221,1,1,1
"4009",0,0,2261,0.509926244139031,0,1,1
"4010",0,0,6642,0.908053571717931,1,1,0
"4011",1,1,3498,0.946884340069479,1,1,1
"4012",0,1,35178,0.27284967305627,0,1,1
"4013",0,1,39640,0.836862310742941,1,1,1
"4014",0,0,37600,0.648797858205049,0,1,1
"4015",0,1,0,0.648797858205049,0,1,0
"4016",1,1,21760,0.162993191115368,1,1,0
"4017",0,0,2825,0.290341866347252,1,0,0
"4018",1,1,0,-1.52409977806294,1,1,1
"4019",1,1,18397,0.836862310742941,0,1,0
"4020",1,1,0,-1.52409977806294,0,1,1
"4021",0,0,3297,0.674655379794383,1,1,0
"4022",0,1,23913,-1.52409977806294,0,1,0
"4023",1,1,7191,-1.52409977806294,1,0,0
"4024",1,1,11486,0.421971010103767,0,0,1
"4025",0,1,10450,0.225601620733612,0,0,1
"4026",0,0,0,0.858581213504869,0,1,1
"4027",0,1,7542,0.836862310742941,0,0,1
"4028",1,1,5472,0.787392039429005,1,1,0
"4029",1,1,2835,-1.52409977806294,1,1,0
"4030",0,0,22518,-0.0848629536107846,0,0,1
"4031",0,1,30738,0.836862310742941,1,1,0
"4032",0,1,0,-1.52409977806294,0,1,1
"4033",0,1,22099,0.562182092117177,1,1,0
"4034",1,1,9516,0.745711584467664,1,1,1
"4035",0,1,105694,1.3836373510251,1,1,1
"4036",1,1,3919,-1.52409977806294,1,1,0
"4037",0,0,7190,-1.52409977806294,0,1,0
"4038",0,0,360,-0.697862388132054,0,1,1
"4039",1,1,7827,0.914923572565032,1,1,1
"4040",1,1,0,0.725283242815458,1,0,0
"4041",0,1,33310,1.08550263582028,1,1,1
"4042",0,1,0,-1.52409977806294,0,1,1
"4043",0,0,9198,0.825691491640187,0,1,1
"4044",0,0,0,0.787392039429005,1,1,1
"4045",1,1,37191,0.128375001798835,1,1,0
"4046",1,1,0,0.621817522445136,0,1,1
"4047",1,1,35178,0.290341866347252,0,1,0
"4048",1,1,25382,0.969992421325686,1,1,1
"4049",0,0,2253,0.679543861854286,0,1,0
"4050",1,1,5709,-1.52409977806294,1,1,0
"4051",1,1,2220,0.212382210845837,1,0,1
"4052",0,1,6665,0.672011731335987,0,1,1
"4053",0,1,3273,0.416705325099224,0,0,0
"4054",0,0,31022,0.681153981623337,1,0,0
"4055",0,1,35107,0.743934086429497,0,1,1
"4056",0,0,27291,-0.271625799614365,1,1,0
"4057",1,1,15128,-0.209460593585347,1,1,0
"4058",0,0,0,-1.52409977806294,1,1,0
"4059",0,1,6002,0.648797858205049,1,1,1
"4060",0,0,2331,-1.52409977806294,0,1,0
"4061",0,0,25529,1.04246273638602,1,1,1
"4062",0,0,0,-1.52409977806294,1,1,0
"4063",1,1,18,-0.485064349970665,0,1,1
"4064",0,1,58638,0.726847817268774,1,1,1
"4065",1,1,9840,0.162993191115368,0,1,0
"4066",0,0,19449,0.791912534755547,1,0,1
"4067",1,1,60350,0.726847817268774,0,0,1
"4068",0,1,5505,-1.52409977806294,1,1,1
"4069",0,0,0,0.955782029963066,0,1,1
"4070",0,1,16827,-1.52409977806294,1,1,0
"4071",0,1,1008,0.726847817268774,1,1,1
"4072",0,1,1662,0.914923572565032,1,1,1
"4073",1,1,12021,0.798033861226659,1,1,1
"4074",0,0,4083,-1.52409977806294,1,1,0
"4075",0,1,37427,1.08550263582028,0,1,1
"4076",0,0,31024,-1.52409977806294,0,1,0
"4077",1,1,4284,-1.52409977806294,1,1,0
"4078",1,1,70740,0.726847817268774,1,1,1
"4079",1,1,7944,0.648797858205049,1,1,1
"4080",0,1,226,0.630080694611304,0,1,1
"4081",0,0,0,-1.52409977806294,0,0,0
"4082",1,1,10095,0.460778602579723,1,1,0
"4083",0,0,38360,1.0667803051313,0,1,1
"4084",1,1,17235,0.878690015641386,1,0,0
"4085",0,0,8442,-1.52409977806294,0,0,0
"4086",1,1,7947,0.93435855863604,0,0,0
"4087",0,0,910,-1.03784332979517,1,1,1
"4088",0,0,2310,0.283479683022315,0,1,1
"4089",0,1,0,-1.52409977806294,0,0,0
"4090",1,1,15069,0.975474577058332,1,0,0
"4091",1,1,5958,-1.52409977806294,1,1,0
"4092",0,0,0,0.868821822181878,0,1,1
"4093",1,1,2466,1.00133785291652,1,1,1
"4094",1,1,1384,-1.52409977806294,1,1,0
"4095",1,1,10737,0.162993191115368,0,0,0
"4096",1,1,4038,-0.222594683552271,1,1,0
"4097",0,0,27488,0.914923572565032,1,1,1
"4098",0,1,0,0.376672979649578,1,1,1
"4099",1,1,16271,-1.52409977806294,1,0,1
"4100",0,0,4032,0.00606448933476776,0,0,0
"4101",1,1,6407,0.793827074554833,1,1,1
"4102",0,1,0,0.897411054289019,1,0,1
"4103",1,1,39078,0.988714198260819,1,1,1
"4104",0,1,36847,0.776315827974546,1,1,1
"4105",0,0,7257,-0.277053678368629,0,0,1
"4106",0,1,9591,0.690619104557388,1,0,1
"4107",0,1,25661,0.836862310742941,1,1,1
"4108",0,0,15353,-0.277053678368629,1,0,0
"4109",0,0,2430,0.74577485172311,1,0,1
"4110",1,1,24264,0.303566645557572,1,1,0
"4111",0,0,34998,0.733083742000552,1,1,0
"4112",1,1,591,-1.52409977806294,1,1,0
"4113",1,1,3075,0.648797858205049,0,1,0
"4114",1,1,42968,0.914923572565032,1,1,1
"4115",0,0,834,-0.271625799614365,1,1,0
"4116",0,0,38840,1.01659063346691,1,1,0
"4117",1,1,5304,0.637723153623915,1,1,0
"4118",1,1,99294,0.478282081698801,1,0,1
"4119",0,0,14937,-1.52409977806294,0,1,0
"4120",0,1,2322,-1.52409977806294,0,1,0
"4121",1,1,38832,1.1033552827443,1,1,1
"4122",1,1,31506,0.764768249327518,0,1,1
"4123",0,1,5211,0.0545763000610931,1,0,1
"4124",1,1,14598,0.609976363530355,0,0,1
"4125",0,0,6627,0.599336628080891,1,1,0
"4126",1,1,15556,-1.52409977806294,1,1,1
"4127",0,0,3966,0.562679361868781,0,1,0
"4128",1,1,42089,0.758804816873193,1,1,1
"4129",1,1,2664,0.914923572565032,0,0,0
"4130",0,1,37782,0.868379270189792,1,1,0
"4131",1,1,9792,0.350831884717768,1,0,0
"4132",0,1,1014,0.753937887225765,1,1,0
"4133",1,1,22900,0.460778602579723,1,1,1
"4134",0,1,41470,1.0249493702102,1,1,1
"4135",0,0,28007,0.648797858205049,1,1,1
"4136",1,1,31413,1.11946789335359,1,1,0
"4137",0,0,69652,1.21304773526138,1,0,1
"4138",0,1,6783,0.690619104557388,0,1,0
"4139",1,1,6213,0.599336628080891,1,1,0
"4140",1,1,198,-1.52409977806294,0,1,0
"4141",0,0,110,-0.181081114591303,0,1,1
"4142",0,0,0,-1.52409977806294,1,1,0
"4143",0,1,0,-1.52409977806294,0,0,0
"4144",1,1,0,-1.52409977806294,1,0,1
"4145",0,0,2439,0.758080318402395,0,0,0
"4146",1,1,26866,0.792765109235685,0,1,0
"4147",1,1,74046,0.740085500669882,1,1,1
"4148",1,1,1677,0.615348451516724,1,0,0
"4149",0,1,8984,-1.52409977806294,1,1,0
"4150",0,0,28663,0.878690015641386,1,1,1
"4151",1,1,11146,0.565275183395683,1,1,0
"4152",1,1,10887,-1.52409977806294,0,1,1
"4153",0,0,5513,-0.0494697243643392,0,1,0
"4154",1,1,10158,-0.592167534853235,1,1,0
"4155",1,1,33499,0.90189626398489,1,0,1
"4156",0,1,4890,0.908053571717931,0,1,1
"4157",0,1,11384,-1.52409977806294,1,1,0
"4158",1,1,0,-1.52409977806294,1,0,1
"4159",0,0,8152,0.350831884717768,1,1,1
"4160",1,1,48184,0.787392039429005,1,1,1
"4161",1,1,6027,0.400266011144916,1,1,0
"4162",0,1,7888,-0.181081114591303,0,1,0
"4163",0,1,19427,-1.52409977806294,0,1,1
"4164",0,1,14205,-1.52409977806294,0,1,0
"4165",1,1,24531,-1.52409977806294,1,1,1
"4166",1,1,19808,0.538805966010795,1,1,0
"4167",0,1,1080,1.29111747631558,1,1,1
"4168",1,1,12007,1.06483502484327,1,1,1
"4169",0,0,32708,0.862065340656975,1,1,0
"4170",1,1,36697,0.322268754740774,1,1,1
"4171",1,1,32959,0.538805966010795,1,1,1
"4172",0,1,36168,0.85010107063032,1,1,1
"4173",0,0,10769,-1.52409977806294,1,1,0
"4174",1,1,38503,0.836862310742941,1,1,1
"4175",0,1,0,-1.52409977806294,1,1,0
"4176",0,0,41580,0.212382210845837,1,1,1
"4177",0,1,39566,-1.52409977806294,1,1,1
"4178",0,0,29973,0.914923572565032,1,1,1
"4179",0,1,0,0.726847817268774,0,1,1
"4180",0,0,28076,0.858581213504869,1,1,1
"4181",1,1,21844,0.946884340069479,1,1,0
"4182",0,1,49866,0.964397235179709,1,0,1
"4183",1,1,8502,0.698262101690902,1,1,1
"4184",0,1,23329,0.706428018081914,0,1,0
"4185",0,0,0,-0.12090854261446,0,0,1
"4186",0,1,39297,0.290341866347252,1,1,1
"4187",1,1,3138,0.359371740285592,0,1,0
"4188",0,0,35178,0.787392039429005,0,0,1
"4189",0,0,7552,0.538805966010795,1,1,0
"4190",1,1,26031,0.478282081698801,1,1,0
"4191",1,1,132,0.588262676782656,1,1,1
"4192",1,1,60,0.729547515145131,1,0,1
"4193",0,0,0,0.0247237191026457,1,1,1
"4194",1,1,27053,0.882653594605573,0,1,0
"4195",1,1,1629,-1.52409977806294,1,1,0
"4196",0,1,6590,0.646709922669975,0,0,1
"4197",0,0,23718,0.961555780146514,1,0,0
"4198",0,0,303,-0.181081114591303,0,1,1
"4199",1,1,47499,0.776315827974546,1,0,1
"4200",0,1,13032,0.460778602579723,0,0,1
"4201",0,0,6816,0.836862310742941,0,0,0
"4202",1,1,31140,1.04667001220076,1,1,0
"4203",0,0,3222,-1.52409977806294,1,1,1
"4204",1,1,39460,-1.52409977806294,1,0,1
"4205",0,1,45822,0.367651044435433,0,1,1
"4206",1,1,26064,0.466149191255519,1,1,0
"4207",1,1,23538,0.836862310742941,1,0,0
"4208",0,1,31979,0.538805966010795,1,1,0
"4209",1,1,22094,0.203197412374023,1,0,0
"4210",0,1,322,1.02219924644469,1,0,0
"4211",1,1,30586,0.918294438049053,1,1,0
"4212",0,1,96,-1.52409977806294,1,1,0
"4213",0,1,16800,0.70319107669703,0,0,1
"4214",1,1,0,0.162993191115368,0,1,0
"4215",0,1,10132,0.76944640681397,1,1,0
"4216",0,1,20401,0.787392039429005,0,1,0
"4217",1,1,48938,0.290341866347252,1,1,0
"4218",0,0,13852,0.404748109571188,1,1,1
"4219",0,0,12309,0.862723942262797,1,1,0
"4220",1,1,47165,0.908053571717931,1,1,0
"4221",0,1,5116,0.627940730977454,1,1,1
"4222",1,1,118421,0.858247047058452,1,1,1
"4223",0,0,12503,-1.52409977806294,1,1,0
"4224",1,1,750,-1.52409977806294,1,1,0
"4225",1,1,2896,0.162993191115368,0,1,0
"4226",0,0,23733,0.787392039429005,0,0,0
"4227",1,1,34964,0.648797858205049,1,1,0
"4228",0,1,37488,0.648797858205049,1,1,0
"4229",1,1,8151,-1.52409977806294,0,1,0
"4230",1,1,0,0.599336628080891,1,1,0
"4231",0,0,27781,1.04667001220076,0,1,1
"4232",0,0,34493,-1.52409977806294,1,0,0
"4233",0,0,2184,-1.52409977806294,0,1,1
"4234",0,0,0,0.350831884717768,1,1,0
"4235",0,0,26078,0.946884340069479,1,1,0
"4236",1,1,53826,0.998236561098923,1,1,1
"4237",1,1,10231,0.648797858205049,1,0,1
"4238",1,1,1011,0.666306985702979,1,0,0
"4239",1,1,20385,0.776315827974546,1,1,0
"4240",1,1,3810,0.538805966010795,0,1,1
"4241",1,1,11097,0.538805966010795,0,1,0
"4242",0,1,21767,0.781910437375266,0,0,1
"4243",1,1,10185,-1.52409977806294,0,0,0
"4244",1,1,0,0.964397235179709,1,0,0
"4245",0,1,6266,0.564659378976687,0,0,1
"4246",0,1,2007,-0.391234143800002,0,1,0
"4247",0,1,26085,0.538805966010795,0,0,1
"4248",1,1,51996,0.934547940982181,1,0,0
"4249",1,1,18522,-1.52409977806294,0,0,1
"4250",0,0,23994,0.723434984427499,1,1,1
"4251",1,1,38681,0.836862310742941,1,1,1
"4252",1,1,16958,0.156413841220966,0,0,1
"4253",1,1,24350,-1.52409977806294,1,1,1
"4254",0,1,1292,0.564659378976687,1,1,0
"4255",1,1,0,-1.52409977806294,1,1,0
"4256",0,1,20846,0.758804816873193,0,1,0
"4257",1,1,4741,1.0249493702102,1,1,0
"4258",0,0,13780,0.587243495939885,0,1,0
"4259",0,0,22443,0.622216764725316,1,1,1
"4260",0,0,13498,-0.271625799614365,1,1,0
"4261",1,1,18293,0.648797858205049,0,0,0
"4262",0,0,1126,0.460778602579723,0,1,1
"4263",1,1,12579,-1.52409977806294,1,1,0
"4264",0,0,0,-1.52409977806294,0,0,0
"4265",0,1,0,-1.52409977806294,0,0,0
"4266",1,1,31485,-1.52409977806294,0,1,0
"4267",1,1,44049,1.1721579631766,1,0,1
"4268",0,0,18594,-1.52409977806294,1,0,0
"4269",0,0,12792,-1.52409977806294,1,1,0
"4270",0,0,22777,0.336925928382051,1,1,0
"4271",0,0,11925,0.74175992628692,0,1,0
"4272",0,0,8262,0.498684298089255,1,0,0
"4273",1,1,33864,0.919497772460088,0,1,0
"4274",0,0,0,-1.52409977806294,0,1,0
"4275",1,0,0,0.876979029145148,1,1,0
"4276",0,0,19714,0.564659378976687,1,0,1
"4277",0,1,11516,0.798033861226659,1,1,0
"4278",1,1,4497,0.134460119762742,1,1,1
"4279",0,0,16803,0.878690015641386,0,1,0
"4280",0,0,27190,0.716054642878989,1,1,0
"4281",0,0,3150,-0.0848629536107846,0,1,0
"4282",0,1,5445,0.102570790588686,1,1,1
"4283",1,1,0,0.544177440541665,1,1,0
"4284",0,0,24958,-1.52409977806294,1,0,0
"4285",0,0,39984,1.0249493702102,0,1,1
"4286",1,1,312,0.726847817268774,1,1,1
"4287",0,0,4681,0.510227782937839,1,1,0
"4288",0,1,171,0.290341866347252,0,0,0
"4289",1,1,11883,0.352184079299022,0,1,0
"4290",1,1,3966,0.322268754740774,0,1,1
"4291",1,1,15919,0.955782029963066,1,1,1
"4292",1,1,12128,0.904552234400912,1,1,1
"4293",0,0,3003,0.835956334635294,1,0,1
"4294",0,1,14500,0.648797858205049,0,1,1
"4295",1,1,30896,0.442067893844077,1,0,1
"4296",0,0,0,-1.52409977806294,1,1,0
"4297",0,1,20763,-1.52409977806294,0,0,0
"4298",1,1,70461,-1.52409977806294,0,1,1
"4299",1,1,15798,0.813252848858161,0,0,1
"4300",1,1,23069,0.845759514416569,1,0,0
"4301",1,1,29361,0.946884340069479,0,1,1
"4302",0,0,2719,0.946099291995761,0,1,1
"4303",1,1,35800,-1.52409977806294,1,1,0
"4304",1,1,30759,0.564659378976687,0,1,1
"4305",0,0,105,-1.52409977806294,0,1,0
"4306",0,0,1903,-0.927806225623965,0,0,0
"4307",0,0,22110,0.787392039429005,0,0,1
"4308",1,1,23279,0.629498739654187,0,1,0
"4309",0,0,0,0.400266011144916,1,1,0
"4310",1,1,16511,0.910581321672647,1,1,0
"4311",0,0,9425,-1.52409977806294,1,1,1
"4312",0,0,8589,0.878690015641386,1,0,1
"4313",1,1,3412,0.726847817268774,1,1,0
"4314",1,1,3470,0.421971010103767,1,1,0
"4315",0,1,0,-1.52409977806294,0,0,0
"4316",0,0,18201,0.776315827974546,0,1,1
"4317",1,1,2674,0.840143691845246,0,1,0
"4318",0,0,48756,0.76944640681397,1,1,1
"4319",0,0,240,-1.52409977806294,0,1,0
"4320",0,1,0,0.188809685186082,1,1,0
"4321",0,0,47189,0.961555780146514,0,0,1
"4322",1,1,0,0.726847817268774,1,1,0
"4323",1,1,18795,0.746469819813544,1,1,0
"4324",0,0,12352,0.897411054289019,1,1,1
"4325",0,1,20661,1.11743299784725,0,0,0
"4326",1,1,10464,0.646162591611833,1,1,0
"4327",1,1,0,0.916816412956868,1,1,0
"4328",1,1,22974,0.841347372185172,1,1,0
"4329",1,1,32094,-1.52409977806294,1,1,0
"4330",1,1,37869,0.924913102662409,1,1,0
"4331",1,1,59821,0.836862310742941,1,1,1
"4332",0,0,27156,1.07816795815689,0,1,1
"4333",0,0,20534,0.538805966010795,1,0,1
"4334",1,1,13139,-1.52409977806294,1,1,0
"4335",0,0,30408,0.946884340069479,1,1,1
"4336",0,0,36339,0.934547940982181,1,1,0
"4337",0,1,41542,0.609976363530355,1,1,0
"4338",1,1,17043,0.663922666334646,1,1,1
"4339",1,1,5913,0.648797858205049,1,1,0
"4340",1,1,36,0.960123817711663,1,1,0
"4341",0,0,42433,0.102570790588686,1,0,1
"4342",1,1,8904,0.460778602579723,0,1,0
"4343",0,0,1318,0.983995702252848,1,1,0
"4344",0,0,9919,-1.52409977806294,0,1,0
"4345",1,1,49263,0.648797858205049,1,1,1
"4346",0,0,14580,-0.162485836395737,1,1,1
"4347",0,0,7452,1.00133785291652,1,1,1
"4348",1,1,21819,0.79509597173971,0,1,0
"4349",0,1,21509,0.538805966010795,0,1,1
"4350",1,1,13581,0.212382210845837,1,1,1
"4351",1,1,21570,0.376672979649578,0,1,1
"4352",0,0,1926,0.350831884717768,0,0,1
"4353",1,1,0,-1.52409977806294,0,1,1
"4354",0,0,10582,0.836862310742941,1,1,0
"4355",0,1,2196,-1.52409977806294,1,0,1
"4356",1,1,58440,0.914923572565032,1,1,1
"4357",0,0,34430,0.350831884717768,1,1,0
"4358",0,1,147,0.599336628080891,0,0,1
"4359",0,0,22238,0.929355489934227,1,0,0
"4360",1,1,12378,-1.52409977806294,1,1,0
"4361",0,0,11538,-1.52409977806294,1,0,0
"4362",0,0,4962,-0.0356087600703391,0,0,0
"4363",1,1,29590,0.466149191255519,1,0,0
"4364",0,0,0,-1.52409977806294,1,1,0
"4365",0,0,32556,0.698262101690902,0,0,0
"4366",0,0,11774,1.02587494449933,1,0,1
"4367",1,1,10908,-1.52409977806294,1,0,0
"4368",1,1,3147,-0.128729974185197,0,1,0
"4369",0,0,462,-1.52409977806294,0,0,0
"4370",0,0,3339,0.019259409178612,0,1,0
"4371",0,0,21694,0.836862310742941,0,0,1
"4372",0,0,27504,-1.52409977806294,0,1,0
"4373",1,1,4269,0.698262101690902,1,0,0
"4374",1,1,2212,-0.0848629536107846,1,0,1
"4375",0,0,5784,0.350831884717768,0,1,0
"4376",0,0,44175,0.914923572565032,0,0,0
"4377",0,1,1453,-0.408470722489459,0,0,0
"4378",1,1,26010,0.620214653903714,1,1,0
"4379",0,0,0,0.866804381349367,1,0,1
"4380",1,1,8748,0.726847817268774,0,1,0
"4381",1,1,687,-1.52409977806294,1,1,1
"4382",0,1,62008,1.00133785291652,1,1,1
"4383",1,1,12711,0.189792964852356,0,1,1
"4384",0,0,39961,0.935650045088387,1,0,0
"4385",0,1,38523,-1.52409977806294,1,1,0
"4386",0,0,452,0.648797858205049,0,1,1
"4387",0,1,13113,0.937060491191557,0,0,1
"4388",1,1,2037,0.356466375504095,1,0,1
"4389",0,1,50423,0.836862310742941,1,1,0
"4390",0,0,19110,0.350831884717768,0,0,1
"4391",0,0,4551,-1.52409977806294,1,1,0
"4392",0,0,36516,-0.277053678368629,0,0,1
"4393",0,0,35407,1.01574978107926,1,1,1
"4394",1,1,10120,0.726847817268774,1,0,1
"4395",0,1,32011,0.776315827974546,1,1,1
"4396",1,1,28848,0.339764708356472,0,1,0
"4397",1,1,0,-1.52409977806294,1,0,0
"4398",0,1,10351,-1.52409977806294,1,1,0
"4399",0,1,32850,0.478282081698801,1,1,0
"4400",0,1,0,-1.52409977806294,1,1,0
"4401",0,0,5721,-1.52409977806294,1,0,0
"4402",0,1,735,-1.52409977806294,0,1,1
"4403",1,1,7465,-1.52409977806294,1,1,1
"4404",0,1,38750,1.14562226554936,1,1,0
"4405",0,0,16313,0.705915625687744,0,0,0
"4406",0,1,1041,0.648797858205049,0,1,1
"4407",0,0,1417,0.442067893844077,0,1,1
"4408",0,1,108,0.648797858205049,1,1,1
"4409",0,1,33102,0.744506695719193,0,0,0
"4410",1,1,17761,0.841035819180549,1,1,0
"4411",0,1,0,1.04246273638602,1,0,1
"4412",0,0,13335,-1.52409977806294,1,1,0
"4413",0,0,17915,0.688596157356085,0,1,1
"4414",0,0,4361,0.322268754740774,0,0,1
"4415",0,0,23517,-1.52409977806294,1,0,1
"4416",1,1,52497,1.31766004445153,1,0,1
"4417",1,1,3375,0.300972743937016,1,1,0
"4418",1,1,31887,-1.52409977806294,1,1,1
"4419",1,1,32619,-1.52409977806294,1,1,1
"4420",1,1,3190,0.836862310742941,1,1,0
"4421",1,1,1750,-1.52409977806294,1,1,0
"4422",1,1,12183,-1.52409977806294,1,0,0
"4423",0,0,15012,-1.52409977806294,0,1,1
"4424",1,1,58653,0.931374183713974,1,0,0
"4425",1,1,10191,0.780244131131293,1,1,0
"4426",1,1,6849,-1.52409977806294,1,1,0
"4427",0,0,27071,0.726847817268774,1,1,1
"4428",0,0,26955,0.400266011144916,1,1,1
"4429",0,0,2622,0.878690015641386,1,1,1
"4430",0,0,34472,1.02233627492071,1,1,0
"4431",0,1,8100,0.787392039429005,1,1,1
"4432",0,1,309,-1.52409977806294,1,1,0
"4433",1,1,76260,0.836862310742941,1,1,1
"4434",0,0,0,-1.52409977806294,1,1,1
"4435",1,1,2280,0.588262676782656,1,1,1
"4436",0,0,40308,0.946884340069479,1,1,1
"4437",0,1,37694,0.599336628080891,1,1,0
"4438",1,1,3837,0.878690015641386,1,1,1
"4439",1,1,3792,0.510227782937839,0,1,0
"4440",0,1,1146,0.460778602579723,1,1,0
"4441",0,0,2340,0.552040421003432,0,1,1
"4442",0,0,16971,0.44970766338848,1,1,0
"4443",1,1,0,-1.52409977806294,1,1,0
"4444",0,0,0,0.766824873045882,1,1,0
"4445",0,0,35396,-1.52409977806294,1,0,0
"4446",1,1,22923,1.0249493702102,1,1,1
"4447",1,1,51990,0.322268754740774,0,0,1
"4448",0,1,4218,-0.0848629536107846,0,1,0
"4449",1,1,12594,0.846807839780043,1,1,0
"4450",0,0,2652,0.836862310742941,0,0,1
"4451",0,0,1803,0.411985468898937,0,0,0
"4452",1,1,6420,0.878690015641386,0,1,1
"4453",0,0,0,-1.52409977806294,1,1,1
"4454",0,1,15019,0.726847817268774,1,1,1
"4455",1,1,885,-1.52409977806294,0,1,0
"4456",1,1,12406,0.787392039429005,0,1,0
"4457",1,1,0,0.911510310479283,0,1,0
"4458",0,0,27130,0.599336628080891,1,1,0
"4459",1,1,28628,-1.52409977806294,1,1,0
"4460",0,0,920,0.338349030180084,1,1,1
"4461",0,0,28128,0.878690015641386,1,1,0
"4462",0,0,17555,0.636968520142169,0,0,0
"4463",1,1,38226,0.946884340069479,1,0,0
"4464",0,0,0,0.648797858205049,1,1,1
"4465",0,0,9960,0.648797858205049,0,0,1
"4466",1,1,37351,0.975474577058332,1,1,0
"4467",0,1,60727,0.162993191115368,0,1,1
"4468",0,0,26514,0.836862310742941,1,1,0
"4469",1,1,3903,0.861322498338221,0,1,0
"4470",1,1,2372,1.0249493702102,0,1,1
"4471",0,0,31485,-1.52409977806294,1,1,0
"4472",1,1,0,-1.52409977806294,1,1,1
"4473",1,1,1917,-1.52409977806294,1,0,0
"4474",0,0,10034,0.601498207736435,1,1,1
"4475",1,1,50253,0.258377330053134,0,0,0
"4476",0,0,0,-1.52409977806294,0,1,0
"4477",0,1,0,-1.52409977806294,0,1,0
"4478",0,0,30408,1.09614584897142,1,1,1
"4479",0,0,19592,0.914923572565032,1,1,0
"4480",0,0,19675,-1.52409977806294,1,0,0
"4481",1,1,21347,0.510227782937839,0,0,1
"4482",0,1,0,-1.52409977806294,0,1,0
"4483",1,1,11979,0.577188913789132,1,1,0
"4484",0,1,11244,0.758804816873193,1,1,1
"4485",1,1,0,-1.52409977806294,1,1,0
"4486",0,1,0,0.88023615223197,1,1,0
"4487",0,0,783,-1.52409977806294,1,1,0
"4488",0,1,135,0.290341866347252,0,0,1
"4489",0,1,3003,-1.52409977806294,0,1,0
"4490",1,1,40650,1.0249493702102,1,1,0
"4491",0,0,24910,0.946884340069479,1,1,1
"4492",0,0,17844,0.254151860684496,1,1,1
"4493",1,1,49117,-0.0591199816718074,1,0,1
"4494",0,1,15957,1.00133785291652,1,1,0
"4495",0,1,2312,-1.52409977806294,1,1,1
"4496",1,1,16672,-1.52409977806294,0,1,1
"4497",1,1,24939,0.836862310742941,0,1,1
"4498",0,1,3162,0.173616265187286,0,0,0
"4499",1,1,29191,-1.52409977806294,1,1,1
"4500",0,1,17967,-1.52409977806294,1,1,1
"4501",0,0,54,-1.52409977806294,0,1,0
"4502",1,1,37884,0.859123357916146,1,1,1
"4503",1,1,11635,0.494724716745903,1,1,0
"4504",0,1,32216,0.510227782937839,1,1,1
"4505",0,0,7470,0.314632210060472,0,1,0
"4506",1,1,16419,-1.52409977806294,1,1,0
"4507",1,1,20349,0.975474577058332,1,1,1
"4508",0,0,846,-1.52409977806294,0,0,0
"4509",1,1,0,-1.52409977806294,1,1,0
"4510",0,0,13642,0.818141918049088,1,1,0
"4511",0,0,0,-1.52409977806294,0,0,1
"4512",0,1,20536,1.16357068087968,1,1,1
"4513",1,1,6588,-1.52409977806294,0,1,1
"4514",0,0,18905,0.758804816873193,1,1,0
"4515",0,1,0,0.381558528168414,1,1,1
"4516",1,1,12753,-1.52409977806294,1,1,0
"4517",1,1,4597,0.776315827974546,1,1,0
"4518",0,0,1210,0.914923572565032,1,1,1
"4519",0,0,1642,-1.52409977806294,0,0,0
"4520",0,0,195,-1.52409977806294,0,1,0
"4521",0,1,4628,0.400266011144916,0,1,1
"4522",1,1,28631,-0.119370947050864,1,0,0
"4523",0,1,22730,1.03602693820135,0,1,1
"4524",1,1,16935,-0.181081114591303,1,1,0
"4525",0,0,13976,0.825785722506067,0,0,0
"4526",1,1,609,0.946884340069479,1,1,1
"4527",1,1,7218,0.69637143714686,1,1,0
"4528",0,1,1325,0.0577879930597558,1,0,0
"4529",0,1,6042,0.758804816873193,1,0,1
"4530",0,0,45693,1.08550263582028,1,1,1
"4531",0,0,72745,0.756503904862089,1,1,1
"4532",0,0,0,-1.52409977806294,1,1,0
"4533",1,1,22284,0.400266011144916,1,1,1
"4534",0,0,2517,0.836862310742941,1,1,0
"4535",1,1,4719,0.82389486036441,0,1,1
"4536",1,1,42071,0.531799436916739,0,0,1
"4537",1,1,0,-1.52409977806294,1,1,0
"4538",0,0,37279,0.914923572565032,1,1,0
"4539",0,1,33975,0.914923572565032,1,1,1
"4540",0,1,4333,-1.52409977806294,1,0,0
"4541",0,0,17331,1.17000666985734,1,1,1
"4542",1,1,25586,0.290341866347252,1,1,1
"4543",0,0,17438,0.949882767333952,1,1,0
"4544",1,1,5239,0.726847817268774,1,1,0
"4545",0,0,1806,-1.52409977806294,0,0,0
"4546",1,1,12526,-0.927806225623965,1,0,1
"4547",0,0,249,0.400266011144916,1,1,0
"4548",0,0,28728,-1.52409977806294,1,1,0
"4549",1,1,25606,-1.52409977806294,0,1,0
"4550",1,1,2427,-1.52409977806294,1,0,1
"4551",1,1,33639,1.01574978107926,0,0,0
"4552",0,1,13562,0.726847817268774,0,1,1
"4553",0,1,1485,0.538805966010795,1,1,1
"4554",1,1,0,-1.52409977806294,1,0,0
"4555",1,1,18078,0.892740068192986,1,1,0
"4556",0,1,28131,1.00133785291652,1,1,0
"4557",0,1,366,-1.52409977806294,0,1,0
"4558",1,1,23005,-1.52409977806294,1,0,0
"4559",0,1,1930,-1.52409977806294,1,1,1
"4560",1,1,2352,0.102570790588686,0,0,0
"4561",0,1,14547,-1.52409977806294,0,1,0
"4562",1,1,8517,-1.52409977806294,1,1,0
"4563",1,1,5196,0.350831884717768,1,0,0
"4564",0,0,6629,0.844487361139153,1,1,0
"4565",0,0,29106,-1.52409977806294,1,1,0
"4566",0,0,30281,-1.52409977806294,0,0,0
"4567",1,1,30249,0.0247237191026457,0,0,0
"4568",0,0,104528,-1.52409977806294,1,1,1
"4569",0,0,3588,-1.52409977806294,1,0,0
"4570",0,1,0,0.878690015641386,0,0,1
"4571",0,1,42106,0.787392039429005,1,0,0
"4572",0,0,50016,1.25488028538125,0,1,1
"4573",1,1,26812,-1.52409977806294,1,0,0
"4574",0,0,11691,0.818141918049088,1,1,0
"4575",1,1,1569,0.989307953788337,1,0,1
"4576",0,0,0,0.538805966010795,0,0,1
"4577",1,0,6168,1.0249493702102,1,0,0
"4578",0,1,9732,0.0155544384476434,0,1,1
"4579",1,1,13724,1.08550263582028,0,1,1
"4580",1,1,11640,-1.52409977806294,1,1,0
"4581",0,0,5058,-0.145083408307552,0,1,0
"4582",0,1,6624,0.726847817268774,1,1,1
"4583",0,0,25464,-1.52409977806294,1,1,1
"4584",0,0,1490,0.190772694764817,0,0,1
"4585",0,0,0,0.914923572565032,0,1,1
"4586",0,1,21231,0.8269608559392,1,0,0
"4587",0,0,33282,0.914923572565032,1,1,1
"4588",1,1,19025,0.836862310742941,0,0,1
"4589",0,0,0,-1.52409977806294,0,0,1
"4590",0,0,5232,0.50673969217434,1,1,0
"4591",0,0,1607,-1.52409977806294,0,1,0
"4592",1,1,32544,-0.331512673184986,0,0,1
"4593",0,0,13089,0.597922311958225,1,1,0
"4594",0,1,23341,1.04667001220076,1,1,0
"4595",0,1,9615,0.836862310742941,1,1,0
"4596",1,1,16263,0.162993191115368,1,0,0
"4597",1,1,34470,0.836862310742941,1,1,0
"4598",0,0,0,-1.52409977806294,0,0,1
"4599",1,1,40925,-1.52409977806294,1,0,0
"4600",0,0,61,-1.52409977806294,0,1,0
"4601",1,1,6864,0.322268754740774,1,0,0
"4602",1,1,21291,-1.52409977806294,1,0,0
"4603",0,1,0,-1.52409977806294,1,1,0
"4604",0,0,18250,0.836862310742941,0,0,0
"4605",1,1,90987,-1.52409977806294,1,1,1
"4606",1,1,120,0.162993191115368,1,1,1
"4607",0,0,2450,-0.0245753344106287,0,1,0
"4608",0,1,8304,0.225171192584687,0,1,1
"4609",1,1,2043,-1.52409977806294,0,1,0
"4610",1,1,25064,-1.52409977806294,0,0,0
"4611",1,1,22723,0.946884340069479,1,1,1
"4612",1,1,20612,1.05823483397824,1,0,1
"4613",1,1,46228,0.478282081698801,1,0,1
"4614",1,1,10515,0.563547397444127,1,1,0
"4615",1,1,1617,0.607881525718531,0,0,1
"4616",0,1,2433,-1.52409977806294,0,1,0
"4617",0,0,11100,-1.52409977806294,1,1,0
"4618",1,1,0,-1.52409977806294,1,0,0
"4619",1,1,27885,-1.52409977806294,0,1,1
"4620",0,0,1723,0.733547364867927,1,1,1
"4621",1,1,12849,0.538805966010795,1,1,0
"4622",0,0,14107,-1.52409977806294,1,1,0
"4623",0,0,6972,-1.52409977806294,0,0,0
"4624",0,1,19542,-1.52409977806294,1,1,0
"4625",0,0,30286,0.763289631247803,1,0,1
"4626",0,0,10599,0.538805966010795,1,1,0
"4627",0,0,85203,0.914923572565032,1,0,1
"4628",0,1,45,0.726847817268774,1,1,1
"4629",0,0,14282,0.776315827974546,1,1,1
"4630",1,1,26492,0.787392039429005,1,1,0
"4631",0,1,12411,0.538805966010795,1,1,1
"4632",0,1,20997,0.212382210845837,1,1,0
"4633",1,1,20973,0.914923572565032,1,0,1
"4634",0,0,0,0.244697729957847,1,1,0
"4635",0,0,909,0.234902324721232,1,0,0
"4636",0,0,15374,0.726847817268774,1,0,1
"4637",1,1,37505,0.849324698829673,0,1,0
"4638",0,0,58146,1.16357068087968,1,1,1
"4639",0,1,27822,0.649700669719646,1,1,1
"4640",1,1,8994,0.614118143896923,1,1,0
"4641",1,1,31715,0.290341866347252,1,1,1
"4642",0,0,57261,0.781910437375266,1,1,1
"4643",0,1,0,0.438558557559656,0,0,1
"4644",1,1,100,0.853227116562433,1,1,0
"4645",1,1,6998,-0.0848629536107846,1,1,1
"4646",0,0,8820,0.662894367443458,1,1,0
"4647",1,1,8382,0.576717554763112,1,1,0
"4648",1,1,1324,0.648797858205049,1,1,0
"4649",0,1,0,0.776315827974546,1,1,1
"4650",1,1,9018,0.435797350255668,1,1,0
"4651",1,1,321,-1.52409977806294,1,1,0
"4652",0,0,0,0.646618777449636,0,0,1
"4653",1,1,20382,0.787392039429005,1,1,1
"4654",0,0,9266,0.460778602579723,1,0,0
"4655",1,0,36552,0.162993191115368,0,1,0
"4656",0,0,0,0.914855726341926,1,1,1
"4657",0,0,2100,0.787392039429005,0,1,0
"4658",0,0,0,-1.52409977806294,0,0,0
"4659",0,0,21277,-0.271625799614365,1,0,0
"4660",0,1,5940,0.162993191115368,1,0,0
"4661",1,1,51198,1.04667001220076,1,1,1
"4662",0,1,0,-1.52409977806294,0,1,1
"4663",1,1,13562,0.538805966010795,1,1,0
"4664",1,1,26133,0.818916059821329,1,1,0
"4665",1,1,25897,-1.52409977806294,0,1,1
"4666",0,0,1368,1.0667803051313,1,1,1
"4667",1,1,22171,1.01103033528625,0,1,0
"4668",1,1,70155,-1.52409977806294,0,1,1
"4669",1,1,1534,0.758804816873193,1,1,0
"4670",1,1,8040,-1.52409977806294,0,0,0
"4671",0,0,13827,0.836862310742941,1,1,0
"4672",1,1,11327,0.822134005266687,0,1,1
"4673",0,1,35694,0.666306985702979,1,1,1
"4674",1,1,0,0.648797858205049,0,0,0
"4675",1,1,63713,0.356200702559718,1,0,0
"4676",0,1,3286,0.648797858205049,1,1,1
"4677",1,1,2991,-1.52409977806294,0,1,1
"4678",1,1,10411,0.679705304387904,1,0,0
"4679",1,1,4518,0.465083542408472,0,1,0
"4680",0,1,50861,0.825785722506067,1,1,0
"4681",0,0,23847,0.812561296158844,0,1,0
"4682",0,1,0,0.648797858205049,1,0,1
"4683",0,0,26107,-1.52409977806294,0,1,1
"4684",1,1,1744,0.0247237191026457,1,1,0
"4685",0,0,7020,-1.52409977806294,1,1,1
"4686",1,1,1254,0.0247237191026457,1,0,1
"4687",0,1,26288,0.283479683022315,1,1,1
"4688",0,0,29931,1.16084330863568,1,1,1
"4689",0,1,15073,0.878690015641386,1,1,1
"4690",0,0,2008,-1.52409977806294,0,1,0
"4691",1,1,30432,0.10392096696074,0,1,1
"4692",0,0,2829,0.44970766338848,0,1,0
"4693",1,1,13705,-0.412956525297915,1,1,0
"4694",1,1,31650,-1.52409977806294,0,1,0
"4695",1,1,15633,0.862723942262797,1,1,0
"4696",1,1,33287,0.309944962438295,1,1,1
"4697",0,1,19146,-0.338297648859044,1,1,0
"4698",1,1,1704,0.648797858205049,0,1,1
"4699",1,1,17358,-0.169771774420654,1,1,0
"4700",1,1,25887,-1.52409977806294,0,1,0
"4701",0,1,408,0.86321684669557,0,1,0
"4702",0,1,87,-1.52409977806294,1,0,0
"4703",0,0,34236,0.946884340069479,0,0,1
"4704",1,1,9763,0.474870535943414,1,1,1
"4705",0,0,20430,0.795306878990277,0,1,0
"4706",1,1,5991,-1.52409977806294,1,1,1
"4707",0,0,45194,1.13497893643568,1,0,0
"4708",1,1,3618,0.264780879253992,0,1,1
"4709",0,0,5988,0.599336628080891,1,1,1
"4710",0,1,17610,0.726847817268774,1,1,1
"4711",0,0,7377,0.659003168042747,1,1,0
"4712",1,1,19634,0.705695732448699,1,0,1
"4713",0,0,25053,-1.52409977806294,0,0,1
"4714",1,1,20961,0.538805966010795,1,0,0
"4715",1,1,3986,0.620214653903714,0,0,0
"4716",1,1,27056,0.687814067791736,0,1,1
"4717",1,1,28749,0.705108477924696,1,1,0
"4718",0,0,1209,0.798033861226659,1,1,1
"4719",1,1,15569,-1.52409977806294,1,1,1
"4720",1,1,33206,0.726847817268774,1,0,1
"4721",1,1,0,0.100532846911682,0,0,1
"4722",1,1,7398,0.588262676782656,1,1,0
"4723",1,1,16449,0.102570790588686,0,1,1
"4724",0,1,3123,0.232816342959874,1,1,1
"4725",1,1,55182,0.954025676787101,0,1,1
"4726",0,1,1086,0.726847817268774,0,0,1
"4727",1,1,9447,-1.52409977806294,0,1,1
"4728",0,0,15003,0.914923572565032,1,0,1
"4729",0,0,0,0.0247237191026457,0,1,0
"4730",1,1,17168,0.808274083446812,1,1,0
"4731",1,0,7718,-1.52409977806294,1,1,0
"4732",1,1,6520,0.538805966010795,1,1,0
"4733",1,1,874,1.0249493702102,0,1,1
"4734",1,1,47205,1.25488028538125,1,1,1
"4735",1,1,18270,0.567358527628779,0,1,1
"4736",0,1,6835,0.599336628080891,0,1,1
"4737",1,1,10565,0.350831884717768,0,1,0
"4738",0,0,0,-1.52409977806294,1,0,0
"4739",1,1,57,-0.575200454588118,1,1,0
"4740",0,0,44442,-1.52409977806294,1,1,0
"4741",0,0,36147,0.836862310742941,1,1,0
"4742",0,0,0,-0.0848629536107846,1,1,0
"4743",0,1,44601,0.975474577058332,0,1,0
"4744",1,1,9110,-1.52409977806294,0,1,1
"4745",0,0,10287,0.75717196692063,0,1,0
"4746",0,1,27683,-1.52409977806294,1,0,1
"4747",1,1,21710,0.431602137740827,1,1,0
"4748",0,1,0,0.339764708356472,0,0,1
"4749",1,1,18990,0.648797858205049,1,0,0
"4750",1,1,51741,-1.52409977806294,1,0,1
"4751",0,0,1365,0.478282081698801,1,0,1
"4752",1,1,39441,-1.52409977806294,1,1,0
"4753",1,1,6495,0.757596242660211,0,1,0
"4754",1,1,45701,0.648797858205049,1,1,1
"4755",1,1,4663,-1.52409977806294,1,1,1
"4756",0,1,27990,0.538805966010795,1,0,1
"4757",0,0,16974,0.263661764715505,0,0,1
"4758",0,0,17236,1.0249493702102,1,1,1
"4759",0,1,6646,0.442067893844077,1,0,0
"4760",1,1,4731,-1.52409977806294,0,0,1
"4761",1,1,3031,-0.00376937244849058,1,0,0
"4762",1,1,0,-1.52409977806294,1,1,0
"4763",1,1,2180,0.31923987407035,0,0,0
"4764",0,0,14742,0.322268754740774,0,1,1
"4765",1,1,925,-1.52409977806294,1,1,0
"4766",0,1,4215,0.659438289012996,1,1,0
"4767",0,0,4560,-0.0848629536107846,1,1,1
"4768",0,0,24156,0.787392039429005,0,0,0
"4769",1,1,2543,1.10301628464762,1,1,1
"4770",1,1,0,0.847504480344855,1,0,0
"4771",1,0,6324,-1.52409977806294,0,1,1
"4772",0,1,672,0.254151860684496,0,0,0
"4773",0,0,33140,0.946884340069479,0,0,1
"4774",1,1,16328,-1.52409977806294,1,1,1
"4775",0,0,9969,0.306774542140354,1,0,1
"4776",1,1,17448,0.485969606169009,1,1,0
"4777",0,0,0,-0.277053678368629,1,0,0
"4778",0,1,31689,0.356200702559718,0,1,0
"4779",1,1,18093,0.787392039429005,1,1,0
"4780",1,1,5961,-0.136783529289089,1,1,0
"4781",1,1,0,-0.0139730138137069,0,1,0
"4782",0,0,0,-1.52409977806294,1,1,0
"4783",1,1,25439,-1.52409977806294,0,1,1
"4784",0,0,5451,-1.52409977806294,1,1,0
"4785",0,1,0,0.0879729499213631,0,1,0
"4786",0,1,19509,-0.0848629536107846,1,1,0
"4787",1,1,1752,0.787392039429005,0,0,1
"4788",0,1,33276,0.114487163456349,1,1,1
"4789",0,0,1581,-1.52409977806294,0,0,0
"4790",0,0,846,0.863298910467289,1,1,0
"4791",0,1,15138,0.478282081698801,1,1,1
"4792",0,1,0,-1.52409977806294,0,1,1
"4793",1,1,26923,0.17413665823458,1,0,0
"4794",1,1,10587,-0.996009164351543,1,1,1
"4795",0,1,4446,-0.0848629536107846,1,0,0
"4796",1,1,20808,1.11946789335359,1,0,1
"4797",0,0,13961,0.787392039429005,0,1,0
"4798",0,0,929,0.458600250621688,0,0,1
"4799",1,1,3735,-1.52409977806294,1,1,1
"4800",1,1,3336,0.781910437375266,0,0,0
"4801",1,1,0,-1.52409977806294,0,1,0
"4802",0,0,18012,0.254151860684496,0,1,1
"4803",1,1,2034,-0.544151213903637,1,1,0
"4804",0,1,12348,0.559681983316254,1,1,0
"4805",1,1,14026,0.576717554763112,1,1,1
"4806",1,1,0,-1.52409977806294,0,1,0
"4807",0,1,2761,-1.52409977806294,0,1,0
"4808",1,1,0,-1.52409977806294,1,1,0
"4809",0,0,7731,0.648797858205049,0,1,1
"4810",1,1,1393,0.350831884717768,1,0,1
"4811",1,1,0,-1.52409977806294,0,1,0
"4812",0,0,0,-1.52409977806294,0,1,1
"4813",1,1,31170,-1.52409977806294,1,1,0
"4814",0,1,39260,-1.52409977806294,1,1,0
"4815",0,0,20181,0.825785722506067,0,1,1
"4816",0,0,14247,0.787392039429005,0,0,0
"4817",0,0,27323,0.756503904862089,1,1,0
"4818",0,0,64911,-1.52409977806294,1,0,1
"4819",1,1,13934,0.836862310742941,0,1,1
"4820",1,1,12264,0.290341866347252,0,0,0
"4821",1,1,390,0.686243094426555,1,1,0
"4822",1,1,23544,0.102570790588686,1,0,1
"4823",1,1,14988,-1.52409977806294,1,1,0
"4824",1,1,10248,0.854374263798043,1,1,1
"4825",0,0,10395,-0.299920662537568,1,1,0
"4826",0,0,903,-1.52409977806294,1,1,0
"4827",0,1,40858,0.914923572565032,1,0,0
"4828",1,1,13381,0.432205438969663,0,1,0
"4829",0,0,8883,1.09614584897142,0,1,1
"4830",0,0,10851,0.322268754740774,1,1,1
"4831",1,1,6940,0.350831884717768,1,1,0
"4832",0,0,43976,0.858581213504869,0,1,1
"4833",0,1,0,0.878690015641386,1,1,1
"4834",0,0,28161,-0.026746425117887,0,1,1
"4835",1,1,1998,0.173616265187286,1,0,1
"4836",0,1,19044,0.538805966010795,1,1,0
"4837",0,0,15714,-1.52409977806294,1,1,0
"4838",1,1,41680,0.726847817268774,1,0,0
"4839",0,0,0,-0.162485836395737,1,1,0
"4840",0,0,4144,0.376672979649578,1,1,1
"4841",1,1,11003,0.836862310742941,1,0,1
"4842",0,0,783,-0.996009164351543,0,0,1
"4843",1,1,3363,-1.52409977806294,0,0,0
"4844",0,0,0,-1.52409977806294,1,1,0
"4845",0,0,4669,0.579066205432395,1,1,1
"4846",0,0,3639,0.322268754740774,1,1,0
"4847",0,1,0,0.162993191115368,0,1,1
"4848",1,1,10209,-1.52409977806294,1,1,0
"4849",0,0,0,-1.52409977806294,1,1,0
"4850",0,1,34044,-1.52409977806294,1,1,0
"4851",1,1,2392,0.770603453508045,1,1,1
"4852",1,1,0,-1.52409977806294,1,0,0
"4853",0,0,29931,0.870824376213852,1,1,0
"4854",0,1,28872,0.690619104557388,0,1,1
"4855",0,0,25632,0.914923572565032,1,1,1
"4856",0,0,24951,0.322268754740774,0,0,1
"4857",1,1,1986,-1.52409977806294,1,1,0
"4858",1,1,16892,-1.52409977806294,0,0,1
"4859",0,0,13981,0.637346099181869,0,1,1
"4860",0,1,8553,-1.52409977806294,0,0,1
"4861",0,0,10569,-1.52409977806294,0,1,0
"4862",0,1,25691,0.787392039429005,1,1,1
"4863",0,0,16307,0.162993191115368,1,0,0
"4864",0,0,17915,0.162993191115368,1,1,0
"4865",1,1,5328,0.576599586975552,1,1,0
"4866",0,0,19553,0.787392039429005,1,0,1
"4867",0,0,18950,-1.52409977806294,1,1,0
"4868",0,0,12716,0.591409203520708,1,0,0
"4869",0,1,14465,0.479634781775449,1,1,0
"4870",1,1,23727,0.634691947063098,1,0,1
"4871",0,1,27340,-1.52409977806294,1,1,0
"4872",1,1,31431,0.566134968788761,0,1,0
"4873",1,1,1028,-1.52409977806294,0,0,0
"4874",0,0,1236,-1.52409977806294,0,1,0
"4875",0,1,63673,1.13497893643568,0,1,1
"4876",1,1,27085,0.957062836288127,1,1,1
"4877",0,1,5991,0.350831884717768,0,1,1
"4878",0,1,16869,0.507653959937439,1,1,1
"4879",0,0,0,-1.52409977806294,1,1,0
"4880",0,0,29400,1.0249493702102,0,0,1
"4881",1,1,54591,1.0667803051313,1,1,1
"4882",1,1,33836,0.516189250346977,1,1,0
"4883",0,1,0,0.538805966010795,1,1,1
"4884",1,1,78,0.254151860684496,1,1,1
"4885",0,1,27926,0.350831884717768,0,0,1
"4886",0,0,21381,0.836862310742941,0,1,1
"4887",0,1,22320,1.0249493702102,1,1,1
"4888",1,1,0,0.461861256506316,1,0,0
"4889",0,0,11685,-1.52409977806294,0,1,1
"4890",0,1,26055,0.381558528168414,1,1,1
"4891",1,1,28134,0.648797858205049,1,1,1
"4892",0,0,0,-1.52409977806294,1,1,0
"4893",1,1,0,-1.52409977806294,1,1,0
"4894",1,1,31645,0.377165511347397,1,1,0
"4895",0,0,796,0.842235557860984,1,1,0
"4896",0,0,7986,0.192721607205222,0,0,0
"4897",1,1,5106,-1.52409977806294,0,0,1
"4898",0,1,5789,0.910753596731443,0,0,1
"4899",1,1,4353,-1.52409977806294,0,1,0
"4900",0,1,604,0.886334089244092,0,1,1
"4901",0,0,3409,0.478282081698801,1,1,1
"4902",1,1,10396,-1.52409977806294,1,1,0
"4903",0,0,7337,0.758804816873193,0,1,1
"4904",0,0,4608,0.350831884717768,0,0,0
"4905",1,1,28884,0.350831884717768,1,1,0
"4906",1,1,2493,0.836862310742941,1,1,0
"4907",1,1,18014,-1.52409977806294,0,1,0
"4908",1,1,25268,-1.52409977806294,0,1,1
"4909",0,0,18213,0.836862310742941,1,0,0
"4910",0,0,9849,0.726847817268774,1,1,1
"4911",1,1,621,-1.52409977806294,1,1,1
"4912",1,1,31235,-1.52409977806294,1,1,0
"4913",0,1,0,-1.52409977806294,1,1,0
"4914",1,1,0,-1.52409977806294,1,1,0
"4915",0,1,0,0.0247237191026457,0,0,1
"4916",1,1,30228,-1.52409977806294,0,0,1
"4917",0,1,2786,0.350831884717768,1,1,1
"4918",1,1,26265,0.80320226902451,1,1,1
"4919",1,1,15655,-1.52409977806294,1,1,0
"4920",0,1,44614,0.588262676782656,1,1,1
"4921",1,1,0,-1.52409977806294,0,1,0
"4922",0,0,2776,0.946884340069479,1,1,0
"4923",0,0,11406,-0.0848629536107846,0,1,1
"4924",1,1,12751,-1.52409977806294,0,0,1
"4925",1,1,1065,-1.52409977806294,1,0,1
"4926",0,1,0,-1.52409977806294,0,1,0
"4927",0,1,438,-1.52409977806294,0,1,1
"4928",1,1,6255,-1.52409977806294,1,0,0
"4929",0,0,29629,0.914923572565032,1,1,1
"4930",1,1,22251,-1.52409977806294,1,1,1
"4931",1,1,0,0.605558372387136,0,0,0
"4932",1,1,27233,-1.52409977806294,1,1,0
"4933",1,1,28453,-1.52409977806294,1,1,0
"4934",0,0,10934,0.576717554763112,1,1,1
"4935",0,1,0,0.836862310742941,1,0,1
"4936",0,1,17271,0.888623320594859,1,0,0
"4937",0,0,0,-1.52409977806294,0,0,0
"4938",1,1,3036,-1.52409977806294,1,1,0
"4939",0,1,33640,0.581742262482737,1,1,0
"4940",1,1,38486,0.835956334635294,1,1,0
"4941",0,0,0,-1.52409977806294,1,1,0
"4942",0,0,20758,0.922152898356938,1,0,0
"4943",1,1,46564,-1.52409977806294,0,0,0
"4944",1,1,203,0.400266011144916,0,1,0
"4945",0,1,6518,0.350831884717768,1,1,0
"4946",1,1,52265,1.13497893643568,0,1,1
"4947",1,1,63656,1.13497893643568,1,1,1
"4948",0,1,972,-1.52409977806294,0,0,0
"4949",1,1,15409,0.538805966010795,1,1,1
"4950",0,0,10173,-1.52409977806294,0,1,1
"4951",1,1,57785,0.60577039184402,1,1,0
"4952",1,1,23927,0.903881842988157,1,1,1
"4953",1,1,35490,-1.52409977806294,1,1,0
"4954",1,1,29916,-0.873347230807607,1,0,0
"4955",1,1,27064,1.04990699858517,1,0,1
"4956",1,1,36720,0.648797858205049,1,1,0
"4957",1,1,17355,0.871103558285215,0,0,0
"4958",0,0,10080,-1.52409977806294,1,1,0
"4959",1,1,0,0.442067893844077,0,1,1
"4960",0,0,19032,0.737619528212963,1,1,1
"4961",0,1,13789,-1.52409977806294,0,1,1
"4962",1,1,918,0.510227782937839,1,1,0
"4963",1,1,20682,-1.52409977806294,0,0,0
"4964",0,0,1202,0.897411054289019,1,1,0
"4965",0,0,32447,1.0249493702102,1,1,1
"4966",0,0,17460,-1.52409977806294,0,0,1
"4967",1,1,22364,0.897411054289019,1,1,1
"4968",0,1,294,-1.52409977806294,1,0,0
"4969",1,1,22473,0.887462353996992,1,1,1
"4970",1,1,13581,0.836862310742941,1,0,1
"4971",0,1,3762,0.212382210845837,1,1,0
"4972",1,1,12627,0.648797858205049,1,1,0
"4973",0,1,0,-1.52409977806294,0,1,1
"4974",0,1,24203,0.648797858205049,0,0,1
"4975",1,1,0,0.961555780146514,1,0,0
"4976",0,0,15945,0.760008032725805,0,1,0
"4977",0,0,21765,0.3783929439735,1,0,0
"4978",0,0,0,0.880852148844311,1,1,0
"4979",0,1,1274,0.162993191115368,0,0,0
"4980",1,1,2322,-1.52409977806294,0,1,1
"4981",0,1,20238,0.785322052304125,1,0,0
"4982",1,1,49242,0.994341077434185,1,1,1
"4983",0,0,3684,-1.52409977806294,1,1,0
"4984",1,1,51,-1.52409977806294,1,0,1
"4985",1,1,0,-1.52409977806294,1,1,0
"4986",0,0,0,-1.52409977806294,1,0,0
"4987",0,0,29343,-1.52409977806294,1,1,0
"4988",0,1,12504,-0.277053678368629,1,1,1
"4989",0,0,22959,0.897411054289019,1,0,0
"4990",0,1,26191,0.460778602579723,1,1,1
"4991",1,1,31911,0.648797858205049,0,1,0
"4992",0,0,1149,0.787392039429005,0,1,1
"4993",1,1,53439,0.693855419293265,0,1,1
"4994",1,1,5496,0.538805966010795,0,1,1
"4995",0,0,29957,0.878690015641386,1,1,0
"4996",1,1,2542,0.726847817268774,1,1,1
"4997",1,1,10275,0.290341866347252,1,1,0
"4998",0,0,15119,0.788150703755772,0,1,1
"4999",0,1,21969,-1.52409977806294,0,1,0
"5000",1,1,0,0.526884181632494,0,1,0
"5001",0,1,0,0.27284967305627,0,0,1
"5002",1,1,933,-1.52409977806294,0,0,0
"5003",0,0,5019,0.626078902794363,0,0,1
"5004",1,1,7092,0.0247237191026457,1,1,0
"5005",1,1,0,0.339764708356472,1,1,0
"5006",0,1,3933,0.418612762876597,1,1,0
"5007",0,0,25929,0.798033861226659,0,1,1
"5008",1,1,19046,0.754918280763453,1,1,0
"5009",0,0,33063,0.931374183713974,1,1,0
"5010",1,1,0,-1.52409977806294,1,1,0
"5011",1,1,9607,0.937685010834339,1,1,0
"5012",0,1,2772,0.726847817268774,0,0,1
"5013",1,1,690,-1.52409977806294,0,0,0
"5014",0,1,4938,0.833586543870529,1,1,0
"5015",0,0,34182,-0.0848629536107846,1,1,0
"5016",1,1,18084,0.322268754740774,0,1,0
"5017",0,0,50630,0.958713125556332,0,1,0
"5018",1,1,15458,0.95752708939569,1,1,0
"5019",1,1,3756,-1.52409977806294,1,1,1
"5020",0,0,10947,0.810276563596763,1,0,0
"5021",1,1,0,0.234069855077653,1,0,0
"5022",1,1,0,0.657693603537611,1,1,1
"5023",1,1,0,0.787392039429005,0,0,1
"5024",0,1,4683,-1.52409977806294,1,1,0
"5025",0,1,42445,0.648797858205049,1,1,1
"5026",0,1,0,0.618197662894928,1,1,1
"5027",1,1,8092,1.0249493702102,1,0,1
"5028",1,1,16028,0.259897697564605,1,1,0
"5029",0,1,28474,0.878690015641386,1,1,0
"5030",0,0,26127,0.726847817268774,1,1,1
"5031",1,1,10104,0.648797858205049,0,1,1
"5032",1,1,27476,0.836862310742941,1,1,1
"5033",1,1,43524,0.687500599791528,1,1,0
"5034",0,0,18695,0.36968199790662,1,1,0
"5035",0,0,0,0.206908716585532,1,1,1
"5036",0,0,2260,-1.52409977806294,1,1,0
"5037",0,1,0,0.787392039429005,1,1,0
"5038",0,1,5635,0.996358630753979,1,1,1
"5039",0,0,9531,0.726847817268774,1,1,0
"5040",0,0,0,-1.52409977806294,1,0,0
"5041",1,1,15348,0.581394704410464,1,1,0
"5042",0,0,1458,-1.52409977806294,1,1,0
"5043",1,1,435,-1.52409977806294,1,0,0
"5044",0,1,0,-1.52409977806294,0,0,0
"5045",1,1,0,-1.52409977806294,0,1,0
"5046",1,1,1749,-1.52409977806294,1,1,1
"5047",0,0,26317,0.726847817268774,1,0,1
"5048",0,0,25020,-1.52409977806294,1,1,0
"5049",0,0,2660,0.752707393659945,0,0,1
"5050",0,0,15378,0.914923572565032,1,0,0
"5051",1,1,56150,0.792765109235685,0,0,1
"5052",0,0,39735,0.792019253156846,1,1,1
"5053",1,1,11867,-1.52409977806294,1,0,0
"5054",1,1,28213,0.188809685186082,1,0,1
"5055",0,1,4913,-0.0471098408767182,1,1,0
"5056",1,1,24825,0.914923572565032,0,1,0
"5057",1,1,7751,0.952848427826789,1,1,1
"5058",0,1,312,0.588262676782656,0,1,1
"5059",0,1,20025,0.599336628080891,1,1,0
"5060",1,1,44303,0.538805966010795,1,0,1
"5061",1,1,20193,-1.52409977806294,1,0,0
"5062",1,1,0,0.538534581097173,1,1,0
"5063",0,0,32119,0.858581213504869,1,1,1
"5064",0,1,41871,0.878690015641386,1,1,0
"5065",1,1,15682,-1.52409977806294,1,1,0
"5066",0,0,0,0.895268005132312,1,1,0
"5067",0,0,15981,0.466149191255519,1,1,0
"5068",1,1,40517,0.67514820963504,1,1,1
"5069",0,0,35883,-1.52409977806294,0,1,0
"5070",1,1,21524,0.325264203374607,0,0,1
"5071",1,1,26014,-1.52409977806294,1,1,0
"5072",0,0,18384,0.799542859810963,1,1,1
"5073",0,0,6774,0.618197662894928,1,1,1
"5074",1,1,38849,-1.52409977806294,1,0,1
"5075",1,1,22851,0.350831884717768,1,1,1
"5076",1,1,20366,0.90317437415422,1,1,0
"5077",0,1,28186,0.632971896221277,1,1,1
"5078",1,1,22874,0.538805966010795,1,1,0
"5079",0,1,6204,0.925696603433272,1,1,1
"5080",0,0,16326,0.648797858205049,0,1,0
"5081",0,0,0,-1.52409977806294,0,1,0
"5082",0,0,63474,0.776315827974546,1,1,1
"5083",0,1,18848,0.538805966010795,0,0,1
"5084",1,1,0,-1.52409977806294,1,1,0
"5085",1,1,9968,0.787392039429005,0,1,1
"5086",0,0,13035,-1.52409977806294,0,1,1
"5087",0,0,0,-1.52409977806294,0,1,0
"5088",0,1,0,-0.299920662537568,0,0,1
"5089",0,0,0,0.0545763000610931,0,0,0
"5090",1,1,32496,0.350831884717768,1,0,1
"5091",1,1,22185,-1.52409977806294,0,1,0
"5092",1,1,0,-1.52409977806294,1,1,1
"5093",0,0,2253,0.649249639383144,0,0,1
"5094",0,1,8092,0.975474577058332,0,1,1
"5095",1,1,21118,0.36968199790662,0,1,0
"5096",0,0,5211,0.306774542140354,1,1,0
"5097",0,0,30618,0.70274666902511,1,0,0
"5098",1,1,26091,0.19223568963403,1,1,0
"5099",1,1,5250,-1.52409977806294,1,1,1
"5100",0,1,44,0.381558528168414,0,1,1
"5101",1,1,35999,0.599336628080891,1,1,0
"5102",0,1,999,-1.52409977806294,1,1,1
"5103",0,1,204,-1.52409977806294,0,0,0
"5104",1,1,0,-1.52409977806294,0,1,0
"5105",1,1,27579,0.717322140781912,1,1,0
"5106",0,0,201,0.254151860684496,1,1,0
"5107",0,0,49465,0.827663501255355,1,0,1
"5108",0,0,33466,0.946884340069479,0,0,1
"5109",0,1,20103,0.538805966010795,1,1,1
"5110",1,0,17692,-0.113306227831029,1,1,1
"5111",1,1,18492,0.931374183713974,1,1,1
"5112",0,1,41912,0.897411054289019,1,0,0
"5113",0,0,22200,0.254151860684496,0,1,0
"5114",1,1,21279,0.726847817268774,1,0,1
"5115",0,1,28409,0.610184960689747,1,1,0
"5116",1,1,7893,0.620214653903714,1,1,0
"5117",0,0,4233,0.620214653903714,1,1,1
"5118",1,1,24075,-1.52409977806294,1,1,1
"5119",1,1,199,0.540158834669906,0,1,1
"5120",1,1,9497,0.740085500669882,1,0,1
"5121",1,1,30835,0.719978685914774,1,1,1
"5122",0,1,271,0.908053571717931,0,1,1
"5123",1,1,0,-1.52409977806294,0,0,1
"5124",1,1,10339,-1.52409977806294,0,1,0
"5125",1,1,1135,0.813252848858161,1,1,0
"5126",0,0,2274,0.648797858205049,1,0,1
"5127",1,1,24580,0.914923572565032,0,1,0
"5128",0,1,6603,0.384448190511525,1,1,0
"5129",1,1,15237,0.648797858205049,1,1,1
"5130",0,1,0,-1.52409977806294,0,1,0
"5131",1,1,63717,0.878690015641386,1,1,0
"5132",1,1,50930,0.648797858205049,1,1,1
"5133",0,0,21021,0.18182512968752,0,1,0
"5134",1,1,61347,0.975474577058332,1,1,1
"5135",0,0,6105,0.758804816873193,1,0,0
"5136",1,1,18318,0.102570790588686,1,0,1
"5137",0,0,1542,0.71577217093987,0,1,0
"5138",0,0,4620,0.212382210845837,1,1,1
"5139",0,0,7008,-1.52409977806294,0,0,0
"5140",1,1,19110,-1.52409977806294,1,1,0
"5141",0,0,483,-1.52409977806294,0,1,0
"5142",0,0,0,-1.52409977806294,0,1,0
"5143",0,1,26428,0.980848178834212,1,1,1
"5144",1,1,11018,0.350831884717768,1,1,1
"5145",1,1,1245,0.648797858205049,1,1,0
"5146",1,1,18616,0.988714198260819,1,1,1
"5147",0,1,6201,0.878690015641386,0,1,0
"5148",0,0,30299,0.620214653903714,1,1,1
"5149",1,1,4187,0.460778602579723,1,1,0
"5150",0,1,1764,0.848242706761686,0,1,1
"5151",0,1,897,-1.52409977806294,0,1,0
"5152",1,0,12297,-0.0848629536107846,0,1,0
"5153",1,1,17031,0.290341866347252,1,1,1
"5154",1,1,24018,0.599336628080891,1,1,1
"5155",1,1,2235,-1.52409977806294,0,0,0
"5156",1,1,4932,-1.52409977806294,1,1,0
"5157",0,0,765,0.538805966010795,1,1,0
"5158",0,0,6406,0.787392039429005,1,1,1
"5159",1,1,372,-1.52409977806294,1,0,0
"5160",1,1,5608,0.212382210845837,1,1,1
"5161",1,1,2074,0.787392039429005,0,1,1
"5162",1,1,6497,-1.52409977806294,0,1,1
"5163",0,0,38969,0.648797858205049,1,0,1
"5164",0,0,20510,-1.03784332979517,1,1,1
"5165",0,1,0,-1.52409977806294,1,1,0
"5166",0,0,8895,0.776315827974546,0,1,0
"5167",0,0,0,-1.52409977806294,0,0,1
"5168",1,1,43589,-1.52409977806294,0,1,0
"5169",1,1,143,-0.359733910255591,1,0,0
"5170",0,0,18790,-1.52409977806294,1,1,1
"5171",0,1,15938,-0.0245753344106287,1,0,0
"5172",0,0,5880,0.400266011144916,1,1,0
"5173",1,1,20100,0.521444850891331,0,0,0
"5174",1,1,29874,-1.52409977806294,1,1,1
"5175",1,1,11091,-1.52409977806294,1,1,0
"5176",1,1,25510,1.00904740943859,0,1,1
"5177",0,1,13067,0.726847817268774,0,1,1
"5178",1,1,16899,0.406299517828056,0,0,1
"5179",1,1,23493,0.970213847052203,1,0,0
"5180",1,1,10888,-1.52409977806294,1,0,0
"5181",0,1,27371,-1.52409977806294,1,1,0
"5182",1,1,40945,-1.52409977806294,1,1,1
"5183",0,0,0,0.18182512968752,0,1,0
"5184",1,1,12777,0.102570790588686,0,0,0
"5185",1,1,8574,0.758804816873193,0,1,0
"5186",1,1,27876,0.981060925452463,1,0,0
"5187",0,0,19872,-1.52409977806294,1,1,1
"5188",0,1,6805,-1.52409977806294,0,0,1
"5189",0,0,38018,-1.52409977806294,0,1,0
"5190",0,0,12373,0.348654261069776,1,1,1
"5191",0,1,1302,0.460778602579723,0,1,0
"5192",0,0,21631,-0.271625799614365,1,0,0
"5193",1,1,35142,0.946884340069479,0,1,1
"5194",1,1,18336,-1.52409977806294,0,1,1
"5195",1,1,0,-1.52409977806294,0,1,0
"5196",0,0,15069,0.592746626634916,0,0,1
"5197",1,1,1557,-1.52409977806294,0,0,1
"5198",1,1,46110,1.1657330140444,1,1,1
"5199",0,0,23952,0.740085500669882,1,1,0
"5200",0,1,0,-1.52409977806294,0,1,0
"5201",0,1,28090,0.56857659471405,1,0,0
"5202",1,1,3270,0.726847817268774,0,1,0
"5203",0,1,0,-0.0356087600703391,1,1,1
"5204",0,0,34245,-1.52409977806294,0,0,0
"5205",0,0,5184,0.690619104557388,0,0,1
"5206",1,1,18811,-1.52409977806294,1,0,1
"5207",0,0,20178,0.680027901621738,1,0,0
"5208",1,1,8439,0.648797858205049,1,1,0
"5209",0,1,99,0.212382210845837,1,1,1
"5210",1,1,3816,0.102570790588686,1,1,1
"5211",0,1,6375,-1.52409977806294,0,0,0
"5212",1,1,14748,0.740085500669882,0,1,0
"5213",1,1,19533,0.648797858205049,1,1,0
"5214",0,0,8050,0.819012672457098,1,1,0
"5215",0,1,2728,0.648797858205049,0,1,0
"5216",1,1,0,0.918294438049053,1,0,1
"5217",0,0,0,-1.52409977806294,1,0,1
"5218",1,1,2537,0.421971010103767,0,0,0
"5219",1,1,8274,0.878690015641386,1,1,1
"5220",1,1,2271,-1.52409977806294,0,0,1
"5221",0,0,627,0.601498207736435,0,0,1
"5222",0,0,18129,0.381558528168414,1,1,1
"5223",1,1,0,0.599336628080891,1,0,1
"5224",0,1,0,-1.52409977806294,0,0,1
"5225",0,1,13513,0.897411054289019,1,1,1
"5226",1,1,38310,0.400266011144916,1,1,0
"5227",1,1,3771,-1.52409977806294,0,0,0
"5228",0,1,3179,-1.52409977806294,0,1,1
"5229",0,0,7749,0.0247237191026457,0,1,0
"5230",1,1,3927,0.400266011144916,1,1,0
"5231",0,0,21827,0.975474577058332,1,1,0
"5232",1,1,22460,0.648797858205049,1,1,0
"5233",1,1,16569,-0.367272864233021,0,1,1
"5234",0,1,20634,0.886334089244092,1,0,1
"5235",1,1,0,0.690619104557388,1,1,1
"5236",0,0,629,0.468268017042579,0,1,0
"5237",0,1,8321,0.648797858205049,0,1,0
"5238",0,1,66293,0.350831884717768,1,1,1
"5239",0,0,27453,0.787392039429005,1,1,0
"5240",0,0,0,0.376672979649578,1,1,0
"5241",1,1,37014,0.825785722506067,0,1,0
"5242",0,1,16692,0.162993191115368,1,0,0
"5243",0,0,5432,-1.52409977806294,0,1,0
"5244",0,1,19620,-0.0471098408767182,1,0,1
"5245",0,1,3222,0.400266011144916,1,1,0
"5246",0,0,1386,0.384448190511525,1,1,1
"5247",1,1,15917,-1.52409977806294,1,0,0
"5248",0,1,42717,0.599336628080891,1,1,1
"5249",1,1,13170,-1.52409977806294,1,1,0
"5250",0,0,15325,0.949882767333952,0,0,1
"5251",1,1,48810,0.695991718474295,0,1,0
"5252",1,1,37288,0.897411054289019,0,1,1
"5253",0,0,0,0.400266011144916,1,1,1
"5254",1,1,2246,0.290341866347252,1,1,0
"5255",1,1,33287,-1.52409977806294,0,1,0
"5256",0,0,0,0.808274083446812,0,1,1
"5257",0,0,6993,0.765945370630852,1,1,1
"5258",0,0,11788,0.302596835504636,1,1,0
"5259",1,1,6014,0.438165815246529,1,0,1
"5260",1,1,0,0.648797858205049,1,1,0
"5261",0,0,22925,0.901005132656153,0,1,0
"5262",1,1,1707,-1.52409977806294,0,1,0
"5263",0,1,35791,0.878690015641386,1,1,1
"5264",1,1,24206,0.677761626313992,0,0,0
"5265",1,1,8941,0.654966978228735,1,1,0
"5266",1,1,406,0.878690015641386,0,1,0
"5267",0,0,0,-1.52409977806294,0,0,1
"5268",0,0,32482,0.648797858205049,0,0,0
"5269",0,0,68989,0.0505074848502871,1,1,1
"5270",1,1,34364,0.969743101242917,1,1,0
"5271",0,0,11817,0.836862310742941,1,1,1
"5272",0,0,5532,-1.52409977806294,0,1,0
"5273",1,1,10950,0.193690839989042,1,1,0
"5274",0,0,0,0.657693603537611,0,1,0
"5275",0,0,14158,-1.52409977806294,1,1,1
"5276",0,0,2738,0.538805966010795,0,1,0
"5277",0,1,24295,-1.52409977806294,0,1,0
"5278",0,0,9084,-1.52409977806294,1,1,0
"5279",1,1,14773,0.214182448896694,1,1,0
"5280",0,1,4785,0.85606487752586,1,1,0
"5281",0,0,40,0.350831884717768,0,0,1
"5282",1,1,19350,-1.52409977806294,1,1,1
"5283",0,0,32409,0.538805966010795,1,0,0
"5284",1,1,2376,0.524892878948738,1,1,1
"5285",0,0,3695,-1.52409977806294,1,1,1
"5286",1,1,13875,-1.52409977806294,1,0,1
"5287",0,0,2223,-1.52409977806294,0,1,0
"5288",0,0,40284,-1.52409977806294,1,1,1
"5289",1,1,20374,0.833998183625707,0,0,1
"5290",0,1,0,1.04667001220076,0,1,1
"5291",0,0,0,-1.52409977806294,0,0,1
"5292",0,0,80379,-1.52409977806294,1,1,1
"5293",0,1,144,0.350831884717768,1,1,1
"5294",0,0,26298,0.946884340069479,1,0,0
"5295",0,0,630,0.886334089244092,1,1,0
"5296",1,1,0,-1.52409977806294,0,1,0
"5297",1,1,27561,-1.52409977806294,0,1,0
"5298",0,0,13755,-1.52409977806294,1,1,0
"5299",0,0,38077,0.619006259071543,1,1,0
"5300",0,0,5952,0.819302304171896,1,1,1
"5301",1,1,23646,0.422596081146338,1,0,1
"5302",0,0,0,-1.52409977806294,0,1,0
"5303",0,0,9316,0.76944640681397,0,1,0
"5304",0,0,7347,0.376426378186897,1,0,0
"5305",0,1,0,-1.52409977806294,0,0,1
"5306",1,1,0,-1.52409977806294,1,1,0
"5307",1,1,48840,1.0249493702102,1,1,0
"5308",1,1,13878,0.965018382725338,1,1,1
"5309",0,1,18,0.350831884717768,0,0,1
"5310",0,0,104,-1.52409977806294,0,1,0
"5311",0,1,0,-1.52409977806294,0,1,1
"5312",1,1,3493,0.421971010103767,1,1,0
"5313",1,1,27816,0.726847817268774,0,1,0
"5314",0,1,21654,-0.145083408307552,0,1,1
"5315",0,0,49751,1.00133785291652,1,0,1
"5316",0,0,34350,1.11946789335359,1,0,0
"5317",0,0,0,-1.52409977806294,1,1,0
"5318",1,1,14038,0.478282081698801,1,1,0
"5319",0,1,19669,0.588262676782656,1,1,0
"5320",0,1,26027,0.810276563596763,1,0,1
"5321",1,1,0,-1.52409977806294,0,0,0
"5322",0,0,22088,-1.52409977806294,1,0,0
"5323",1,1,7449,0.530543991851257,1,1,0
"5324",0,1,2695,0.510227782937839,1,0,1
"5325",0,0,11549,-1.52409977806294,1,1,0
"5326",1,1,17889,0.599336628080891,1,0,1
"5327",0,0,37284,-1.52409977806294,0,1,1
"5328",0,1,2902,-0.190879467340923,1,0,0
"5329",1,1,10263,0.588262676782656,1,1,1
"5330",1,1,837,0.322268754740774,0,1,1
"5331",1,1,20825,0.604708634265096,0,1,0
"5332",0,0,0,-1.52409977806294,0,0,1
"5333",0,0,2955,0.270672777231475,0,0,0
"5334",0,0,11502,0.599336628080891,1,1,1
"5335",0,1,0,-1.52409977806294,0,1,1
"5336",1,1,14537,0.322268754740774,1,1,1
"5337",0,1,44623,0.102570790588686,1,1,1
"5338",0,0,32004,-0.0848629536107846,0,1,0
"5339",0,1,0,-0.0447703014653455,0,1,1
"5340",1,1,11662,0.946884340069479,1,1,1
"5341",0,0,5910,0.592301550863149,0,1,1
"5342",1,1,100516,0.746974135667863,1,0,1
"5343",1,1,10790,0.776315827974546,0,0,0
"5344",1,1,49125,0.975474577058332,1,1,1
"5345",0,0,43644,0.975474577058332,1,1,1
"5346",0,1,9184,-1.52409977806294,0,0,0
"5347",1,1,6558,0.665032277436401,0,1,0
"5348",1,1,14726,-1.52409977806294,1,1,1
"5349",1,1,693,0.943852413874216,1,1,0
"5350",0,0,2760,-0.0300359792248178,0,1,1
"5351",0,0,13164,0.670513283345615,1,1,0
"5352",0,0,47841,0.878690015641386,0,0,1
"5353",0,0,48084,0.460778602579723,1,1,1
"5354",1,1,19366,0.789554049596902,1,1,0
"5355",0,0,250,0.836862310742941,1,1,0
"5356",1,1,35544,0.836862310742941,1,0,0
"5357",1,1,8046,0.835138362140943,1,1,0
"5358",0,1,42936,0.238206899993525,1,1,1
"5359",0,0,20850,0.747728856592768,1,1,1
"5360",0,0,7926,-1.52409977806294,0,1,0
"5361",0,0,2628,-1.52409977806294,0,1,0
"5362",1,1,150,0.813252848858161,1,1,1
"5363",0,1,25483,-1.52409977806294,1,1,0
"5364",0,1,36913,0.599336628080891,1,0,0
"5365",0,1,3366,0.538805966010795,0,0,0
"5366",1,1,2469,0.524892878948738,0,1,0
"5367",0,0,12297,0.836862310742941,0,1,0
"5368",1,1,2825,0.588262676782656,1,0,1
"5369",0,1,75107,0.946884340069479,1,1,1
"5370",1,1,973,0.400266011144916,1,1,0
"5371",0,1,9720,0.0664290524095003,1,0,0
"5372",1,1,62352,0.901753879463782,1,1,1
"5373",0,1,0,0.559304972524886,1,1,0
"5374",0,0,29047,0.946884340069479,1,1,0
"5375",0,1,18499,-1.52409977806294,0,1,0
"5376",1,1,17248,-1.52409977806294,1,1,0
"5377",0,0,23010,-1.52409977806294,1,1,0
"5378",0,1,0,-1.52409977806294,0,1,0
"5379",1,1,0,-1.52409977806294,1,1,0
"5380",1,1,17280,0.712931162099861,1,1,1
"5381",1,1,0,-1.52409977806294,1,1,0
"5382",1,1,36576,1.04246273638602,1,1,1
"5383",0,0,32437,0.188809685186082,1,1,0
"5384",0,1,28509,0.538805966010795,0,0,0
"5385",0,1,350,0.510227782937839,1,0,1
"5386",1,1,251,0.295709356830014,0,0,0
"5387",0,1,0,-1.52409977806294,1,1,1
"5388",1,1,29789,0.400266011144916,1,1,1
"5389",0,1,1035,0.648797858205049,0,1,1
"5390",0,0,2675,0.599336628080891,0,1,1
"5391",0,0,5704,-1.52409977806294,0,0,0
"5392",0,1,432,0.400266011144916,1,1,1
"5393",1,1,23955,0.290341866347252,1,1,0
"5394",0,0,10297,0.0770432221933737,0,1,0
"5395",0,0,14704,0.630080694611304,0,1,0
"5396",1,1,26996,-1.52409977806294,0,0,1
"5397",1,1,599,-0.222594683552271,1,1,0
"5398",0,0,40519,1.20792269846392,1,0,1
"5399",0,0,6339,0.229868766680524,0,1,1
"5400",0,0,28070,0.538805966010795,1,1,1
"5401",0,0,0,-1.52409977806294,0,1,1
"5402",0,0,18828,0.956888536416364,1,1,1
"5403",0,0,36585,-1.52409977806294,0,1,0
"5404",1,1,804,-1.52409977806294,0,1,1
"5405",0,0,868,0.836862310742941,1,0,1
"5406",0,1,0,0.00217359987692607,0,1,1
"5407",1,1,41588,0.648797858205049,1,1,1
"5408",0,0,27646,0.854374263798043,1,1,0
"5409",0,0,4623,-1.52409977806294,1,1,0
"5410",0,0,30900,0.863462963602711,1,1,1
"5411",1,1,20256,0.400266011144916,0,0,0
"5412",0,1,1014,0.469671432664033,0,1,1
"5413",0,1,12403,0.254151860684496,1,1,0
"5414",0,0,0,0.373698868886707,1,0,0
"5415",0,0,31014,0.946884340069479,1,1,1
"5416",0,1,19890,-1.52409977806294,0,1,1
"5417",0,1,840,0.400266011144916,0,0,0
"5418",0,0,1929,-1.52409977806294,1,1,0
"5419",0,0,11242,0.887499882157324,1,1,1
"5420",1,1,1044,0.212382210845837,0,1,0
"5421",0,1,717,-1.52409977806294,1,1,1
"5422",1,1,2022,0.587243495939885,1,1,1
"5423",1,1,21483,0.229868766680524,1,0,0
"5424",0,0,24177,0.648797858205049,0,1,1
"5425",0,0,33360,-1.52409977806294,1,1,1
"5426",1,1,948,0.426521778018324,1,1,0
"5427",0,0,0,0.350831884717768,1,1,1
"5428",1,1,0,-0.0691260880135315,1,1,0
"5429",0,1,19551,-1.52409977806294,0,1,0
"5430",1,1,375,-1.52409977806294,0,1,0
"5431",0,1,5032,0.931374183713974,0,1,0
"5432",0,0,1311,-1.52409977806294,1,1,0
"5433",1,1,5588,0.151937287910338,1,1,0
"5434",1,1,42271,0.932075601820854,1,1,1
"5435",0,0,318,0.630080694611304,0,0,1
"5436",1,1,9264,0.573156022138552,1,0,1
"5437",1,1,18038,0.590738012186808,1,1,1
"5438",1,1,14400,1.00133785291652,1,1,1
"5439",0,1,0,-1.52409977806294,0,0,0
"5440",0,0,21303,0.914923572565032,0,0,1
"5441",1,1,29224,0.726847817268774,1,1,1
"5442",1,1,9167,0.0915205153527579,1,0,0
"5443",0,0,16387,0.787392039429005,0,1,1
"5444",0,0,10925,-1.52409977806294,1,1,0
"5445",1,1,18423,0.162993191115368,1,1,0
"5446",0,0,1584,0.836862310742941,1,1,0
"5447",0,0,18956,0.937685010834339,1,1,0
"5448",0,0,6789,-0.348804182527602,1,1,1
"5449",0,1,34602,0.726847817268774,1,1,0
"5450",0,0,78788,1.16357068087968,1,1,1
"5451",1,1,2079,0.097101892352633,1,0,0
"5452",0,1,20731,-1.52409977806294,1,1,0
"5453",1,0,873,-1.52409977806294,1,1,0
"5454",1,1,18390,-1.52409977806294,1,1,0
"5455",1,1,16029,-1.52409977806294,0,0,0
"5456",0,0,7596,-1.52409977806294,1,1,1
"5457",0,0,46111,-1.52409977806294,1,0,1
"5458",1,1,31308,0.303566645557572,1,1,0
"5459",0,1,17337,0.718443857247418,0,0,1
"5460",0,1,0,-1.52409977806294,1,1,0
"5461",1,1,3411,-1.52409977806294,1,1,0
"5462",1,1,0,-1.52409977806294,1,1,1
"5463",0,0,5852,0.18182512968752,0,1,1
"5464",0,0,46645,1.04667001220076,1,0,1
"5465",0,0,0,0.0247237191026457,0,0,0
"5466",0,1,3984,0.599336628080891,1,1,1
"5467",1,1,15623,-1.52409977806294,1,1,1
"5468",0,1,13871,0.648797858205049,0,1,0
"5469",1,1,27553,-1.52409977806294,1,1,0
"5470",1,1,2988,-1.52409977806294,1,1,1
"5471",0,0,47410,0.592635426104367,1,1,0
"5472",1,1,35409,1.08550263582028,0,1,1
"5473",1,1,6993,-1.52409977806294,1,1,1
"5474",1,1,33260,0.798033861226659,1,1,1
"5475",1,1,618,0.162993191115368,0,1,0
"5476",1,1,12698,0.0117981862188061,0,1,1
"5477",1,1,6155,-1.52409977806294,0,1,0
"5478",1,1,6279,1.00133785291652,0,1,0
"5479",1,1,22725,0.290341866347252,0,0,0
"5480",1,1,31484,-1.52409977806294,0,1,1
"5481",1,1,0,-1.52409977806294,0,1,0
"5482",0,0,1461,-1.52409977806294,1,1,0
"5483",1,1,11456,0.588262676782656,1,1,0
"5484",0,0,34793,-1.52409977806294,1,1,0
"5485",0,0,0,0.254151860684496,0,1,1
"5486",1,1,23598,-0.457061707266294,0,0,0
"5487",0,0,26492,-1.52409977806294,1,1,0
"5488",0,0,1947,0.623410979594097,0,0,1
"5489",0,0,59490,0.883873304034013,1,1,1
"5490",1,1,32457,0.787392039429005,1,1,0
"5491",0,1,6241,0.690619104557388,0,1,1
"5492",0,1,44554,0.964397235179709,0,0,1
"5493",0,1,957,-1.52409977806294,0,1,0
"5494",1,1,26442,0.639600607607771,1,1,1
"5495",1,1,1140,-1.52409977806294,1,0,0
"5496",1,1,24313,0.705695732448699,1,1,1
"5497",0,1,1443,-1.52409977806294,1,0,1
"5498",0,0,13251,0.341173039960224,1,1,0
"5499",0,1,32399,0.858581213504869,1,1,0
"5500",1,1,34604,-1.52409977806294,0,1,1
"5501",0,0,0,0.946884340069479,0,1,1
"5502",1,1,0,-1.52409977806294,1,0,0
"5503",1,1,22154,-1.52409977806294,1,0,0
"5504",0,0,18712,-1.52409977806294,0,1,0
"5505",1,1,40758,-1.52409977806294,0,0,0
"5506",0,1,10215,-1.52409977806294,1,1,1
"5507",0,1,321,-0.408470722489459,1,1,1
"5508",1,1,24996,-0.12090854261446,1,0,0
"5509",0,0,7056,0.714639333851126,0,0,1
"5510",1,1,25206,0.461861256506316,1,1,1
"5511",0,0,217,-1.52409977806294,1,1,0
"5512",0,0,5547,-1.52409977806294,1,1,1
"5513",0,1,372,0.798033861226659,1,1,1
"5514",0,0,17154,0.798033861226659,0,1,0
"5515",1,1,14004,-1.52409977806294,1,1,0
"5516",0,0,3484,0.800785371974572,0,1,0
"5517",1,1,0,1.00133785291652,0,1,1
"5518",0,0,11349,0.494884214188641,0,0,0
"5519",1,1,22078,0.599336628080891,1,0,1
"5520",1,1,24390,0.666306985702979,1,1,0
"5521",1,1,4443,-1.52409977806294,0,0,0
"5522",1,1,0,-1.52409977806294,1,1,0
"5523",0,1,2315,0.460778602579723,0,1,0
"5524",1,1,63423,1.01556257066155,1,1,1
"5525",1,1,8022,0.69177936665394,1,1,0
"5526",1,1,30249,0.212382210845837,1,1,0
"5527",0,0,0,-1.52409977806294,0,0,0
"5528",0,0,21984,0.975474577058332,0,1,0
"5529",1,1,3609,-1.52409977806294,1,1,0
"5530",0,1,23098,0.690619104557388,1,1,1
"5531",0,1,11521,0.690619104557388,0,1,1
"5532",0,0,1820,0.841347372185172,1,1,0
"5533",0,0,8265,-1.52409977806294,0,1,0
"5534",0,0,55181,0.781688853455214,1,1,0
"5535",0,0,23010,0.350831884717768,1,1,0
"5536",1,1,2037,-1.52409977806294,1,1,1
"5537",0,1,0,0.792445707600926,0,1,1
"5538",1,1,20067,0.886334089244092,0,1,0
"5539",1,1,10080,-1.52409977806294,1,0,0
"5540",1,1,41079,-1.52409977806294,1,1,1
"5541",0,0,147,0.104593544482208,0,1,1
"5542",0,0,26526,-1.52409977806294,1,1,1
"5543",0,0,7014,0.350560635428813,1,1,0
"5544",0,0,8826,1.08550263582028,1,0,0
"5545",0,0,6331,0.588262676782656,0,1,1
"5546",0,1,3324,-1.52409977806294,0,1,1
"5547",1,1,17743,-0.367272864233021,1,1,0
"5548",1,1,14745,0.648797858205049,0,0,0
"5549",1,1,540,0.787392039429005,1,1,1
"5550",0,0,28908,0.998510901406352,1,1,0
"5551",0,1,56076,0.588262676782656,1,1,1
"5552",0,1,21553,0.787392039429005,1,1,0
"5553",1,1,7958,0.885617087793979,0,1,0
"5554",1,1,42026,0.961555780146514,1,1,1
"5555",0,0,35824,0.905537170925734,1,1,0
"5556",1,1,18535,-0.277053678368629,0,0,1
"5557",1,1,0,-1.52409977806294,0,1,1
"5558",1,1,4161,-1.52409977806294,0,1,1
"5559",0,1,2288,0.787392039429005,1,1,1
"5560",0,1,16780,0.442067893844077,1,0,0
"5561",0,0,762,0.914923572565032,1,1,0
"5562",1,1,7411,0.740085500669882,1,1,1
"5563",0,0,800,0.254151860684496,0,0,0
"5564",1,1,11181,0.538805966010795,1,0,1
"5565",1,1,5394,0.460778602579723,1,0,1
"5566",0,0,34314,0.814237734319464,1,1,1
"5567",1,1,23306,1.02506241427857,1,0,1
"5568",0,0,21422,0.588262676782656,1,1,0
"5569",1,1,6048,-1.52409977806294,1,1,0
"5570",0,0,1299,-1.52409977806294,0,1,0
"5571",0,1,8069,0.914923572565032,1,1,1
"5572",1,1,0,0.306774542140354,1,1,1
"5573",0,1,10845,-1.52409977806294,0,1,0
"5574",0,0,21932,0.787392039429005,1,0,1
"5575",0,1,46,0.787392039429005,1,1,1
"5576",0,0,15167,-1.52409977806294,0,1,1
"5577",0,0,1437,-1.52409977806294,0,1,1
"5578",1,1,6545,0.917489240600393,1,1,0
"5579",1,1,3270,0.836862310742941,0,1,1
"5580",0,1,8350,0.162993191115368,1,1,1
"5581",1,1,23896,0.570272755804218,0,1,0
"5582",0,1,5232,0.020177802241223,0,0,0
"5583",0,1,0,0.878690015641386,1,1,0
"5584",0,0,13204,-1.52409977806294,0,1,0
"5585",1,1,34062,0.460778602579723,1,0,0
"5586",0,0,222,0.787392039429005,1,0,1
"5587",1,1,2324,0.39363259043445,1,1,1
"5588",1,1,0,0.648797858205049,1,1,1
"5589",0,1,30073,0.692165020962135,0,1,1
"5590",0,1,0,-1.52409977806294,1,1,0
"5591",0,0,9000,1.01807907948315,1,0,1
"5592",1,1,12479,0.918729591220682,1,0,0
"5593",0,0,9685,-1.52409977806294,1,1,1
"5594",1,1,22698,1.00133785291652,1,0,1
"5595",1,1,51,-0.0848629536107846,0,1,1
"5596",1,1,0,-1.52409977806294,1,1,0
"5597",0,0,13545,0.966200276487004,1,1,1
"5598",0,0,54050,-1.52409977806294,1,1,1
"5599",1,1,6291,0.733547364867927,0,1,1
"5600",1,1,6639,0.825267047376231,0,1,0
"5601",1,1,6144,0.102570790588686,1,1,1
"5602",1,1,131,0.212382210845837,0,0,0
"5603",0,1,0,0.701260032105623,0,1,1
"5604",0,1,83236,0.421971010103767,0,1,1
"5605",0,0,6423,0.836862310742941,0,1,1
"5606",1,1,15769,0.559681983316254,1,1,0
"5607",1,1,21318,0.946884340069479,1,0,1
"5608",0,0,6680,1.04178347779815,0,1,1
"5609",1,1,1029,-1.52409977806294,0,1,1
"5610",1,1,3720,-1.52409977806294,1,1,0
"5611",0,1,20521,0.301623547344844,1,1,0
"5612",1,1,0,-1.52409977806294,1,1,0
"5613",0,1,66,-1.52409977806294,1,0,1
"5614",0,0,41318,-1.52409977806294,1,1,0
"5615",1,1,58435,1.0667803051313,1,1,1
"5616",1,1,33133,0.808274083446812,1,0,1
"5617",1,1,53653,1.01340031708472,1,1,1
"5618",0,0,26039,0.460778602579723,1,0,1
"5619",1,1,1816,-1.52409977806294,1,1,0
"5620",0,1,600,-1.52409977806294,1,1,0
"5621",1,1,36376,-1.52409977806294,0,1,0
"5622",1,1,405,-1.52409977806294,0,1,0
"5623",1,1,789,0.339764708356472,1,1,0
"5624",0,0,1289,0.874785691488859,1,1,0
"5625",1,1,3942,0.599336628080891,1,1,0
"5626",0,0,0,-1.52409977806294,1,0,1
"5627",0,1,3577,-1.52409977806294,0,1,0
"5628",1,1,12057,0.538805966010795,1,1,1
"5629",0,1,54093,0.400266011144916,0,1,1
"5630",0,0,28140,0.27608262196965,1,1,1
"5631",1,1,0,0.562057632178739,1,0,1
"5632",0,1,22449,-0.271625799614365,0,1,0
"5633",1,1,49022,0.538805966010795,1,1,0
"5634",0,1,21153,0.460778602579723,0,0,0
"5635",1,1,5232,0.637723153623915,1,1,0
"5636",1,1,59188,-1.52409977806294,1,1,0
"5637",1,1,0,-1.52409977806294,0,1,1
"5638",0,0,825,0.0488627229006071,1,0,1
"5639",0,0,39171,-1.52409977806294,0,1,1
"5640",1,1,9249,-1.52409977806294,1,1,0
"5641",1,1,15991,0.901005132656153,0,0,0
"5642",0,0,25039,1.17681094814207,1,1,1
"5643",0,1,1722,-1.52409977806294,0,1,0
"5644",1,1,1335,-0.18889129074902,0,1,1
"5645",0,1,4346,-0.184958107541845,1,1,0
"5646",1,1,5002,-1.52409977806294,1,1,0
"5647",0,0,48099,0.648797858205049,1,0,1
"5648",0,0,33214,-1.52409977806294,1,0,0
"5649",0,1,1671,-1.52409977806294,0,0,1
"5650",0,0,21486,-1.52409977806294,0,1,0
"5651",1,1,73052,0.914923572565032,1,1,1
"5652",1,1,654,0.592857781619475,0,0,0
"5653",0,0,1014,-1.52409977806294,1,1,0
"5654",0,1,12175,0.726847817268774,1,0,1
"5655",1,1,44637,0.798033861226659,1,1,1
"5656",0,0,6447,1.08550263582028,1,0,1
"5657",0,0,36942,0.946884340069479,1,1,1
"5658",1,1,10854,0.914923572565032,1,1,0
"5659",1,1,49397,1.12264183621501,1,1,1
"5660",0,1,4383,0.442067893844077,1,1,0
"5661",1,1,1368,-0.457061707266294,0,0,0
"5662",1,1,54703,1.05081305718567,1,1,1
"5663",1,1,4401,0.538805966010795,0,1,1
"5664",1,1,651,0.471763041406775,1,1,0
"5665",1,1,30099,0.620214653903714,1,1,1
"5666",1,1,12690,0.712931162099861,1,0,0
"5667",0,0,15305,-1.52409977806294,1,1,1
"5668",0,0,38037,0.906518545745414,1,1,0
"5669",0,0,3601,-1.52409977806294,0,1,0
"5670",0,1,738,-1.52409977806294,0,0,0
"5671",0,1,8127,0.946884340069479,1,1,0
"5672",0,0,129,-1.52409977806294,0,0,0
"5673",0,1,25890,0.726847817268774,0,1,0
"5674",1,1,45975,0.758804816873193,1,0,1
"5675",0,1,28062,0.878690015641386,1,1,0
"5676",1,1,29569,0.782463606932887,1,1,0
"5677",1,1,6783,-1.52409977806294,1,1,0
"5678",1,1,7280,-1.52409977806294,1,1,0
"5679",1,1,864,0.521589396775445,1,1,1
"5680",1,1,31488,1.13497893643568,1,1,1
"5681",1,1,10122,0.776315827974546,1,1,0
"5682",1,1,10740,1.07536552834908,0,1,1
"5683",1,1,16713,0.599336628080891,0,1,1
"5684",0,0,35458,1.08550263582028,1,1,1
"5685",1,1,11507,-1.52409977806294,0,0,0
"5686",1,1,32767,-1.52409977806294,0,1,0
"5687",1,1,15297,0.639600607607771,1,1,1
"5688",1,1,17876,-1.52409977806294,1,1,1
"5689",0,0,14748,-1.52409977806294,1,1,1
"5690",0,0,14267,-1.52409977806294,1,1,1
"5691",0,1,56067,1.13497893643568,0,1,1
"5692",0,0,20007,-1.52409977806294,1,1,1
"5693",0,1,19291,0.620214653903714,1,1,0
"5694",1,1,23684,0.808274083446812,1,1,1
"5695",0,0,0,-1.52409977806294,1,0,0
"5696",0,0,2752,0.630080694611304,0,1,1
"5697",0,0,1190,0.931374183713974,0,1,0
"5698",1,1,27273,0.282783823946174,1,1,0
"5699",1,1,14349,1.00959834766506,0,1,1
"5700",1,1,29907,0.859123357916146,1,0,0
"5701",1,1,0,-1.52409977806294,0,0,0
"5702",1,1,28229,0.791164328595503,1,1,0
"5703",0,0,11885,0.376672979649578,0,1,0
"5704",1,1,31460,0.758804816873193,1,1,1
"5705",0,0,27626,0.975474577058332,1,0,1
"5706",0,0,8688,0.0379216952375295,0,1,0
"5707",1,1,23396,0.771180132201468,0,0,1
"5708",1,1,14790,0.240252010583628,0,0,0
"5709",0,0,51631,0.41349616404213,1,1,0
"5710",0,1,2745,-1.52409977806294,1,0,1
"5711",0,1,0,-1.52409977806294,0,1,1
"5712",0,1,6988,0.333479724727158,0,1,0
"5713",1,1,12689,0.135061193964177,1,1,0
"5714",1,1,0,-1.52409977806294,1,0,0
"5715",0,0,984,-1.52409977806294,1,1,1
"5716",0,0,9896,1.11946789335359,1,1,1
"5717",1,1,325,-1.52409977806294,0,1,0
"5718",1,1,2584,-1.52409977806294,1,0,0
"5719",1,1,71715,-0.828011276248967,1,1,1
"5720",0,0,1303,0.787392039429005,1,1,0
"5721",0,1,26016,0.721020205260183,0,1,0
"5722",0,0,40968,1.07251488000087,0,0,1
"5723",0,1,22425,-0.162485836395737,1,1,1
"5724",0,1,1782,-1.52409977806294,0,0,0
"5725",0,0,0,0.596829338708823,1,1,1
"5726",0,0,192,-1.52409977806294,0,0,0
"5727",0,0,29470,0.889406969501172,0,1,1
"5728",1,1,3847,-1.52409977806294,1,1,0
"5729",1,1,16620,0.963887963967068,1,1,1
"5730",0,0,46427,0.787392039429005,1,1,0
"5731",0,1,1623,-1.52409977806294,1,0,0
"5732",1,1,10299,-1.52409977806294,0,0,0
"5733",0,0,20561,0.538805966010795,1,1,1
"5734",0,0,26677,0.609976363530355,1,1,1
"5735",0,0,0,0.102570790588686,1,0,1
"5736",0,1,9714,-1.52409977806294,0,1,0
"5737",0,0,15257,0.697960479108025,1,1,0
"5738",0,1,10110,0.588262676782656,1,1,0
"5739",0,0,8640,-1.52409977806294,1,1,0
"5740",0,0,1841,0.460778602579723,0,0,0
"5741",1,1,28306,-1.52409977806294,0,1,0
"5742",0,1,42750,0.975474577058332,1,1,1
"5743",0,1,147,0.322268754740774,0,1,1
"5744",0,0,49158,0.872415847662264,1,1,0
"5745",0,0,6505,0.350831884717768,1,1,0
"5746",0,0,3678,-1.52409977806294,0,0,1
"5747",1,1,15039,-1.52409977806294,1,1,1
"5748",0,0,43955,1.10638735949455,1,1,1
"5749",1,1,114739,-1.52409977806294,0,1,0
"5750",0,0,30439,0.97219859050001,1,1,1
"5751",0,1,26502,0.787392039429005,1,1,1
"5752",0,0,35778,0.648797858205049,1,1,0
"5753",1,1,9298,-1.52409977806294,0,1,0
"5754",0,1,927,0.648797858205049,1,1,1
"5755",0,1,6942,-0.927806225623965,0,0,1
"5756",1,1,38106,0.949763464159811,1,1,0
"5757",0,0,12100,0.620214653903714,1,1,0
"5758",1,1,12450,0.648797858205049,1,1,1
"5759",0,0,15705,-1.52409977806294,0,0,1
"5760",1,1,26997,0.431199190538355,1,1,1
"5761",0,1,60537,0.825785722506067,1,1,1
"5762",0,0,36832,0.648797858205049,1,1,0
"5763",0,0,13337,-1.52409977806294,1,1,1
"5764",1,1,45554,0.674655379794383,0,1,1
"5765",0,0,7458,0.758804816873193,1,1,1
"5766",0,1,14388,0.703339051014223,0,1,0
"5767",1,1,10678,-1.52409977806294,1,1,0
"5768",1,1,53947,0.260276462302999,1,1,0
"5769",1,1,11796,0.648797858205049,1,1,0
"5770",0,0,12304,-1.52409977806294,1,1,0
"5771",0,0,2538,0.290341866347252,1,1,1
"5772",1,1,5238,0.609140367825733,1,1,0
"5773",0,1,924,1.21304773526138,1,1,1
"5774",0,1,31782,0.460778602579723,1,1,0
"5775",1,1,24153,0.945766471417665,1,1,1
"5776",0,1,0,0.78052256030418,1,1,0
"5777",0,1,12,0.936371855573825,0,1,1
"5778",1,1,29575,0.102570790588686,1,1,0
"5779",0,0,32024,-0.277053678368629,1,1,0
"5780",0,0,32971,-1.52409977806294,1,1,0
"5781",0,1,0,-1.52409977806294,1,1,0
"5782",0,1,429,-1.52409977806294,0,1,1
"5783",1,1,4450,0.426726828946861,0,1,0
"5784",0,1,30298,0.709337559657437,0,1,0
"5785",1,1,20082,0.949435109744669,1,1,1
"5786",0,1,8151,0.162993191115368,1,0,1
"5787",1,1,12452,-1.52409977806294,1,0,1
"5788",0,0,45987,-1.52409977806294,1,1,0
"5789",1,1,21884,0.858581213504869,1,1,1
"5790",0,1,54809,0.785868318372237,1,1,1
"5791",0,0,16106,0.747477516087646,1,1,0
"5792",0,0,10012,0.719700271023972,0,1,0
"5793",1,1,8757,0.914923572565032,0,1,1
"5794",1,1,27198,0.478959274541784,1,1,0
"5795",1,1,6641,0.254151860684496,1,0,0
"5796",1,1,40199,0.914923572565032,1,0,1
"5797",1,1,48,1.08550263582028,1,0,0
"5798",1,1,12684,0.538805966010795,1,1,0
"5799",0,1,2625,0.787392039429005,1,1,1
"5800",0,1,7096,-1.52409977806294,1,0,1
"5801",1,1,5840,0.421971010103767,1,1,0
"5802",1,1,2994,0.676212947256449,1,1,1
"5803",1,1,9424,-0.277053678368629,0,0,0
"5804",0,0,1940,-0.145083408307552,1,1,0
"5805",1,1,22890,0.648797858205049,0,1,1
"5806",1,1,0,-1.52409977806294,1,1,0
"5807",0,1,5447,1.16357068087968,1,0,1
"5808",0,0,420,0.322268754740774,1,0,1
"5809",1,1,3547,-1.52409977806294,0,0,0
"5810",0,0,11541,-1.52409977806294,1,1,0
"5811",0,1,0,-0.305951686091727,1,0,1
"5812",0,0,21792,1.01340031708472,1,1,1
"5813",1,1,11816,-1.52409977806294,1,1,0
"5814",0,1,0,-1.52409977806294,1,0,1
"5815",1,1,0,-1.52409977806294,1,1,0
"5816",0,1,12216,0.400266011144916,1,1,0
"5817",0,0,14454,0.478282081698801,1,1,1
"5818",1,1,44575,0.290341866347252,0,1,1
"5819",1,1,12798,0.460778602579723,1,1,0
"5820",0,0,8826,0.561309671509577,1,0,0
"5821",1,1,39909,0.71577217093987,1,1,1
"5822",0,1,4908,-1.52409977806294,1,1,0
"5823",1,1,18267,0.510227782937839,1,1,0
"5824",1,1,11164,-1.52409977806294,1,1,0
"5825",1,1,14589,-1.52409977806294,1,1,0
"5826",1,1,9793,0.769794039087389,1,1,0
"5827",1,1,2355,0.836862310742941,0,1,0
"5828",0,0,9992,0.726847817268774,0,1,1
"5829",1,1,20272,0.726847817268774,1,1,1
"5830",1,1,2676,-0.145083408307552,0,0,0
"5831",0,0,9241,-1.52409977806294,1,0,0
"5832",1,1,6876,0.931374183713974,0,1,1
"5833",0,1,14640,0.200851806665756,0,0,1
"5834",0,0,16679,0.786467943764533,1,1,0
"5835",0,0,38732,0.770603453508045,1,1,1
"5836",0,0,9004,0.538805966010795,1,1,0
"5837",0,0,29574,0.632684158193608,0,0,0
"5838",1,1,73248,0.674655379794383,0,1,1
"5839",0,0,46915,1.04246273638602,1,1,1
"5840",0,1,699,0.538805966010795,1,1,1
"5841",0,0,2916,-1.52409977806294,0,1,1
"5842",1,1,63463,-1.52409977806294,1,0,1
"5843",1,1,46610,1.10735718946558,1,1,1
"5844",1,1,0,0.361465366028798,1,1,1
"5845",0,0,17958,1.0667803051313,1,1,1
"5846",0,0,17511,0.914923572565032,0,1,0
"5847",0,0,12444,0.0247237191026457,1,0,0
"5848",1,1,41304,0.787392039429005,1,0,0
"5849",0,0,11394,0.588262676782656,0,0,1
"5850",1,1,8530,-1.52409977806294,0,1,0
"5851",0,1,26500,0.212382210845837,0,0,1
"5852",0,1,0,0.531938572982851,0,0,0
"5853",0,1,13866,0.949882767333952,1,1,1
"5854",1,1,2271,0.460778602579723,1,1,0
"5855",1,1,33918,0.885049692874757,1,1,0
"5856",1,1,7878,-0.755208483485783,1,1,0
"5857",0,0,84,-1.52409977806294,1,1,0
"5858",1,1,6145,0.102570790588686,1,0,0
"5859",0,1,11469,-1.52409977806294,1,1,0
"5860",0,0,0,-1.52409977806294,0,1,0
"5861",1,1,51,-1.52409977806294,1,1,0
"5862",1,0,14525,0.690619104557388,0,1,1
"5863",0,1,0,0.564659378976687,0,1,1
"5864",0,0,13143,-1.52409977806294,1,1,1
"5865",0,0,47013,0.878690015641386,0,1,1
"5866",0,0,3229,0.896686491340908,1,1,0
"5867",1,1,2851,0.946884340069479,1,0,1
"5868",0,0,8268,0.364059887616163,0,0,1
"5869",1,1,21413,0.943730429428514,1,1,0
"5870",0,1,0,0.895850845390715,1,1,1
"5871",1,1,3843,0.44970766338848,0,1,1
"5872",1,1,7083,0.68592780552556,1,1,0
"5873",0,0,0,-1.52409977806294,0,0,1
"5874",0,1,0,0.630080694611304,1,0,1
"5875",0,0,16674,-1.52409977806294,1,1,0
"5876",1,1,9478,-1.52409977806294,1,0,0
"5877",1,1,26384,0.648797858205049,1,0,0
"5878",0,1,0,0.254151860684496,1,0,1
"5879",0,0,16017,0.804682878818634,1,1,1
"5880",0,0,3054,-1.52409977806294,0,0,0
"5881",0,0,6780,0.510227782937839,1,1,1
"5882",0,0,15381,0.212382210845837,1,1,0
"5883",1,1,0,-1.52409977806294,0,1,1
"5884",1,1,23065,-0.113306227831029,0,1,0
"5885",1,1,352,0.679543861854286,1,1,0
"5886",0,0,0,0.581394704410464,1,0,0
"5887",0,0,34827,0.892408594443551,1,1,1
"5888",0,1,22406,0.726847817268774,1,1,1
"5889",0,1,162,-1.52409977806294,0,1,1
"5890",0,0,71821,1.26440320517742,0,1,1
"5891",0,0,4381,0.726847817268774,1,0,1
"5892",0,1,0,-1.52409977806294,1,1,0
"5893",0,0,714,-0.162485836395737,1,1,1
"5894",0,1,0,-1.52409977806294,0,0,1
"5895",0,1,8036,-0.116321646531969,0,1,0
"5896",0,0,8836,0.212382210845837,0,0,1
"5897",0,1,144,0.877135019890071,1,1,1
"5898",0,0,0,-1.52409977806294,0,1,1
"5899",0,0,3035,-1.52409977806294,0,0,0
"5900",0,0,8876,0.701260032105623,1,0,1
"5901",1,1,6305,0.400266011144916,1,1,1
"5902",0,1,27261,1.04667001220076,0,1,1
"5903",1,1,16725,0.822944465798256,1,0,0
"5904",0,0,0,-1.52409977806294,1,1,0
"5905",0,1,522,-1.52409977806294,1,1,0
"5906",1,1,41779,0.648797858205049,1,1,1
"5907",1,1,17301,0.793986011538004,0,0,0
"5908",0,0,10427,-0.181081114591303,1,1,0
"5909",0,1,11383,0.745395026761169,0,1,0
"5910",0,1,31037,0.726847817268774,1,0,1
"5911",1,1,12919,-1.52409977806294,0,1,1
"5912",0,0,1462,0.350831884717768,0,1,1
"5913",0,1,25378,0.690619104557388,1,1,1
"5914",1,1,33220,-0.277053678368629,1,1,1
"5915",0,1,723,0.764295967475008,0,1,0
"5916",1,1,9318,-1.52409977806294,1,1,0
"5917",0,0,1020,-1.52409977806294,0,1,1
"5918",1,1,29749,-1.52409977806294,1,1,0
"5919",0,0,216,0.350831884717768,1,1,1
"5920",1,1,0,-1.52409977806294,1,1,0
"5921",0,1,34464,0.822944465798256,1,1,0
"5922",1,1,23484,0.988714198260819,1,1,1
"5923",1,1,0,-1.52409977806294,0,0,0
"5924",1,1,4014,-1.52409977806294,0,1,0
"5925",1,1,18613,0.914923572565032,1,1,1
"5926",0,0,47209,0.478282081698801,1,1,1
"5927",1,1,47223,-1.52409977806294,1,0,0
"5928",0,1,20856,0.0210930978508607,1,1,1
"5929",1,1,24404,0.350831884717768,1,1,0
"5930",0,0,30978,0.648797858205049,1,1,1
"5931",0,0,2392,0.290341866347252,0,1,1
"5932",1,1,10818,-0.145083408307552,1,1,0
"5933",1,1,3603,-1.52409977806294,0,0,0
"5934",1,1,157,-1.52409977806294,1,0,0
"5935",1,1,10744,0.356466375504095,1,0,0
"5936",0,1,32984,0.151937287910338,1,0,1
"5937",1,1,0,0.648797858205049,1,1,1
"5938",1,1,13534,0.538805966010795,1,1,1
"5939",1,1,21509,0.937685010834339,1,1,1
"5940",0,0,2526,0.648797858205049,1,1,0
"5941",0,0,30678,0.110572890441047,1,1,0
"5942",0,1,44177,0.819784337852813,0,1,1
"5943",1,1,1881,0.627256279439345,0,0,0
"5944",1,1,0,-1.52409977806294,1,1,0
"5945",1,1,21842,-0.0245753344106287,1,0,0
"5946",1,1,10731,0.836862310742941,1,0,1
"5947",1,1,30942,0.622814529044102,0,1,1
"5948",0,0,0,0.679543861854286,1,1,0
"5949",1,1,49046,0.674573154406386,1,1,1
"5950",0,0,12753,0.162993191115368,1,0,0
"5951",1,1,19007,0.549314216441432,1,1,1
"5952",0,1,45474,0.254151860684496,1,1,1
"5953",1,1,16288,0.711499426302163,1,1,0
"5954",0,1,0,-1.52409977806294,1,1,0
"5955",1,1,28873,0.946884340069479,1,1,1
"5956",0,0,4046,0.151937287910338,0,1,1
"5957",0,1,9000,-0.271625799614365,0,0,1
"5958",1,1,26813,0.897411054289019,0,1,0
"5959",1,1,4929,-1.52409977806294,0,0,0
"5960",1,1,0,0.879348200306273,1,1,0
"5961",1,1,1517,-1.52409977806294,0,0,0
"5962",1,1,12928,-1.52409977806294,1,1,1
"5963",1,1,51801,0.836862310742941,1,1,1
"5964",0,1,27169,0.0136828110913769,0,1,1
"5965",0,0,29057,0.836862310742941,1,0,1
"5966",1,1,1239,0.599336628080891,0,0,1
"5967",0,0,2094,-1.52409977806294,0,1,0
"5968",1,1,11897,0.477773075814654,1,1,1
"5969",1,1,39507,0.975474577058332,1,1,1
"5970",0,1,9614,0.760966779197915,1,1,0
"5971",1,1,34188,0.531660229480495,1,0,0
"5972",0,1,972,-1.52409977806294,1,0,0
"5973",0,0,0,-0.0245753344106287,1,1,1
"5974",0,0,7390,0.878690015641386,0,1,1
"5975",0,0,2815,0.538805966010795,0,0,1
"5976",1,1,40566,0.836862310742941,0,1,1
"5977",0,0,42169,-1.52409977806294,1,1,1
"5978",1,1,7260,-0.181081114591303,1,1,1
"5979",0,1,23790,0.792765109235685,1,1,0
"5980",0,0,7277,-1.52409977806294,1,1,1
"5981",1,1,22917,-1.52409977806294,0,0,0
"5982",1,1,42942,0.836862310742941,1,1,1
"5983",0,0,6309,0.811272289868842,1,1,0
"5984",1,1,11511,0.988636656027516,1,0,0
"5985",1,1,18264,0.576717554763112,1,1,0
"5986",0,0,6167,0.787392039429005,1,1,1
"5987",0,1,21250,-1.52409977806294,1,1,1
"5988",0,1,38661,-1.52409977806294,1,0,0
"5989",1,1,25186,0.421971010103767,1,1,1
"5990",1,1,5830,-0.771661089869796,1,1,0
"5991",0,1,0,0.726847817268774,0,1,1
"5992",0,0,14989,0.588262676782656,1,1,1
"5993",0,0,5979,0.350831884717768,0,0,1
"5994",0,0,0,-1.52409977806294,1,0,0
"5995",0,1,45294,0.975474577058332,1,1,0
"5996",0,1,0,-1.52409977806294,0,1,0
"5997",0,0,15006,0.836862310742941,0,0,0
"5998",0,0,18446,0.726847817268774,1,0,1
"5999",1,1,2265,-1.52409977806294,1,1,1
"6000",1,1,19257,0.329696281591171,0,0,0
"6001",0,1,31967,1.08550263582028,1,1,1
"6002",1,1,38633,0.389196953688476,1,1,0
"6003",1,1,20574,-1.52409977806294,0,0,0
"6004",0,0,23561,0.878690015641386,0,0,1
"6005",1,1,8546,0.0601720630712559,0,1,1
"6006",1,1,15364,0.564659378976687,1,1,0
"6007",0,0,10095,1.08550263582028,1,1,1
"6008",0,0,15795,-1.52409977806294,1,1,1
"6009",1,1,15792,0.874785691488859,0,1,1
"6010",1,1,252,-1.52409977806294,0,0,0
"6011",0,0,12453,0.373449548803938,1,1,1
"6012",0,1,30779,0.726847817268774,1,0,1
"6013",1,1,15483,0.648797858205049,0,0,1
"6014",1,1,0,0.349745257075809,0,1,0
"6015",1,1,9360,0.958106291175693,0,1,0
"6016",0,1,35412,-1.52409977806294,1,1,0
"6017",0,0,135,-0.113306227831029,0,1,1
"6018",1,1,48,-1.52409977806294,1,1,1
"6019",1,1,15034,-1.52409977806294,1,1,1
"6020",0,1,9487,-0.282592337771846,1,1,1
"6021",0,0,12255,0.677924132241607,0,0,0
"6022",0,0,16904,0.836862310742941,0,0,1
"6023",0,1,2883,-1.52409977806294,0,0,0
"6024",0,0,2670,0.792977835008684,0,1,0
"6025",1,1,3144,-1.52409977806294,1,1,0
"6026",0,1,0,-1.52409977806294,1,0,0
"6027",1,1,15894,1.06287570010265,1,1,1
"6028",1,1,0,-1.52409977806294,1,1,0
"6029",0,0,18459,0.810027060139815,1,1,1
"6030",0,1,31813,0.991286342347031,0,1,0
"6031",0,0,7329,0.648797858205049,1,0,1
"6032",0,1,70001,0.975474577058332,1,1,1
"6033",0,0,1973,0.099850117266054,0,0,1
"6034",1,1,86863,0.0553827936442534,1,0,1
"6035",1,1,23850,-0.0356087600703391,0,0,1
"6036",0,1,108,-1.52409977806294,0,0,1
"6037",1,1,20843,0.666306985702979,1,1,0
"6038",0,0,7092,0.740085500669882,1,1,1
"6039",0,1,237,-1.52409977806294,0,1,0
"6040",0,1,7617,0.63095129383202,1,1,1
"6041",0,0,15586,-1.52409977806294,1,0,0
"6042",1,1,0,0.350831884717768,1,0,1
"6043",0,0,5366,0.552040421003432,1,1,0
"6044",0,0,30327,0.592746626634916,1,1,0
"6045",0,0,0,0.542175575863287,0,0,0
"6046",0,0,332,-1.52409977806294,0,1,0
"6047",0,0,34862,1.0667803051313,0,0,1
"6048",1,1,22185,0.522886856893012,1,1,1
"6049",1,1,8784,-1.52409977806294,1,1,1
"6050",1,1,41889,0.642947637383099,1,0,0
"6051",1,1,6603,-1.52409977806294,0,0,0
"6052",0,0,11217,0.576717554763112,0,0,0
"6053",1,1,0,-1.52409977806294,0,0,1
"6054",0,1,0,0.510227782937839,1,1,1
"6055",0,0,7560,0.573752866212428,1,1,0
"6056",0,0,5092,0.787392039429005,1,1,1
"6057",0,1,33957,0.957729950661695,1,0,0
"6058",1,1,6735,-1.52409977806294,0,1,0
"6059",1,1,0,-1.52409977806294,1,1,1
"6060",1,1,18137,0.620214653903714,1,0,0
"6061",1,1,1054,0.698262101690902,0,0,0
"6062",0,0,29322,0.878690015641386,1,1,1
"6063",1,1,55677,0.460778602579723,0,1,1
"6064",1,1,15173,-1.52409977806294,1,0,0
"6065",0,0,2583,0.538805966010795,0,1,1
"6066",1,1,11304,0.98819683104473,1,1,1
"6067",0,1,1785,0.400266011144916,1,1,1
"6068",1,1,0,0.648797858205049,0,0,1
"6069",1,1,38233,0.972747341856746,1,0,1
"6070",1,1,26970,0.827663501255355,1,1,0
"6071",0,0,35117,-1.52409977806294,0,1,0
"6072",0,0,0,-1.52409977806294,0,1,0
"6073",0,1,3601,0.350831884717768,1,1,0
"6074",1,1,30828,-1.52409977806294,0,1,0
"6075",1,1,8109,-1.52409977806294,1,1,1
"6076",1,1,13389,-1.52409977806294,1,0,0
"6077",1,1,46020,-0.0848629536107846,1,0,1
"6078",1,1,14060,-1.52409977806294,1,1,0
"6079",0,0,0,0.787392039429005,0,1,1
"6080",1,1,5475,0.800837020065128,1,1,0
"6081",1,1,27340,-1.52409977806294,0,1,0
"6082",1,1,34691,0.975474577058332,1,0,1
"6083",0,1,0,0.478282081698801,1,1,1
"6084",1,1,22743,0.588262676782656,1,0,0
"6085",0,0,243,-1.52409977806294,0,0,0
"6086",0,1,7359,0.886334089244092,1,1,0
"6087",1,1,1047,-0.996009164351543,0,0,0
"6088",0,1,5862,0.902465056209885,0,1,0
"6089",1,1,6711,-1.52409977806294,1,0,0
"6090",1,1,24349,0.657343316440245,0,1,1
"6091",0,0,11616,-1.52409977806294,1,1,0
"6092",0,0,2245,0.41306539428342,1,1,0
"6093",0,0,8219,-1.52409977806294,1,1,0
"6094",0,1,12477,1.00133785291652,0,1,1
"6095",0,1,0,-0.0848629536107846,1,0,1
"6096",1,1,36958,-1.52409977806294,1,1,1
"6097",1,1,14006,-1.52409977806294,1,1,0
"6098",1,1,16256,0.808274083446812,0,1,0
"6099",0,0,11646,0.491353432510058,1,1,1
"6100",0,1,4334,-1.52409977806294,1,0,1
"6101",1,1,43580,-0.467918550640144,1,1,0
"6102",1,1,29873,0.726847817268774,1,0,1
"6103",0,0,13674,0.442067893844077,0,1,1
"6104",1,1,0,-1.52409977806294,0,0,0
"6105",0,0,39163,0.787392039429005,1,1,1
"6106",1,1,2290,0.322268754740774,0,1,1
"6107",0,0,15404,0.946884340069479,0,1,1
"6108",0,1,28227,0.960123817711663,1,1,1
"6109",0,0,0,0.943852413874216,1,1,0
"6110",0,0,39816,0.764768249327518,1,1,0
"6111",1,1,25252,0.350831884717768,0,1,1
"6112",0,0,24262,0.244296569661582,0,1,1
"6113",1,1,0,0.758804816873193,0,1,0
"6114",0,1,12016,1.08550263582028,1,1,1
"6115",0,1,2529,0.350831884717768,0,1,0
"6116",1,1,30497,0.162993191115368,0,1,0
"6117",1,1,14433,0.740085500669882,1,1,0
"6118",0,1,5688,0.648797858205049,1,0,0
"6119",1,1,1824,-1.52409977806294,1,0,0
"6120",0,1,8663,0.758804816873193,1,1,0
"6121",0,0,13662,-1.52409977806294,1,1,1
"6122",0,1,0,-1.52409977806294,0,1,0
"6123",1,1,32886,0.975474577058332,1,0,1
"6124",0,1,4386,0.662636682767341,1,0,0
"6125",1,1,21137,0.366629839501342,1,0,1
"6126",1,1,0,-1.52409977806294,1,1,0
"6127",1,1,16281,0.634882392608463,1,1,0
"6128",0,0,61821,0.836862310742941,1,1,1
"6129",1,1,11474,0.246296467370855,1,1,0
"6130",1,1,26814,0.721366492012549,1,1,0
"6131",1,1,17833,0.538805966010795,1,1,1
"6132",0,1,21857,0.283479683022315,1,1,0
"6133",0,0,21989,0.322268754740774,1,1,0
"6134",1,1,25744,0.538805966010795,1,1,0
"6135",0,1,5565,0.740085500669882,1,0,1
"6136",1,1,11970,0.510227782937839,1,1,1
"6137",0,1,0,0.140411781340167,1,1,1
"6138",0,0,29949,0.57458624885332,1,1,0
"6139",0,0,53552,0.813252848858161,0,0,1
"6140",0,0,11793,0.478282081698801,0,0,1
"6141",0,0,2475,0.879464185018207,0,1,1
"6142",0,1,25879,0.726847817268774,1,1,0
"6143",1,1,15104,-1.52409977806294,1,1,0
"6144",0,1,38236,0.836862310742941,1,1,1
"6145",0,0,29308,1.10301628464762,1,1,1
"6146",1,1,2115,-1.52409977806294,1,1,0
"6147",0,0,22742,0.878690015641386,1,1,1
"6148",0,0,36061,0.648797858205049,1,1,0
"6149",0,1,0,0.666306985702979,1,1,0
"6150",1,1,42760,-1.52409977806294,1,0,1
"6151",1,1,8493,-1.52409977806294,0,1,0
"6152",0,1,7943,0.599336628080891,1,1,0
"6153",1,1,1635,0.290341866347252,1,1,1
"6154",1,1,6834,0.907391784451766,1,1,0
"6155",0,1,19926,0.928162870761217,1,1,1
"6156",1,1,32632,1.0667803051313,1,1,1
"6157",1,1,4180,1.00133785291652,1,1,0
"6158",1,1,10728,0.733547364867927,0,0,1
"6159",0,0,6144,-0.162485836395737,0,1,0
"6160",1,1,21288,0.878690015641386,0,1,1
"6161",1,1,33873,0.614733994897231,1,1,0
"6162",0,0,22361,-1.52409977806294,0,0,0
"6163",1,1,57925,0.648797858205049,0,0,1
"6164",0,1,4583,0.162993191115368,0,0,1
"6165",1,1,17157,0.932011911397889,1,0,0
"6166",0,0,15375,0.478282081698801,1,1,1
"6167",1,1,30865,0.928162870761217,0,1,1
"6168",1,1,12309,0.690619104557388,1,1,0
"6169",0,0,42397,1.08368746691692,1,1,1
"6170",0,0,45869,0.892298013162154,1,1,1
"6171",1,1,0,0.328815637580955,1,1,1
"6172",0,1,476,-1.52409977806294,1,0,0
"6173",0,1,20969,0.793084135398217,1,1,0
"6174",1,1,3564,-1.52409977806294,0,0,0
"6175",0,0,17046,0.975474577058332,0,0,1
"6176",1,1,13674,0.538805966010795,1,1,0
"6177",0,1,1500,-1.52409977806294,0,1,1
"6178",0,1,3183,-1.52409977806294,1,1,0
"6179",0,0,29809,-1.52409977806294,1,1,0
"6180",0,1,26985,0.400266011144916,1,1,1
"6181",0,0,8367,-0.334883957420831,0,1,0
"6182",0,1,471,0.776315827974546,0,1,0
"6183",0,0,7680,-1.52409977806294,0,0,0
"6184",0,0,1311,0.102570790588686,0,1,1
"6185",0,0,16158,0.648797858205049,1,0,1
"6186",0,1,6768,-1.52409977806294,1,1,0
"6187",1,1,25654,0.730218264104988,0,1,1
"6188",1,1,7772,0.290341866347252,0,1,0
"6189",0,0,1008,0.460778602579723,1,1,1
"6190",0,0,1838,0.00606448933476776,0,1,1
"6191",1,1,43110,0.923405040677594,0,0,1
"6192",1,1,0,-1.52409977806294,1,0,0
"6193",0,1,11991,0.212382210845837,0,1,1
"6194",1,1,41627,-0.315257222560467,0,1,1
"6195",0,1,2982,1.04667001220076,1,1,1
"6196",1,1,48281,0.837765272451047,1,1,1
"6197",0,0,15930,-1.52409977806294,0,0,1
"6198",1,1,27652,0.858037983885793,0,0,0
"6199",0,1,22400,0.608301788893509,1,1,0
"6200",1,1,0,0.599336628080891,0,1,0
"6201",0,1,1154,-1.52409977806294,1,1,0
"6202",0,1,0,-0.271625799614365,0,0,1
"6203",0,0,13026,0.635167810574481,1,1,1
"6204",0,0,5727,0.290341866347252,1,1,0
"6205",0,1,0,-1.52409977806294,0,0,0
"6206",1,1,12363,-0.133533371987194,1,1,0
"6207",0,0,2133,-1.52409977806294,1,1,0
"6208",1,1,10688,-1.52409977806294,1,1,0
"6209",1,1,27617,0.811272289868842,0,1,1
"6210",0,0,13750,0.997136418150995,1,1,0
"6211",0,0,0,0.102570790588686,1,0,1
"6212",1,1,16460,0.951310329504459,1,1,0
"6213",1,1,41994,0.540967330474453,1,0,0
"6214",1,1,1647,0.599336628080891,1,1,1
"6215",0,1,28215,1.18943519012895,1,1,1
"6216",0,0,23957,0.931374183713974,1,1,1
"6217",0,0,22178,0.903846513314084,1,1,0
"6218",1,1,57016,1.0667803051313,0,0,1
"6219",1,1,26992,0.988714198260819,1,0,1
"6220",0,0,22968,0.350831884717768,1,1,1
"6221",0,0,14841,0.510227782937839,1,1,1
"6222",1,1,4417,0.538805966010795,0,1,1
"6223",0,0,24695,0.538805966010795,0,0,1
"6224",1,1,75052,0.886484795837445,1,1,1
"6225",0,1,26236,0.290341866347252,1,1,0
"6226",1,1,0,-1.52409977806294,1,1,1
"6227",0,1,1785,-1.52409977806294,0,0,1
"6228",1,1,345,0.442067893844077,0,1,1
"6229",0,1,37797,0.666306985702979,1,0,1
"6230",0,0,19257,0.648797858205049,0,1,1
"6231",0,0,15289,0.712716882664324,0,1,0
"6232",1,1,19839,-1.52409977806294,0,0,0
"6233",1,1,5128,0.538805966010795,1,1,1
"6234",0,1,0,-1.52409977806294,1,1,0
"6235",1,1,14050,-1.52409977806294,1,1,1
"6236",0,1,15164,1.0249493702102,1,1,1
"6237",1,1,19403,-0.263682260104107,1,1,0
"6238",0,0,15069,0.212382210845837,0,1,0
"6239",0,1,26932,0.517659377945369,1,0,0
"6240",0,0,37488,0.787392039429005,1,1,0
"6241",0,0,5425,-1.52409977806294,1,1,0
"6242",1,1,8854,0.162993191115368,1,0,1
"6243",1,1,4745,-1.52409977806294,0,0,0
"6244",1,1,11671,0.510227782937839,1,1,0
"6245",1,1,36183,0.726847817268774,0,1,0
"6246",0,0,0,0.487939741071845,1,1,1
"6247",0,0,1463,0.625192506064033,1,1,1
"6248",0,1,27085,1.07442491708232,0,0,1
"6249",0,0,6210,0.510227782937839,1,1,1
"6250",0,1,0,-1.52409977806294,0,0,1
"6251",0,0,0,-1.52409977806294,1,1,0
"6252",0,0,0,0.102570790588686,0,1,1
"6253",1,1,0,-1.52409977806294,0,0,1
"6254",0,0,0,-1.52409977806294,0,1,0
"6255",0,0,1123,-0.338297648859044,0,1,1
"6256",0,1,53802,0.244296569661582,0,0,1
"6257",1,1,14000,0.914923572565032,1,0,0
"6258",0,1,1248,0.698262101690902,1,1,1
"6259",1,1,16883,1.0249493702102,0,1,1
"6260",0,1,1203,0.00412601758574301,0,1,0
"6261",0,0,36039,0.538805966010795,1,1,1
"6262",1,1,1053,-0.84973365774688,0,0,1
"6263",0,1,14952,-1.52409977806294,1,1,1
"6264",1,1,41727,0.214182448896694,1,1,1
"6265",1,1,17865,-1.52409977806294,0,0,1
"6266",0,1,617,0.538805966010795,1,1,1
"6267",0,1,4434,0.787392039429005,1,1,1
"6268",1,1,18525,-0.345256617096207,1,1,0
"6269",1,1,10425,-1.52409977806294,1,1,0
"6270",0,0,3885,0.690619104557388,1,1,1
"6271",0,1,4773,-1.52409977806294,1,1,1
"6272",1,1,13815,0.609976363530355,1,1,1
"6273",0,0,0,0.478282081698801,1,0,0
"6274",1,1,32967,0.946884340069479,1,1,1
"6275",0,0,35854,0.758804816873193,1,1,0
"6276",0,1,26468,0.538805966010795,0,1,1
"6277",0,0,11417,0.0247237191026457,1,1,1
"6278",1,1,5397,0.400266011144916,1,1,1
"6279",0,0,37335,1.14965116990703,0,1,1
"6280",0,0,773,0.740085500669882,0,1,0
"6281",1,1,30324,0.212382210845837,1,1,1
"6282",0,1,9459,0.787392039429005,1,1,1
"6283",1,1,42786,0.908053571717931,1,1,0
"6284",1,1,52713,-1.52409977806294,0,1,1
"6285",0,0,9512,0.799802186052394,1,0,1
"6286",1,1,0,0.805343987284445,1,1,1
"6287",0,0,5062,0.787392039429005,1,1,0
"6288",1,1,753,-1.52409977806294,1,1,1
"6289",0,0,3129,0.733811937046822,0,1,1
"6290",1,1,30198,0.687657379051236,1,1,0
"6291",0,1,23079,0.62588217578973,0,1,1
"6292",1,1,4853,-1.52409977806294,0,0,0
"6293",1,1,9600,-1.52409977806294,1,1,0
"6294",1,1,369,0.134460119762742,1,1,0
"6295",1,1,0,-1.52409977806294,0,1,0
"6296",1,1,37797,-1.52409977806294,0,0,0
"6297",1,1,28863,0.726847817268774,1,1,1
"6298",1,1,12031,0.745204914745683,1,1,0
"6299",0,0,0,-1.52409977806294,0,0,1
"6300",1,1,18946,0.798033861226659,1,1,0
"6301",0,0,37687,-0.0848629536107846,1,1,0
"6302",1,1,35110,0.946854187867791,1,1,1
"6303",0,0,6734,0.538805966010795,1,1,0
"6304",0,0,10134,-1.52409977806294,0,1,0
"6305",1,1,11505,0.212382210845837,0,1,0
"6306",0,1,7105,0.975474577058332,1,1,0
"6307",1,1,19555,0.217747490521263,1,1,1
"6308",1,1,15177,-1.52409977806294,0,1,0
"6309",0,0,0,-1.52409977806294,1,1,1
"6310",1,1,1944,-1.52409977806294,1,1,0
"6311",1,1,43299,-0.0245753344106287,1,0,1
"6312",1,1,0,-1.52409977806294,0,1,0
"6313",1,1,109503,-1.52409977806294,1,1,1
"6314",0,1,0,0.306774542140354,0,0,0
"6315",0,0,7030,0.712931162099861,1,1,1
"6316",0,0,22453,0.946884340069479,1,0,1
"6317",0,0,43078,0.700139685567449,1,0,0
"6318",1,1,11601,-1.52409977806294,1,1,0
"6319",0,0,564,0.538805966010795,0,1,0
"6320",1,1,26529,0.813252848858161,1,0,1
"6321",1,1,0,-1.52409977806294,1,1,0
"6322",0,0,36933,1.12460686414022,1,0,1
"6323",1,1,11121,0.756077916606207,0,0,0
"6324",0,1,21061,-1.52409977806294,0,1,0
"6325",0,1,15966,0.254151860684496,1,1,0
"6326",0,0,1503,-1.52409977806294,0,0,0
"6327",0,0,17673,0.257231438592725,0,1,1
"6328",0,0,0,0.460778602579723,1,1,0
"6329",0,1,0,-1.52409977806294,1,0,0
"6330",0,1,18120,0.311202832087702,1,1,0
"6331",0,1,13905,0.858581213504869,1,1,1
"6332",0,1,18333,-1.52409977806294,1,1,0
"6333",0,0,1575,-1.52409977806294,0,0,0
"6334",0,0,21153,-1.52409977806294,1,1,0
"6335",0,0,951,0.252598867084566,0,1,0
"6336",0,0,5615,0.445341110641012,0,0,0
"6337",0,0,5994,0.0247237191026457,0,1,1
"6338",0,1,16561,0.836862310742941,0,1,1
"6339",0,1,5955,0.578363741991849,0,0,1
"6340",0,1,1065,-1.52409977806294,0,1,0
"6341",0,1,1608,0.648797858205049,1,1,0
"6342",1,1,48546,-1.52409977806294,0,0,0
"6343",0,1,6410,-1.52409977806294,1,0,1
"6344",0,1,4529,-0.516292427492594,0,1,0
"6345",0,0,27891,1.0249493702102,0,1,1
"6346",0,0,14579,-1.52409977806294,1,1,0
"6347",0,1,0,-1.52409977806294,1,1,1
"6348",1,1,6444,0.787392039429005,1,1,0
"6349",1,1,20032,0.212382210845837,0,0,0
"6350",0,0,24820,-1.52409977806294,0,1,1
"6351",1,1,2187,-1.52409977806294,1,1,0
"6352",0,1,8478,0.630080694611304,0,1,1
"6353",0,0,27903,1.15253517207112,0,1,0
"6354",0,1,13933,-0.0848629536107846,0,0,0
"6355",0,0,5490,0.690619104557388,1,1,1
"6356",0,0,31617,0.787392039429005,1,0,1
"6357",0,1,23381,0.813252848858161,1,1,0
"6358",0,0,264,0.961555780146514,0,1,0
"6359",1,1,7105,-0.0848629536107846,0,1,0
"6360",0,0,0,-1.52409977806294,1,1,0
"6361",0,0,19617,-1.52409977806294,1,1,0
"6362",0,0,12635,-1.52409977806294,1,1,0
"6363",0,1,1445,0.878690015641386,0,1,1
"6364",1,1,44126,0.787392039429005,0,0,0
"6365",1,1,10938,0.870824376213852,1,1,0
"6366",1,1,10535,0.935807123804937,0,1,1
"6367",1,1,1675,0.648797858205049,0,1,0
"6368",0,0,30742,-0.110323946269969,1,0,1
"6369",0,1,12252,-1.52409977806294,0,1,0
"6370",0,0,21297,1.08550263582028,1,1,1
"6371",1,1,64380,0.836862310742941,0,1,1
"6372",0,0,0,0.726847817268774,1,1,0
"6373",0,0,43638,0.732486489278979,1,1,1
"6374",0,0,4475,0.0247237191026457,1,1,0
"6375",0,1,264,-0.0245753344106287,0,1,1
"6376",1,1,0,0.290341866347252,1,1,0
"6377",1,1,8076,0.768866028297205,0,0,1
"6378",1,1,5308,0.845934516770534,1,1,0
"6379",0,1,0,-1.52409977806294,1,1,1
"6380",1,1,23865,-1.52409977806294,1,1,0
"6381",0,1,32455,0.588262676782656,0,0,1
"6382",0,0,29753,-1.52409977806294,1,1,0
"6383",1,1,30852,0.975474577058332,0,0,0
"6384",1,1,12524,-1.52409977806294,1,1,1
"6385",1,1,19926,0.510227782937839,0,1,1
"6386",1,1,23994,0.872376174408628,1,1,1
"6387",1,1,5955,0.914923572565032,0,0,1
"6388",0,1,0,-1.52409977806294,0,1,0
"6389",0,1,438,0.648797858205049,0,1,1
"6390",1,1,18282,0.909441555262599,0,1,0
"6391",0,0,40167,1.12029669615506,1,0,1
"6392",0,0,4330,0.599336628080891,0,0,0
"6393",0,0,3495,0.0617498866495029,0,1,0
"6394",0,0,62216,0.758804816873193,1,1,0
"6395",1,1,2668,1.00911933440681,1,1,1
"6396",1,1,4058,1.05691139387901,0,1,1
"6397",0,1,21914,0.400266011144916,1,1,0
"6398",1,1,57,0.166224001784498,1,1,0
"6399",0,0,2639,0.322268754740774,0,0,0
"6400",0,0,0,-1.52409977806294,0,1,0
"6401",1,1,1654,-0.274326169068439,1,1,1
"6402",0,1,53845,0.914923572565032,0,1,1
"6403",0,1,28249,0.938991842690289,1,1,0
"6404",1,1,46758,0.787392039429005,1,1,0
"6405",0,0,1215,0.350831884717768,0,1,0
"6406",0,1,50141,0.975474577058332,1,1,0
"6407",1,1,16024,0.813252848858161,0,1,1
"6408",1,1,1224,0.975474577058332,1,1,1
"6409",1,1,3234,0.648797858205049,1,1,0
"6410",1,1,52,-1.52409977806294,0,1,0
"6411",0,0,4294,0.243089518490069,0,1,0
"6412",1,1,25155,-1.52409977806294,1,0,1
"6413",0,0,21416,0.836862310742941,1,1,0
"6414",1,1,0,-1.52409977806294,1,0,0
"6415",1,1,1926,-1.52409977806294,1,1,1
"6416",0,0,7842,-1.52409977806294,1,1,1
"6417",1,1,6353,0.262913116265545,1,0,0
"6418",1,1,0,-1.52409977806294,0,1,1
"6419",0,0,45867,0.538805966010795,1,1,1
"6420",0,0,17149,0.787392039429005,1,1,0
"6421",1,1,3373,0.339764708356472,0,0,0
"6422",0,0,18945,0.648797858205049,1,1,0
"6423",1,1,5292,-1.52409977806294,1,0,1
"6424",1,1,32,-1.52409977806294,0,0,0
"6425",0,0,27360,-1.52409977806294,1,1,1
"6426",0,1,57536,0.726847817268774,1,0,1
"6427",1,1,30670,0.630080694611304,1,1,0
"6428",0,1,25459,1.08550263582028,0,1,0
"6429",1,1,125748,1.29946818256361,1,1,1
"6430",0,0,15009,0.0174132463378765,1,1,0
"6431",0,0,33747,-1.52409977806294,1,1,1
"6432",1,1,10083,0.689998263815349,1,1,1
"6433",0,0,56,0.798033861226659,1,0,1
"6434",0,0,34077,1.0249493702102,1,1,1
"6435",0,1,0,0.599336628080891,0,1,1
"6436",0,1,0,0.908053571717931,0,1,0
"6437",0,0,48096,0.836862310742941,1,1,1
"6438",1,1,28,0.623112918179174,1,1,1
"6439",0,1,240,0.975474577058332,1,1,0
"6440",1,1,1819,-0.100136722126924,1,1,1
"6441",0,1,1350,-0.299920662537568,1,0,0
"6442",1,1,26493,-1.52409977806294,0,0,1
"6443",0,0,13235,0.491514923077756,1,0,0
"6444",1,1,4005,0.700887096921187,1,1,0
"6445",0,0,0,0.648797858205049,1,1,1
"6446",1,1,17535,0.50673969217434,1,1,0
"6447",0,1,15549,0.899142153151128,0,1,0
"6448",1,1,0,-1.52409977806294,1,1,0
"6449",1,1,621,-1.52409977806294,1,1,1
"6450",0,1,2675,0.569668200216701,1,1,0
"6451",0,0,0,-1.52409977806294,1,1,0
"6452",0,1,11864,0.836862310742941,1,0,1
"6453",0,1,1545,1.00133785291652,0,1,0
"6454",0,1,567,0.776315827974546,1,1,1
"6455",1,1,11382,-0.0603507542620682,0,0,0
"6456",0,0,18522,0.290341866347252,0,1,1
"6457",1,1,0,-1.52409977806294,1,0,0
"6458",1,1,0,-1.52409977806294,0,0,0
"6459",1,1,38855,0.524892878948738,0,0,1
"6460",1,1,44580,0.726847817268774,1,1,0
"6461",1,1,24409,0.946884340069479,0,1,1
"6462",0,1,18,-0.63990160420068,0,1,1
"6463",0,0,25477,0.726847817268774,1,1,0
"6464",1,1,39741,0.888211932959949,1,1,1
"6465",1,1,15335,0.400266011144916,0,1,0
"6466",0,1,0,-1.52409977806294,0,1,0
"6467",0,0,4461,-0.0848629536107846,1,1,1
"6468",0,0,1506,-1.52409977806294,0,0,0
"6469",1,1,36279,0.818432480058652,1,1,0
"6470",1,1,16924,-1.52409977806294,1,1,1
"6471",1,1,33328,0.581394704410464,0,1,0
"6472",0,0,47301,0.878263279251396,1,1,1
"6473",1,1,8101,0.564659378976687,1,1,1
"6474",1,1,1080,0.821847381521326,1,1,0
"6475",1,1,18017,0.510227782937839,0,1,0
"6476",0,0,26780,0.509019612256813,0,1,0
"6477",0,0,5793,-1.52409977806294,0,1,0
"6478",0,1,12159,-1.52409977806294,0,0,0
"6479",0,1,10872,0.510227782937839,0,1,1
"6480",0,0,0,-1.52409977806294,1,1,0
"6481",0,0,24460,-1.52409977806294,1,1,1
"6482",0,1,798,0.538805966010795,0,1,0
"6483",0,0,0,-1.52409977806294,1,0,0
"6484",0,1,10851,0.822849243028505,1,1,0
"6485",0,1,1315,0.432205438969663,1,0,1
"6486",0,1,9544,0.538805966010795,1,0,1
"6487",0,0,720,-1.52409977806294,1,1,0
"6488",1,1,18357,-1.52409977806294,1,0,0
"6489",0,1,13080,0.946884340069479,1,1,0
"6490",0,0,3477,0.662808499734782,1,1,1
"6491",0,0,38713,0.714710274876496,1,0,1
"6492",0,0,26781,0.746469819813544,1,1,1
"6493",1,1,64068,0.904552234400912,1,1,1
"6494",0,0,12692,0.785868318372237,0,1,1
"6495",0,1,453,-1.52409977806294,1,1,1
"6496",0,0,7152,0.559681983316254,1,1,0
"6497",1,1,2624,-1.52409977806294,0,0,1
"6498",1,1,1752,-1.52409977806294,0,1,1
"6499",1,1,4422,0.726847817268774,1,1,0
"6500",0,0,14826,0.648797858205049,0,0,0
"6501",0,0,635,-1.52409977806294,1,1,0
"6502",0,0,3330,-1.52409977806294,0,0,0
"6503",1,1,35521,1.00133785291652,1,1,1
"6504",0,0,5058,0.836862310742941,0,1,0
"6505",1,1,31809,0.787392039429005,1,0,0
"6506",1,1,47545,0.870824376213852,1,1,1
"6507",0,1,150,-1.52409977806294,0,1,1
"6508",0,0,12000,-0.162485836395737,0,1,0
"6509",1,1,21177,-1.52409977806294,0,0,0
"6510",0,0,42096,-1.52409977806294,1,0,1
"6511",0,0,8804,0.868821822181878,0,1,0
"6512",1,1,1997,-1.52409977806294,0,1,1
"6513",0,0,29947,0.726847817268774,1,0,1
"6514",1,1,15254,0.792552216586205,0,0,1
"6515",0,1,9053,0.538805966010795,0,1,0
"6516",1,1,32901,0.792765109235685,1,1,0
"6517",0,1,22053,0.188809685186082,1,1,1
"6518",1,1,2751,-1.52409977806294,0,1,0
"6519",0,0,825,-1.52409977806294,1,1,0
"6520",0,0,10061,0.946884340069479,1,1,1
"6521",1,1,19576,-1.52409977806294,0,0,1
"6522",0,1,14862,-1.52409977806294,0,1,1
"6523",0,0,14002,-0.222594683552271,0,1,1
"6524",0,0,144,1.04667001220076,1,1,1
"6525",1,1,16215,1.04667001220076,0,1,1
"6526",1,1,1755,-1.52409977806294,1,1,0
"6527",1,1,18869,0.69462031520832,1,1,0
"6528",0,1,35505,0.587016490580762,1,1,0
"6529",1,1,31549,0.350831884717768,1,1,0
"6530",0,0,47432,0.524892878948738,1,0,0
"6531",1,1,13374,0.787392039429005,0,1,1
"6532",0,0,29385,0.538805966010795,0,1,1
"6533",1,1,20659,0.389902155187951,1,0,1
"6534",0,0,39916,0.878690015641386,0,0,1
"6535",1,1,13398,0.679543861854286,0,0,0
"6536",0,1,0,0.478282081698801,1,1,1
"6537",0,0,17060,0.290341866347252,1,0,0
"6538",0,0,3822,0.712931162099861,0,1,1
"6539",1,1,2433,-1.52409977806294,0,1,1
"6540",0,1,13680,0.41776666744143,0,1,0
"6541",1,1,0,-1.52409977806294,1,1,1
"6542",1,1,21744,-1.52409977806294,1,1,0
"6543",1,1,19839,0.609976363530355,1,0,1
"6544",0,0,0,0.563175722118732,1,0,0
"6545",1,1,2541,-0.205220118389265,0,1,0
"6546",1,1,597,-1.52409977806294,0,1,1
"6547",0,1,31778,0.538805966010795,1,1,0
"6548",1,1,0,0.836862310742941,1,0,0
"6549",1,1,0,0.588262676782656,1,1,1
"6550",0,1,10392,0.53594279817691,1,1,1
"6551",1,1,17642,0.290341866347252,1,1,0
"6552",0,1,31743,0.259518403455334,1,1,0
"6553",1,1,1251,-1.52409977806294,1,1,0
"6554",1,1,7416,0.599336628080891,1,0,0
"6555",0,1,11084,1.00133785291652,0,1,1
"6556",0,1,600,-1.52409977806294,0,0,0
"6557",0,1,0,1.00133785291652,1,1,1
"6558",0,1,454,0.588262676782656,1,1,1
"6559",0,0,372,-1.52409977806294,1,0,0
"6560",1,1,24921,0.678735205442468,1,1,0
"6561",0,1,351,0.847938974339375,1,1,1
"6562",1,1,41250,0.994821606233059,1,0,1
"6563",1,1,1485,0.493925820405048,1,1,1
"6564",1,1,0,0.425700021475206,0,1,0
"6565",0,1,51109,0.808274083446812,1,1,1
"6566",0,0,15763,0.681555023355854,1,1,1
"6567",0,1,0,-1.52409977806294,0,1,1
"6568",0,0,43678,-1.52409977806294,1,1,0
"6569",0,0,24038,-1.52409977806294,0,1,0
"6570",0,0,1270,-0.181081114591303,1,1,0
"6571",0,0,25284,-1.52409977806294,1,1,0
"6572",1,1,23496,0.630080694611304,0,1,0
"6573",1,1,2775,0.725351455682729,1,1,0
"6574",1,1,53526,-1.52409977806294,1,1,1
"6575",1,1,2499,0.648797858205049,0,1,1
"6576",1,1,12985,0.758804816873193,1,1,1
"6577",0,1,4764,-0.0245753344106287,1,1,1
"6578",0,0,24716,0.996358630753979,1,1,1
"6579",1,1,4251,-1.52409977806294,0,1,0
"6580",1,1,0,-1.52409977806294,1,1,0
"6581",0,0,39,0.290341866347252,1,0,0
"6582",1,1,1163,0.690619104557388,1,1,0
"6583",1,1,22413,0.836862310742941,1,0,1
"6584",1,1,0,-1.52409977806294,1,1,0
"6585",0,0,78,0.787392039429005,0,1,0
"6586",0,1,16275,-1.52409977806294,0,0,0
"6587",1,1,21315,0.914923572565032,1,1,1
"6588",0,0,36924,0.599336628080891,0,0,1
"6589",1,1,489,0.609976363530355,1,1,1
"6590",1,1,17898,0.740085500669882,1,1,1
"6591",0,1,26891,0.901005132656153,1,0,1
"6592",1,1,4501,-1.52409977806294,1,1,1
"6593",0,0,27855,0.787392039429005,0,1,1
"6594",0,0,31118,-1.52409977806294,1,1,1
"6595",0,1,762,-1.52409977806294,1,0,0
"6596",1,1,0,0.836862310742941,1,1,1
"6597",0,1,1617,-1.52409977806294,1,1,1
"6598",0,0,6531,0.712931162099861,1,1,1
"6599",0,1,6275,0.536079826652938,1,1,0
"6600",0,0,44496,0.531381600204472,1,1,0
"6601",0,0,0,0.400266011144916,1,1,1
"6602",1,1,21106,-1.52409977806294,1,1,0
"6603",1,1,6981,-0.0245753344106287,0,0,0
"6604",0,0,0,0.726847817268774,0,1,0
"6605",0,0,11230,0.946884340069479,1,1,1
"6606",1,1,22603,0.4991555889012,1,1,1
"6607",1,1,0,-1.52409977806294,0,0,0
"6608",0,0,38621,-1.52409977806294,1,1,0
"6609",1,1,2598,0.799439059889633,1,1,0
"6610",0,1,10194,-1.52409977806294,1,0,1
"6611",0,0,27380,0.666306985702979,1,1,1
"6612",1,1,12899,-1.52409977806294,0,0,1
"6613",1,1,4,-1.52409977806294,1,1,1
"6614",0,0,0,0.914923572565032,1,1,1
"6615",0,0,12563,-1.52409977806294,1,0,0
"6616",0,0,34119,0.588262676782656,1,0,1
"6617",0,0,480,0.65672922397293,1,1,1
"6618",1,1,628,-1.52409977806294,1,1,0
"6619",1,1,27025,1.20149819055939,1,1,0
"6620",0,1,6681,0.674655379794383,0,0,1
"6621",0,0,8772,-0.0311414181911784,0,0,0
"6622",1,1,34039,-1.52409977806294,1,1,1
"6623",1,1,34841,0.704961465520772,1,1,1
"6624",0,0,15402,-1.52409977806294,1,0,0
"6625",0,1,0,-0.181081114591303,0,0,0
"6626",0,0,6712,0.798033861226659,0,1,0
"6627",0,0,4293,0.322268754740774,1,1,1
"6628",0,1,987,0.350831884717768,1,0,0
"6629",1,1,19128,0.478282081698801,1,1,1
"6630",0,0,7509,1.16357068087968,1,0,1
"6631",0,0,24084,0.625685306074164,1,1,0
"6632",0,0,0,-1.52409977806294,0,0,1
"6633",1,1,12460,-1.52409977806294,0,0,0
"6634",0,1,8782,0.862106550115866,1,1,0
"6635",0,1,20310,0.097101892352633,1,1,0
"6636",1,1,68877,0.676784541942572,0,0,1
"6637",1,1,15232,0.538805966010795,0,0,0
"6638",1,1,17797,-1.52409977806294,0,1,1
"6639",0,1,10546,-1.52409977806294,1,0,0
"6640",1,1,59236,-0.0808423631697203,1,0,1
"6641",1,1,12009,0.878690015641386,1,1,0
"6642",0,1,390,0.836862310742941,0,1,1
"6643",0,1,7309,0.690619104557388,0,1,1
"6644",0,1,15761,0.518245206323979,1,1,1
"6645",1,1,233,-1.52409977806294,1,0,0
"6646",0,1,0,0.0247237191026457,0,1,0
"6647",0,1,0,0.476411040880356,1,0,1
"6648",0,0,23082,1.05883427073574,0,1,0
"6649",1,1,8310,0.787392039429005,1,1,0
"6650",0,0,27521,0.758804816873193,1,0,0
"6651",0,1,36731,0.350831884717768,0,0,0
"6652",1,1,66440,0.750726925004791,0,1,1
"6653",1,1,33423,0.350831884717768,1,0,1
"6654",0,0,16094,0.878690015641386,1,1,0
"6655",0,1,62955,0.776315827974546,1,1,1
"6656",0,0,26414,-1.52409977806294,0,1,0
"6657",0,0,36909,0.400266011144916,1,1,0
"6658",0,0,8127,-1.52409977806294,1,1,0
"6659",0,0,206,0.648797858205049,1,1,1
"6660",0,1,33581,0.290341866347252,1,1,0
"6661",1,1,5682,-1.52409977806294,0,1,0
"6662",1,1,21204,-1.52409977806294,0,1,1
"6663",0,0,37701,0.973322339066365,0,1,0
"6664",1,1,27781,0.705181954273056,1,1,1
"6665",1,1,24,0.599336628080891,1,1,0
"6666",0,1,0,-1.52409977806294,1,1,0
"6667",0,1,3102,0.295044197450442,1,0,0
"6668",1,1,18114,0.494724716745903,1,1,0
"6669",1,1,19261,-1.52409977806294,1,1,1
"6670",0,0,25409,1.05989005062814,0,1,1
"6671",0,1,0,0.0814680738750139,0,1,1
"6672",1,1,20376,0.102570790588686,0,1,1
"6673",0,1,1141,-1.52409977806294,0,1,0
"6674",1,1,11468,-1.52409977806294,1,1,1
"6675",0,0,154,0.395248668572122,1,1,1
"6676",1,1,49794,-0.277053678368629,1,1,1
"6677",0,1,30660,-1.52409977806294,1,1,1
"6678",0,0,35790,0.442067893844077,1,1,1
"6679",0,1,14036,0.599336628080891,1,1,0
"6680",0,1,26037,0.639600607607771,1,0,0
"6681",0,1,115,0.653282178526071,0,0,1
"6682",0,0,3816,1.12714807111742,1,1,0
"6683",0,1,129,-1.52409977806294,0,1,0
"6684",1,1,10192,0.376672979649578,1,1,0
"6685",1,1,35594,0.538805966010795,1,1,0
"6686",0,1,715,-1.52409977806294,0,1,1
"6687",0,0,2733,0.946884340069479,1,1,1
"6688",0,0,4945,-1.52409977806294,0,0,1
"6689",0,1,0,0.961555780146514,1,0,0
"6690",0,1,24563,0.648797858205049,1,1,1
"6691",0,1,1474,0.290341866347252,0,1,0
"6692",0,0,12559,0.480812888578782,1,1,0
"6693",1,1,2552,-1.52409977806294,1,1,0
"6694",1,1,0,-1.52409977806294,1,0,0
"6695",0,0,48777,0.690619104557388,1,1,1
"6696",0,0,0,-1.52409977806294,1,1,0
"6697",1,1,41256,0.975474577058332,1,1,0
"6698",1,1,231,0.102570790588686,0,1,1
"6699",1,1,1452,0.364059887616163,1,1,1
"6700",0,1,12288,0.806256717598854,1,1,0
"6701",0,0,1860,-1.52409977806294,0,1,0
"6702",0,0,0,0.908053571717931,1,0,1
"6703",1,1,29172,0.905677584790466,1,1,1
"6704",1,1,18045,0.758804816873193,1,1,0
"6705",0,0,18759,-1.52409977806294,1,1,0
"6706",0,0,1754,1.06309191956153,1,0,0
"6707",0,1,37579,0.981645120159673,0,1,1
"6708",1,1,4386,0.787392039429005,1,1,0
"6709",1,1,34290,0.818141918049088,0,1,1
"6710",0,0,33840,0.808274083446812,1,0,1
"6711",0,0,7908,0.37543772539584,1,0,1
"6712",1,1,20912,0.805750024227227,1,1,0
"6713",0,0,1751,0.314632210060472,0,0,0
"6714",0,1,49705,0.836862310742941,1,0,1
"6715",0,0,3188,0.524892878948738,1,0,1
"6716",0,0,36095,0.841347372185172,1,1,1
"6717",1,1,198,-1.52409977806294,0,1,1
"6718",0,0,0,0.620214653903714,0,1,0
"6719",0,1,55440,0.975474577058332,1,1,1
"6720",0,1,27118,0.836862310742941,1,1,0
"6721",1,1,11879,0.102570790588686,1,0,0
"6722",1,1,1608,-1.52409977806294,0,1,1
"6723",1,1,216,-1.52409977806294,1,0,0
"6724",0,1,0,-1.52409977806294,1,1,0
"6725",0,1,47460,0.726847817268774,1,0,0
"6726",1,1,59103,1.0249493702102,0,1,1
"6727",1,1,436,-1.52409977806294,0,0,0
"6728",0,0,0,-1.52409977806294,0,1,0
"6729",0,0,17596,0.741631490462939,1,1,1
"6730",1,1,18956,0.726847817268774,0,1,1
"6731",1,1,3321,-1.52409977806294,0,0,0
"6732",1,1,2493,-0.291118218762506,1,1,1
"6733",0,1,0,0.726847817268774,1,0,0
"6734",0,0,38772,1.00133785291652,0,1,1
"6735",0,0,13332,0.787392039429005,0,1,0
"6736",0,0,8391,-1.52409977806294,1,1,0
"6737",0,0,85269,1.10301628464762,1,0,1
"6738",0,1,1519,1.0518390106645,0,1,0
"6739",1,1,29299,0.746469819813544,1,1,0
"6740",1,1,9180,0.648797858205049,1,1,0
"6741",0,1,26703,0.648797858205049,1,1,1
"6742",1,1,576,1.00133785291652,0,0,1
"6743",1,1,15794,0.764768249327518,1,1,1
"6744",0,0,27523,0.254151860684496,1,0,0
"6745",0,1,0,-1.52409977806294,0,1,0
"6746",1,1,2427,0.862230140960206,1,1,0
"6747",0,0,1619,0.648797858205049,1,1,0
"6748",0,0,35226,0.953525969833336,0,1,0
"6749",0,0,21954,0.439342341183176,0,1,1
"6750",1,1,2097,-1.52409977806294,0,0,0
"6751",0,0,29214,0.949882767333952,1,0,0
"6752",0,1,24565,0.666306985702979,1,1,0
"6753",0,0,32679,0.350831884717768,1,1,0
"6754",1,1,17821,-1.52409977806294,1,1,1
"6755",1,1,25530,0.510227782937839,0,1,1
"6756",0,0,19955,0.574942630901918,0,1,0
"6757",1,1,28509,0.751966410562049,1,1,0
"6758",0,0,33479,0.910305453907081,1,0,1
"6759",0,1,0,0.637911484575962,1,1,0
"6760",1,1,45048,0.934547940982181,1,1,1
"6761",1,1,2595,0.00217359987692607,0,0,0
"6762",1,1,32276,0.67366702705036,1,1,1
"6763",0,0,14019,0.878690015641386,1,1,0
"6764",1,1,18828,0.862723942262797,0,1,1
"6765",0,0,3138,0.711499426302163,0,1,0
"6766",0,0,31419,-1.52409977806294,1,0,0
"6767",0,0,14495,-1.52409977806294,1,1,1
"6768",0,0,8887,0.764768249327518,1,1,1
"6769",1,1,13224,0.986117442336983,0,1,1
"6770",0,1,29055,0.943669416638013,0,1,1
"6771",1,1,25144,-1.52409977806294,1,1,1
"6772",1,1,23730,0.740085500669882,1,1,0
"6773",0,1,11459,0.350831884717768,1,1,0
"6774",0,0,310,-1.52409977806294,0,0,1
"6775",0,1,4935,0.409157384321569,0,1,0
"6776",0,1,27243,0.908053571717931,1,1,0
"6777",1,1,18471,0.648797858205049,1,0,1
"6778",0,0,11835,-1.52409977806294,1,1,0
"6779",1,1,18195,0.808274083446812,1,0,0
"6780",1,1,0,0.813252848858161,0,1,0
"6781",0,1,35627,-1.52409977806294,0,1,1
"6782",1,1,23946,-0.503366894608754,1,0,1
"6783",1,1,33678,0.69523068350836,1,1,0
"6784",0,1,0,0.914923572565032,0,0,1
"6785",0,0,5,-1.52409977806294,0,1,0
"6786",0,1,40374,0.648797858205049,0,1,1
"6787",0,1,594,0.538805966010795,0,0,1
"6788",0,0,18261,0.698262101690902,0,1,0
"6789",0,0,35775,0.729345966757845,0,1,1
"6790",1,1,615,-1.52409977806294,0,0,1
"6791",0,1,42,-0.0848629536107846,0,1,1
"6792",0,1,27,-0.408470722489459,0,1,0
"6793",0,0,2367,-1.52409977806294,0,1,1
"6794",1,1,35725,0.201322552475043,0,1,0
"6795",0,1,12637,0.975474577058332,1,1,0
"6796",0,1,0,-1.52409977806294,0,1,0
"6797",1,1,13693,0.787392039429005,1,1,0
"6798",1,1,2466,0.162993191115368,0,1,0
"6799",0,1,14045,-1.52409977806294,1,0,1
"6800",1,1,0,-1.52409977806294,0,1,0
"6801",0,0,1321,0.621417691962489,1,1,0
"6802",1,1,726,0.538805966010795,0,1,1
"6803",0,0,646,-1.52409977806294,1,1,0
"6804",0,0,0,-1.52409977806294,1,1,0
"6805",0,1,2940,0.261786256967589,0,1,1
"6806",0,0,15847,-1.52409977806294,1,1,0
"6807",0,1,23028,0.434206811543118,0,0,1
"6808",0,0,8952,0.225601620733612,0,0,1
"6809",1,1,14217,-0.0848629536107846,1,1,0
"6810",1,1,38135,0.648797858205049,1,1,1
"6811",1,1,29062,1.0249493702102,1,1,1
"6812",1,1,729,-1.52409977806294,1,1,0
"6813",1,1,61132,-1.52409977806294,1,1,1
"6814",1,1,14920,0.346734400372761,1,1,1
"6815",1,1,48234,1.17681094814207,1,1,1
"6816",0,1,13215,0.576717554763112,0,1,1
"6817",0,0,4680,0.682754604906798,1,1,0
"6818",1,1,31831,0.690619104557388,1,1,0
"6819",0,0,33455,0.886334089244092,1,0,1
"6820",0,0,34656,0.946884340069479,1,1,1
"6821",0,0,1686,0.599336628080891,0,1,0
"6822",1,1,13206,-1.33599010601466,0,1,0
"6823",0,1,0,0.787392039429005,0,0,1
"6824",0,0,3574,-1.52409977806294,0,1,1
"6825",0,1,7422,0.760248037066902,0,1,0
"6826",1,1,7537,-1.52409977806294,0,1,0
"6827",1,1,27638,0.787392039429005,1,1,0
"6828",1,1,8652,0.648797858205049,0,0,1
"6829",1,1,26151,0.861487750217893,1,1,1
"6830",0,0,2268,0.538805966010795,1,0,0
"6831",1,1,21723,0.852928914784207,1,1,1
"6832",1,1,46440,0.12714143198852,1,0,1
"6833",0,1,978,0.735130942758778,0,0,0
"6834",0,0,870,-1.52409977806294,1,1,1
"6835",1,1,42150,-1.52409977806294,0,1,1
"6836",1,1,14474,0.975474577058332,1,0,0
"6837",0,1,70740,0.975474577058332,0,1,1
"6838",1,1,6787,-1.52409977806294,1,0,1
"6839",1,1,36168,1.15530493182233,1,1,0
"6840",0,0,12189,0.719978685914774,0,1,0
"6841",0,1,17526,-1.52409977806294,0,0,1
"6842",1,1,28776,0.510227782937839,1,1,0
"6843",0,0,0,-1.52409977806294,1,1,1
"6844",0,1,10404,-0.128729974185197,0,0,0
"6845",0,0,22578,0.300972743937016,0,1,1
"6846",1,1,10425,0.212382210845837,0,0,0
"6847",0,0,2620,-1.52409977806294,0,1,1
"6848",0,0,8754,-1.52409977806294,1,1,1
"6849",1,1,82574,0.961555780146514,1,0,1
"6850",0,0,11546,0.404303216207606,0,1,1
"6851",0,0,0,-1.52409977806294,1,0,1
"6852",0,0,3099,0.290341866347252,1,1,0
"6853",1,1,18786,-1.52409977806294,0,0,0
"6854",0,1,77736,1.10301628464762,0,0,1
"6855",1,1,2238,-1.52409977806294,0,1,0
"6856",1,1,7215,-1.52409977806294,1,1,0
"6857",1,1,19011,0.787392039429005,0,0,0
"6858",1,1,17003,0.0553827936442534,1,1,0
"6859",0,0,6780,-1.52409977806294,1,1,1
"6860",0,1,8727,1.0249493702102,0,1,0
"6861",1,1,17469,0.567114256783298,1,1,1
"6862",0,0,8810,0.845759514416569,1,1,1
"6863",0,0,11442,0.787392039429005,1,1,0
"6864",1,1,1534,-1.52409977806294,0,1,1
"6865",1,1,51965,0.624204213307563,0,1,1
"6866",0,1,0,-1.52409977806294,0,1,1
"6867",1,1,23133,0.834226602872427,1,1,0
"6868",0,1,0,1.0249493702102,0,0,1
"6869",1,1,2973,0.460778602579723,1,1,0
"6870",0,0,49143,0.890076872205309,1,1,1
"6871",0,1,0,0.460778602579723,1,0,0
"6872",0,1,0,-1.52409977806294,1,1,0
"6873",0,0,0,-1.52409977806294,0,1,1
"6874",1,1,25729,0.428361682631915,0,1,0
"6875",1,1,23899,-1.52409977806294,1,1,0
"6876",0,1,135,-1.52409977806294,1,1,1
"6877",0,0,9646,-1.52409977806294,0,1,1
"6878",1,1,43731,0.773874227592293,1,1,0
"6879",0,0,32928,0.350831884717768,1,1,1
"6880",1,1,6726,0.706208539791741,1,1,1
"6881",1,1,6640,-1.52409977806294,1,0,0
"6882",1,1,17184,0.648797858205049,1,1,0
"6883",0,0,38820,0.502586937833349,1,0,1
"6884",0,1,1650,-1.52409977806294,1,0,1
"6885",0,0,6481,-1.52409977806294,0,0,1
"6886",1,1,21395,-1.52409977806294,1,1,0
"6887",0,1,17175,0.97018617871441,1,1,0
"6888",0,0,29090,0.298682562489333,1,0,0
"6889",0,1,13323,-1.52409977806294,0,1,0
"6890",0,0,34862,0.538805966010795,1,1,1
"6891",0,0,489,-1.52409977806294,0,0,0
"6892",1,1,4559,-1.52409977806294,1,1,0
"6893",0,1,14409,0.500408377697241,1,0,0
"6894",1,1,39922,1.0667803051313,1,1,1
"6895",1,1,18060,-1.52409977806294,0,1,1
"6896",0,0,23104,0.261786256967589,1,1,0
"6897",0,0,12876,0.787392039429005,0,1,0
"6898",0,0,60903,0.350831884717768,1,0,1
"6899",1,1,18383,0.878690015641386,1,0,0
"6900",0,0,735,-1.52409977806294,1,1,0
"6901",0,0,504,-1.52409977806294,0,1,1
"6902",1,1,20949,0.538805966010795,1,0,0
"6903",1,1,61938,0.914923572565032,0,1,1
"6904",1,1,25770,0.648797858205049,1,1,0
"6905",1,1,16567,-1.52409977806294,1,0,0
"6906",1,1,38922,0.787392039429005,1,0,1
"6907",0,1,5704,0.787392039429005,1,0,1
"6908",1,1,57450,1.0667803051313,1,1,1
"6909",1,1,589,0.290341866347252,0,0,0
"6910",0,0,2419,0.290341866347252,1,1,1
"6911",1,1,14430,0.538805966010795,0,1,1
"6912",0,0,15879,0.225601620733612,1,1,1
"6913",1,1,2269,0.538805966010795,1,1,1
"6914",1,1,11301,-1.52409977806294,1,1,0
"6915",0,1,7807,0.988714198260819,1,1,0
"6916",0,0,6336,-0.711103301517404,1,0,0
"6917",0,0,0,0.921623947250745,1,1,1
"6918",0,1,0,-0.222594683552271,0,1,0
"6919",1,1,1674,-1.52409977806294,1,0,0
"6920",0,1,21497,0.946884340069479,1,1,1
"6921",0,1,1056,0.290341866347252,1,1,0
"6922",0,0,54,-1.52409977806294,0,1,0
"6923",0,0,11372,-1.52409977806294,0,1,0
"6924",0,1,0,0.493925820405048,1,1,0
"6925",0,1,0,-0.0542519607260343,0,0,0
"6926",0,1,3261,0.776315827974546,1,1,0
"6927",0,0,31152,0.914923572565032,0,1,0
"6928",0,1,31771,0.937497805797478,1,1,0
"6929",0,1,0,-1.52409977806294,0,1,0
"6930",1,1,0,0.621217555603119,1,1,0
"6931",0,1,25765,0.630080694611304,1,1,0
"6932",0,0,47648,-1.52409977806294,1,0,1
"6933",0,0,36085,0.746469819813544,1,1,0
"6934",1,1,23710,-0.296954677922378,0,1,0
"6935",1,1,77180,-1.52409977806294,1,1,1
"6936",0,0,7521,0.726847817268774,0,1,1
"6937",1,1,16896,-1.52409977806294,1,1,0
"6938",1,1,26020,0.698262101690902,1,1,1
"6939",1,1,43443,-0.0848629536107846,1,1,0
"6940",1,1,2544,0.350831884717768,1,1,1
"6941",1,1,0,-1.52409977806294,1,1,1
"6942",1,1,9017,0.639974544822989,1,1,0
"6943",0,0,990,1.08550263582028,1,1,1
"6944",0,1,31958,0.914923572565032,1,1,1
"6945",0,1,36064,-1.52409977806294,0,1,0
"6946",1,1,27762,-0.0848629536107846,1,1,0
"6947",0,1,20655,0.648797858205049,1,0,0
"6948",1,1,0,-1.52409977806294,0,0,0
"6949",0,0,28884,0.400266011144916,1,1,0
"6950",1,1,706,0.787392039429005,1,0,0
"6951",0,0,26039,-1.52409977806294,1,1,0
"6952",1,1,56931,1.0667803051313,1,1,1
"6953",0,1,22332,1.0249493702102,0,1,1
"6954",1,1,27344,0.975474577058332,1,1,1
"6955",1,1,0,0.648797858205049,1,0,0
"6956",0,0,0,-1.52409977806294,0,1,0
"6957",1,1,10794,0.856738185090354,0,1,0
"6958",0,0,816,-1.52409977806294,0,0,1
"6959",1,1,31312,0.84112487082729,1,1,0
"6960",0,0,22835,0.0664290524095003,1,1,0
"6961",0,0,37045,0.726847817268774,1,1,1
"6962",1,1,42219,0.836862310742941,1,1,1
"6963",0,0,4854,0.914923572565032,1,1,0
"6964",1,1,0,-1.52409977806294,1,0,1
"6965",0,0,6179,0.69177936665394,1,1,0
"6966",1,1,16395,-0.359733910255591,1,1,0
"6967",1,1,28313,0.538805966010795,1,1,0
"6968",0,0,43434,0.350831884717768,1,0,0
"6969",0,0,21375,0.146235714947178,1,1,0
"6970",0,0,20301,-0.529864500029478,0,0,0
"6971",0,0,0,0.743296433666665,1,1,0
"6972",0,0,20496,0.400266011144916,0,0,0
"6973",1,1,17966,-1.52409977806294,1,1,0
"6974",1,1,26173,-1.52409977806294,1,1,0
"6975",0,1,11169,0.705695732448699,1,0,0
"6976",1,1,30130,0.578715200997595,0,0,1
"6977",1,1,4597,0.723091328700929,0,0,1
"6978",1,1,0,0.282086176027252,1,0,0
"6979",0,1,21906,0.321967383370539,1,1,0
"6980",0,1,21969,0.538805966010795,1,1,0
"6981",1,1,20888,0.134460119762742,1,1,0
"6982",1,1,12111,0.350831884717768,0,1,0
"6983",0,0,0,-1.52409977806294,0,0,1
"6984",1,1,17246,-1.52409977806294,0,1,0
"6985",0,1,15231,0.442067893844077,0,1,1
"6986",1,1,25278,0.478282081698801,1,1,1
"6987",0,0,23549,0.952228321718224,1,0,0
"6988",1,1,3639,0.689375999533531,1,0,1
"6989",1,1,14945,-1.52409977806294,1,1,1
"6990",0,1,41678,0.914923572565032,1,1,1
"6991",0,0,8538,-1.52409977806294,0,1,1
"6992",0,1,1908,0.878690015641386,1,1,1
"6993",1,1,4955,-1.52409977806294,0,1,1
"6994",1,1,10128,0.609140367825733,1,1,0
"6995",0,1,16296,0.961755653293226,1,1,0
"6996",0,0,7729,-1.52409977806294,1,1,0
"6997",1,1,0,-1.52409977806294,1,1,1
"6998",1,1,23778,0.460778602579723,1,0,1
"6999",0,0,22524,-0.0848629536107846,1,1,1
"7000",1,1,7754,0.836862310742941,1,1,1
"7001",1,1,23186,0.339764708356472,0,1,1
"7002",0,0,33882,0.565398176776899,1,1,0
"7003",1,1,2269,0.0247237191026457,0,0,0
"7004",1,1,6281,0.975474577058332,1,1,1
"7005",0,1,27,0.538805966010795,1,0,0
"7006",0,0,6144,0.350831884717768,0,1,1
"7007",0,1,75,0.428361682631915,0,1,0
"7008",1,1,1528,-1.52409977806294,1,0,0
"7009",0,0,8007,-1.52409977806294,0,1,0
"7010",0,1,2676,0.478282081698801,1,1,0
"7011",0,1,55304,0.690619104557388,1,1,1
"7012",0,1,14143,1.07742346858497,0,1,0
"7013",0,0,0,-1.52409977806294,0,0,0
"7014",1,1,1701,-1.52409977806294,0,1,0
"7015",1,1,0,0.102570790588686,1,1,1
"7016",1,1,2122,0.788150703755772,0,0,0
"7017",0,0,39,-1.52409977806294,0,1,0
"7018",1,1,16803,0.914923572565032,1,1,0
"7019",1,1,11240,1.04667001220076,0,1,1
"7020",0,0,17280,0.537309979360648,1,1,1
"7021",1,1,23091,0.822896858589817,1,1,0
"7022",0,1,81304,0.914923572565032,1,1,1
"7023",0,1,1485,-1.52409977806294,0,1,0
"7024",0,0,27300,0.609976363530355,0,1,1
"7025",0,0,0,-1.52409977806294,0,0,0
"7026",1,1,3832,0.778006353941531,1,0,0
"7027",0,1,0,0.400266011144916,0,0,0
"7028",0,1,2340,-1.52409977806294,1,0,1
"7029",1,1,0,0.947456596308281,1,1,1
"7030",0,0,10943,-1.52409977806294,0,0,0
"7031",0,0,4869,0.839786018131519,1,1,0
"7032",0,0,30135,0.599336628080891,1,1,1
"7033",0,0,0,-1.52409977806294,0,1,0
"7034",0,0,3177,0.620214653903714,0,1,0
"7035",0,1,0,-1.52409977806294,1,1,1
"7036",1,1,0,-1.52409977806294,0,1,0
"7037",1,1,336,-1.52409977806294,0,1,1
"7038",0,1,39437,0.821512604099886,1,0,0
"7039",1,1,67936,1.13497893643568,1,1,1
"7040",1,1,8943,-1.52409977806294,0,1,0
"7041",1,1,28380,-1.52409977806294,1,1,1
"7042",1,1,0,-1.52409977806294,1,1,1
"7043",1,1,3595,1.04103858683249,1,1,1
"7044",0,0,282,0.395708643073776,1,0,0
"7045",0,1,0,-1.52409977806294,0,1,1
"7046",0,1,16689,0.596171435620539,0,1,1
"7047",1,1,16286,0.322268754740774,1,1,0
"7048",1,1,18646,-0.378989139389209,1,1,0
"7049",0,1,31878,-1.52409977806294,1,1,1
"7050",1,1,8013,0.188809685186082,1,0,0
"7051",1,1,0,-0.0742709793688397,1,1,1
"7052",0,0,29836,0.845759514416569,0,1,0
"7053",0,0,19279,0.350831884717768,1,0,1
"7054",1,1,1788,0.798033861226659,0,1,0
"7055",1,1,17262,0.836862310742941,0,1,1
"7056",1,1,32807,0.780021181937397,1,1,0
"7057",1,1,3432,1.03602693820135,1,1,1
"7058",0,1,32134,0.648797858205049,1,1,0
"7059",0,1,10842,0.758804816873193,1,1,1
"7060",0,0,25015,0.793827074554833,0,0,1
"7061",1,1,16391,-1.52409977806294,1,0,0
"7062",1,1,18849,-1.52409977806294,1,1,1
"7063",0,0,13948,0.538805966010795,0,1,1
"7064",0,1,2955,-1.52409977806294,1,1,0
"7065",1,1,37788,0.677029143032593,1,0,1
"7066",0,0,40278,0.460778602579723,1,0,0
"7067",0,1,23127,0.751842716443679,1,1,0
"7068",1,1,1680,-1.52409977806294,0,0,0
"7069",1,1,27793,0.800630368700863,1,1,1
"7070",1,0,12312,-1.52409977806294,1,1,0
"7071",0,0,24573,0.738725497176699,0,1,0
"7072",0,1,51606,-1.52409977806294,0,0,0
"7073",1,1,20092,0.836862310742941,1,1,0
"7074",1,1,4728,0.836862310742941,1,1,1
"7075",0,0,33933,0.609976363530355,0,0,0
"7076",1,1,25859,0.726847817268774,1,1,1
"7077",1,1,5085,0.552040421003432,0,1,0
"7078",0,0,28804,0.914923572565032,0,1,1
"7079",0,1,11321,-1.52409977806294,1,1,0
"7080",0,0,24746,0.350831884717768,1,0,1
"7081",1,1,14549,0.914923572565032,1,1,0
"7082",0,1,3164,-1.52409977806294,0,1,0
"7083",1,1,13285,0.409157384321569,0,1,0
"7084",1,1,9105,0.758804816873193,0,1,1
"7085",0,0,640,0.400266011144916,0,1,1
"7086",0,1,0,-1.52409977806294,1,1,0
"7087",0,0,33035,0.648797858205049,0,1,1
"7088",0,0,4966,0.648797858205049,1,1,1
"7089",0,0,25707,0.442067893844077,1,0,0
"7090",0,0,142,0.290341866347252,1,1,0
"7091",0,1,8994,0.538805966010795,1,0,0
"7092",0,1,652,0.914923572565032,0,1,1
"7093",1,1,7428,-1.52409977806294,1,0,1
"7094",0,0,0,0.648797858205049,1,1,0
"7095",0,0,11142,0.726847817268774,1,1,0
"7096",1,1,13816,0.668586480223737,1,1,0
"7097",0,0,66942,1.27360326215782,1,1,1
"7098",1,1,44597,-1.52409977806294,0,1,1
"7099",0,1,24521,-0.63990160420068,1,0,1
"7100",1,1,819,-1.52409977806294,0,0,0
"7101",0,1,1350,0.54230949389759,1,1,0
"7102",1,1,38400,0.726847817268774,1,1,1
"7103",0,0,13638,1.00232282774246,1,1,1
"7104",0,0,15825,-1.52409977806294,1,1,0
"7105",1,1,21798,0.588262676782656,1,1,0
"7106",0,1,1692,-1.52409977806294,0,1,0
"7107",1,1,24798,-1.52409977806294,0,1,1
"7108",1,1,12138,0.552040421003432,0,0,0
"7109",1,1,43748,-1.52409977806294,0,1,1
"7110",1,1,8541,0.651765808714999,1,1,0
"7111",1,1,1819,0.102570790588686,1,1,1
"7112",1,1,28363,0.787392039429005,1,1,1
"7113",0,0,0,0.878069086118954,1,1,0
"7114",0,1,30095,0.836862310742941,0,1,0
"7115",0,1,11282,0.914923572565032,1,1,0
"7116",1,1,15327,-1.52409977806294,1,0,1
"7117",1,1,16763,0.745078099373746,0,1,0
"7118",0,0,750,0.322870495322135,0,1,0
"7119",0,1,0,-1.52409977806294,1,1,0
"7120",0,0,22073,0.726847817268774,1,1,1
"7121",0,0,31235,0.538805966010795,1,0,0
"7122",1,1,14934,0.460778602579723,1,1,1
"7123",0,0,4619,-1.03784332979517,0,1,0
"7124",1,1,62790,0.400266011144916,0,1,1
"7125",0,0,21006,0.914923572565032,1,1,0
"7126",1,1,48511,1.00133785291652,1,1,1
"7127",0,0,18384,-1.52409977806294,0,1,0
"7128",0,0,21444,0.813252848858161,1,1,0
"7129",1,1,44154,0.964397235179709,1,1,0
"7130",0,0,0,-1.52409977806294,1,1,0
"7131",1,1,2652,0.576717554763112,1,1,0
"7132",0,0,36287,0.914923572565032,1,1,0
"7133",0,1,4804,-1.52409977806294,1,1,1
"7134",1,1,28239,0.870824376213852,1,1,1
"7135",0,1,29667,0.858581213504869,1,1,1
"7136",1,1,20041,-1.52409977806294,1,0,1
"7137",0,0,0,-1.52409977806294,1,1,0
"7138",1,1,4854,-1.52409977806294,1,1,0
"7139",1,1,51,-0.181081114591303,0,1,0
"7140",1,1,60,-1.52409977806294,0,1,0
"7141",0,0,7758,-1.52409977806294,0,1,1
"7142",0,0,55105,1.08550263582028,1,1,1
"7143",0,1,0,-1.52409977806294,0,1,0
"7144",0,0,8674,0.639600607607771,1,0,0
"7145",0,1,45317,0.787392039429005,1,0,0
"7146",0,1,94191,-1.52409977806294,0,1,1
"7147",0,0,10457,-1.52409977806294,0,1,1
"7148",1,1,7395,0.836862310742941,0,1,1
"7149",0,0,16911,0.478282081698801,0,1,1
"7150",0,0,5442,0.878690015641386,0,1,1
"7151",0,1,0,0.460778602579723,1,1,1
"7152",0,0,23670,-1.52409977806294,0,1,0
"7153",1,1,2610,-1.52409977806294,1,0,0
"7154",0,0,23342,0.102570790588686,0,0,1
"7155",0,0,2601,0.538805966010795,0,0,0
"7156",0,1,48968,0.975474577058332,1,1,1
"7157",0,0,28935,0.975474577058332,1,1,1
"7158",0,0,5762,0.975474577058332,1,1,0
"7159",0,0,18,-1.52409977806294,1,1,0
"7160",0,1,1632,-1.52409977806294,1,0,0
"7161",0,1,2442,0.102570790588686,0,1,1
"7162",1,1,486,-1.52409977806294,0,1,0
"7163",0,1,0,-1.52409977806294,0,0,0
"7164",1,1,17364,0.740085500669882,1,1,0
"7165",1,1,4047,0.666306985702979,0,1,1
"7166",0,0,21255,-1.52409977806294,0,0,0
"7167",0,0,19128,0.914923572565032,0,1,1
"7168",0,0,34191,1.00133785291652,1,1,0
"7169",0,1,132,-1.52409977806294,0,1,0
"7170",0,1,14078,-1.52409977806294,0,1,0
"7171",1,1,555,-0.422156894204399,0,0,0
"7172",0,1,156,0.212382210845837,1,1,1
"7173",0,1,44309,-0.00376937244849058,1,1,1
"7174",0,1,19900,0.840456270117079,1,1,0
"7175",1,1,22510,0.247885841699945,1,1,0
"7176",1,1,12050,0.667660107314585,0,1,0
"7177",1,1,14961,0.389902155187951,0,1,1
"7178",0,0,7776,0.666306985702979,0,1,1
"7179",0,0,29276,0.787392039429005,1,1,1
"7180",1,1,18303,0.769156372703852,1,1,0
"7181",0,0,7629,-0.162485836395737,0,1,1
"7182",1,1,19837,0.732685719600669,0,1,0
"7183",1,1,16074,0.663066021396687,1,1,0
"7184",0,0,3315,0.723366288087173,0,1,0
"7185",0,0,35445,0.914923572565032,1,1,1
"7186",0,0,14791,0.442067893844077,0,1,1
"7187",0,1,0,0.698262101690902,0,1,1
"7188",0,0,11276,0.350831884717768,0,1,0
"7189",1,1,0,-1.52409977806294,1,1,1
"7190",1,1,0,-1.52409977806294,0,1,0
"7191",0,0,552,-1.52409977806294,1,0,0
"7192",0,0,12964,0.689531699417898,1,0,1
"7193",1,1,4584,-1.52409977806294,0,0,1
"7194",0,1,32038,-1.52409977806294,1,0,1
"7195",0,0,9735,0.946884340069479,1,0,1
"7196",1,1,15288,0.698262101690902,1,1,0
"7197",0,0,2250,-1.52409977806294,1,1,0
"7198",1,1,14668,0.922944396959565,0,1,0
"7199",1,1,0,-1.52409977806294,1,1,0
"7200",0,1,0,-1.52409977806294,0,1,0
"7201",0,0,16224,0.690619104557388,1,1,1
"7202",1,1,28512,1.0249493702102,0,1,1
"7203",0,0,0,0.423219715793059,0,1,0
"7204",0,0,30485,-1.52409977806294,1,1,0
"7205",0,1,21452,1.027156496012,0,0,1
"7206",1,1,7147,-1.52409977806294,1,1,1
"7207",1,1,14010,-1.52409977806294,1,0,0
"7208",1,1,8691,-0.0653304332596148,0,1,1
"7209",0,0,39132,0.97533886425308,1,1,1
"7210",0,0,3461,0.866804381349367,1,1,1
"7211",1,1,9895,-0.141732934998523,1,1,1
"7212",1,1,11372,0.234069855077653,1,0,1
"7213",0,1,2556,0.322268754740774,0,0,1
"7214",0,0,20880,0.102570790588686,0,1,0
"7215",1,1,2697,-1.52409977806294,1,1,0
"7216",0,0,782,-1.52409977806294,0,1,0
"7217",0,1,29297,0.946884340069479,0,1,1
"7218",0,0,1212,0.666306985702979,0,0,0
"7219",1,1,2768,-1.52409977806294,0,0,0
"7220",0,1,0,1.10301628464762,0,1,0
"7221",1,1,26655,0.471415557503979,1,0,1
"7222",0,0,7513,0.836862310742941,1,1,0
"7223",1,1,23682,0.914923572565032,0,0,0
"7224",0,0,7395,0.836862310742941,0,1,0
"7225",0,0,26526,0.845102248677504,1,1,1
"7226",1,1,1477,0.705402264032962,1,0,0
"7227",0,1,14228,0.836862310742941,1,1,0
"7228",0,1,0,-0.575200454588118,0,1,0
"7229",1,1,33494,0.641558054772065,1,0,0
"7230",0,1,357,0.162993191115368,1,0,0
"7231",1,1,3612,1.00133785291652,1,1,1
"7232",0,1,3048,0.682195459974034,0,1,1
"7233",1,1,10095,0.304854358013974,1,1,1
"7234",0,0,9430,-0.996009164351543,1,1,1
"7235",1,1,52693,0.648797858205049,1,0,1
"7236",0,1,17191,-1.52409977806294,1,0,1
"7237",0,0,19257,0.715560123872689,0,1,0
"7238",0,1,24471,0.798033861226659,1,1,0
"7239",1,1,11375,-1.52409977806294,0,0,1
"7240",1,1,49047,0.936810280371936,1,0,1
"7241",0,0,6465,0.538805966010795,1,1,1
"7242",0,0,76,0.102570790588686,0,1,1
"7243",1,0,0,-1.52409977806294,1,1,0
"7244",0,0,17502,0.975474577058332,1,1,0
"7245",1,1,7418,-0.0768804695799732,0,1,0
"7246",1,1,34668,0.802381909764628,1,0,0
"7247",0,0,0,0.931374183713974,1,1,1
"7248",1,1,43977,0.648797858205049,1,1,0
"7249",0,1,705,0.310888910836959,1,1,0
"7250",1,1,3180,-1.52409977806294,0,0,0
"7251",0,1,39720,0.615961520055322,1,1,1
"7252",0,1,64095,0.905466936740298,1,0,0
"7253",0,1,30872,0.866804381349367,0,1,0
"7254",0,1,21898,0.749918212983281,1,1,0
"7255",0,0,0,-1.52409977806294,0,0,0
"7256",0,0,4200,0.538805966010795,1,1,0
"7257",1,1,441,0.538805966010795,1,0,0
"7258",0,0,29970,0.620214653903714,1,1,1
"7259",0,1,1203,-1.52409977806294,1,0,0
"7260",0,0,10632,0.652391222732382,1,0,0
"7261",0,0,98153,0.659438289012996,1,1,0
"7262",1,1,5064,0.726847817268774,1,1,0
"7263",1,1,30363,0.750851128618404,0,0,0
"7264",1,1,1896,-1.52409977806294,1,1,1
"7265",0,1,18776,0.648797858205049,0,0,0
"7266",1,1,56171,0.975474577058332,1,1,1
"7267",0,0,10680,-1.52409977806294,1,1,1
"7268",0,0,7185,0.620415530960264,1,0,0
"7269",0,0,4980,0.648797858205049,1,1,1
"7270",1,1,5142,0.878690015641386,1,1,0
"7271",0,0,0,-1.52409977806294,1,1,0
"7272",0,0,3771,-1.52409977806294,0,1,0
"7273",0,0,33906,0.726847817268774,1,1,1
"7274",1,1,7734,-1.52409977806294,0,1,1
"7275",1,1,42333,0.764295967475008,1,1,0
"7276",1,1,17508,-1.52409977806294,1,1,0
"7277",1,1,26766,0.690619104557388,1,1,0
"7278",1,1,0,-1.52409977806294,1,0,0
"7279",0,0,18767,-0.162485836395737,0,0,0
"7280",0,0,0,-1.52409977806294,0,1,0
"7281",1,1,52965,1.15605924485244,1,0,1
"7282",0,1,10729,0.620214653903714,0,0,1
"7283",0,0,4854,0.919531122369931,0,1,0
"7284",0,1,0,0.81463068988641,1,1,0
"7285",0,0,28179,0.60577039184402,1,1,1
"7286",0,1,1104,0.178775829168625,1,1,0
"7287",1,1,6271,-0.128729974185197,0,0,0
"7288",1,1,26340,0.854967177341329,0,0,0
"7289",1,1,45215,0.460778602579723,1,0,1
"7290",0,0,32057,0.757717342568962,1,0,1
"7291",1,1,63016,0.787392039429005,1,0,1
"7292",1,1,12562,-1.52409977806294,0,1,0
"7293",0,0,17876,0.726847817268774,1,1,1
"7294",1,1,0,0.350831884717768,1,0,1
"7295",1,1,19345,-1.52409977806294,1,1,0
"7296",1,1,16055,-0.113306227831029,1,1,1
"7297",0,1,14362,0.350831884717768,1,1,0
"7298",0,0,33246,0.836862310742941,0,1,1
"7299",0,0,63888,0.886334089244092,1,0,1
"7300",0,0,31618,1.0249493702102,0,1,0
"7301",0,0,13104,0.464370778003987,1,0,1
"7302",1,1,7507,0.538805966010795,0,0,1
"7303",1,1,10093,0.290341866347252,0,1,1
"7304",1,1,564,1.13497893643568,0,1,1
"7305",1,1,6355,-1.52409977806294,0,0,0
"7306",0,0,7126,-1.52409977806294,1,0,0
"7307",1,1,14587,0.524892878948738,0,1,0
"7308",0,1,13335,0.836862310742941,1,1,1
"7309",1,1,7755,0.95833762620601,0,0,1
"7310",0,1,5281,-1.52409977806294,1,1,0
"7311",0,1,15113,0.513224885635453,0,0,0
"7312",1,1,70421,0.421971010103767,1,1,1
"7313",0,0,7747,0.698262101690902,0,1,1
"7314",0,0,28749,-1.52409977806294,0,1,1
"7315",1,1,38754,-1.52409977806294,0,1,1
"7316",0,0,9797,0.878690015641386,1,1,1
"7317",1,1,30,0.726847817268774,0,1,1
"7318",1,1,13056,0.648797858205049,1,1,0
"7319",0,0,30025,-1.52409977806294,0,1,1
"7320",1,1,15725,-1.52409977806294,1,1,1
"7321",1,1,11990,0.322268754740774,0,0,1
"7322",1,1,270,-1.52409977806294,0,1,1
"7323",1,1,0,0.787392039429005,1,0,0
"7324",1,1,72432,0.964397235179709,1,1,1
"7325",1,1,24629,0.848589413791923,1,1,0
"7326",0,0,477,-0.162485836395737,0,0,1
"7327",1,1,3390,-1.52409977806294,0,1,1
"7328",0,0,13307,-0.277053678368629,1,0,1
"7329",0,1,18855,0.877057035725451,1,1,1
"7330",1,1,555,1.07342429685079,0,0,1
"7331",1,1,4539,0.679543861854286,0,0,1
"7332",0,1,1800,0.726847817268774,0,0,1
"7333",0,0,11160,-1.52409977806294,1,1,0
"7334",1,1,9688,-1.52409977806294,1,1,1
"7335",0,0,23329,-1.52409977806294,1,1,1
"7336",1,1,708,-1.52409977806294,0,0,0
"7337",0,0,0,-1.52409977806294,1,0,1
"7338",0,1,0,-1.52409977806294,1,0,0
"7339",1,1,4350,-1.52409977806294,1,1,0
"7340",0,0,162,0.648797858205049,1,1,1
"7341",0,1,42,0.0664290524095003,1,1,1
"7342",1,1,12171,0.385881564746886,1,1,0
"7343",0,1,20523,0.552040421003432,1,1,0
"7344",1,1,3790,-1.52409977806294,0,0,0
"7345",0,0,9974,0.614118143896923,1,1,1
"7346",1,1,42640,-1.52409977806294,1,1,0
"7347",0,0,1578,-1.52409977806294,1,1,0
"7348",1,1,39726,0.866317955723684,1,1,1
"7349",1,1,63455,0.946884340069479,1,0,1
"7350",0,0,6559,0.538805966010795,1,1,0
"7351",1,1,21264,-1.52409977806294,1,1,0
"7352",1,0,10507,-1.52409977806294,1,1,0
"7353",1,1,28764,0.460778602579723,0,1,0
"7354",0,0,7626,1.04667001220076,0,1,0
"7355",0,0,12303,-1.52409977806294,0,1,1
"7356",1,1,6768,0.657693603537611,0,0,1
"7357",0,1,8722,0.787392039429005,0,1,0
"7358",0,1,7297,0.350831884717768,1,1,1
"7359",0,1,2300,0.162993191115368,1,1,1
"7360",1,1,15834,0.744125090466243,1,1,1
"7361",1,1,37270,-1.52409977806294,0,1,1
"7362",0,0,19500,0.827663501255355,1,1,0
"7363",0,0,12489,-1.52409977806294,0,1,0
"7364",0,1,9780,0.971648727296994,1,1,1
"7365",1,1,15550,0.306774542140354,0,1,0
"7366",1,1,33924,0.944157135319893,1,1,1
"7367",0,0,10306,0.740085500669882,1,1,0
"7368",0,0,201,-1.52409977806294,1,0,0
"7369",1,0,1003,-1.52409977806294,1,1,1
"7370",0,1,12138,-1.52409977806294,1,1,1
"7371",0,1,905,0.254151860684496,0,1,1
"7372",1,1,17262,0.400266011144916,1,0,0
"7373",0,0,25835,0.870824376213852,0,0,0
"7374",0,0,1858,0.350831884717768,0,1,1
"7375",1,1,31002,0.836862310742941,0,0,0
"7376",0,0,27007,0.758804816873193,1,1,0
"7377",1,1,3597,0.442067893844077,0,1,0
"7378",0,1,27449,-1.52409977806294,0,1,1
"7379",0,1,1117,-1.52409977806294,1,1,1
"7380",1,1,66279,1.20689522705476,0,1,1
"7381",1,1,27318,0.537173570767171,1,0,0
"7382",0,0,183,0.033593295813364,1,0,0
"7383",0,1,67556,0.460778602579723,0,0,1
"7384",1,1,21564,0.0740527248145915,1,1,0
"7385",0,1,26589,0.460778602579723,1,1,0
"7386",0,1,0,0.234069855077653,0,1,1
"7387",0,0,2075,0.752707393659945,1,0,0
"7388",1,1,40275,0.63431065456482,1,1,0
"7389",0,1,16014,0.350831884717768,0,1,1
"7390",1,1,33620,0.726847817268774,1,1,1
"7391",1,1,0,1.14965116990703,1,1,0
"7392",1,1,48719,0.648797858205049,1,0,1
"7393",0,1,21,0.726847817268774,0,0,1
"7394",0,0,35415,0.874549636190409,1,1,0
"7395",1,1,18037,0.639974544822989,1,1,1
"7396",0,1,477,0.666306985702979,1,0,1
"7397",0,1,27465,0.914923572565032,1,1,0
"7398",0,0,20241,0.777612838753565,1,0,0
"7399",0,1,9566,-1.52409977806294,0,1,0
"7400",1,1,40589,0.102570790588686,0,1,1
"7401",0,0,13737,0.576717554763112,1,0,0
"7402",1,1,22455,0.805750024227227,1,1,1
"7403",1,1,5194,-1.52409977806294,1,1,1
"7404",0,0,440,-1.52409977806294,1,1,0
"7405",0,0,28867,1.11946789335359,1,1,1
"7406",0,0,1467,0.0247237191026457,1,1,0
"7407",0,0,670,-1.52409977806294,0,1,1
"7408",0,0,26967,0.538805966010795,1,1,0
"7409",0,1,2004,-1.52409977806294,1,1,0
"7410",0,0,8075,0.63201158067214,0,0,0
"7411",1,1,17838,-1.52409977806294,0,0,0
"7412",0,1,19410,0.808274083446812,1,1,1
"7413",0,0,18105,0.878690015641386,0,1,1
"7414",0,1,0,-1.52409977806294,1,1,1
"7415",0,0,117,0.102570790588686,0,1,1
"7416",1,1,24337,-0.271625799614365,1,0,1
"7417",0,1,54684,0.854374263798043,0,1,1
"7418",1,1,3322,0.350831884717768,1,1,1
"7419",0,0,3225,0.538805966010795,1,1,0
"7420",0,0,4461,0.0404859810026505,1,0,0
"7421",1,1,173,0.914923572565032,1,1,1
"7422",0,0,11406,0.555633275818778,1,1,0
"7423",0,1,4928,-1.52409977806294,1,1,1
"7424",0,0,2628,0.787392039429005,0,0,0
"7425",1,1,72,-1.52409977806294,0,0,0
"7426",0,0,24627,0.836862310742941,1,1,1
"7427",1,1,16770,0.822468017482398,1,0,0
"7428",1,1,36523,0.861074431692971,1,1,1
"7429",0,0,8769,0.538805966010795,1,1,1
"7430",0,0,3480,-1.52409977806294,0,1,1
"7431",0,0,45,-1.52409977806294,1,0,0
"7432",0,1,21740,0.835138362140943,1,1,0
"7433",1,1,10851,-1.52409977806294,1,1,1
"7434",0,1,11378,-1.52409977806294,1,1,1
"7435",0,1,5391,0.836862310742941,1,1,1
"7436",1,1,8007,0.698262101690902,1,0,0
"7437",1,1,21947,-1.52409977806294,1,0,0
"7438",0,0,0,0.776315827974546,1,1,0
"7439",1,1,13519,-1.52409977806294,0,1,1
"7440",1,1,0,-1.52409977806294,0,1,0
"7441",0,1,0,-1.52409977806294,0,1,0
"7442",1,1,0,-1.52409977806294,1,1,0
"7443",0,0,0,-1.52409977806294,1,1,0
"7444",0,0,0,0.928162870761217,0,1,1
"7445",0,0,56189,1.0667803051313,1,1,1
"7446",1,1,21422,-1.52409977806294,1,1,0
"7447",1,1,165,-1.52409977806294,1,1,0
"7448",1,1,390,-1.52409977806294,0,1,0
"7449",1,1,9921,0.350831884717768,1,0,1
"7450",0,1,16215,-1.52409977806294,0,1,0
"7451",0,0,1348,0.930766951177859,0,1,0
"7452",1,1,13920,0.944947813508755,1,1,0
"7453",1,1,9582,0.787392039429005,0,1,0
"7454",0,0,0,-1.52409977806294,0,1,1
"7455",0,1,835,0.648797858205049,0,1,1
"7456",0,0,23336,0.955782029963066,1,1,1
"7457",1,1,12039,0.873840235839016,0,1,0
"7458",0,0,33279,0.74577485172311,1,1,0
"7459",1,1,39816,-1.52409977806294,1,1,0
"7460",0,1,80,-1.52409977806294,0,0,0
"7461",0,0,469,-1.14788043396637,0,1,0
"7462",1,1,5064,0.911510310479283,1,1,1
"7463",0,0,71,0.82389486036441,1,1,0
"7464",1,1,10508,-1.52409977806294,1,0,0
"7465",1,1,2361,0.854374263798043,1,1,0
"7466",0,1,23431,-1.52409977806294,1,1,0
"7467",1,1,3173,0.609976363530355,1,1,1
"7468",0,0,21629,-1.52409977806294,0,1,1
"7469",0,0,2187,-1.52409977806294,0,1,1
"7470",1,1,423,-1.52409977806294,1,1,0
"7471",1,1,16404,0.721366492012549,1,1,1
"7472",1,1,22734,0.666137370140579,1,1,0
"7473",1,1,5964,0.524892878948738,1,1,0
"7474",1,1,681,-1.52409977806294,0,1,0
"7475",1,1,18844,0.421971010103767,1,1,1
"7476",0,0,4019,-0.181081114591303,0,1,0
"7477",0,1,14310,-1.52409977806294,1,1,0
"7478",1,1,17412,-1.52409977806294,1,0,1
"7479",1,1,20190,0.529844004640876,0,1,1
"7480",0,0,12653,-1.52409977806294,1,1,0
"7481",1,1,2370,0.975474577058332,0,0,0
"7482",0,1,785,0.942568834294173,0,1,1
"7483",0,0,3397,0.236559642183387,0,1,1
"7484",0,0,1524,0.785922884551371,1,1,1
"7485",1,1,8258,0.400266011144916,1,0,0
"7486",1,1,803,0.690619104557388,0,1,0
"7487",0,0,14536,0.77856753050834,0,1,0
"7488",0,0,33,-1.52409977806294,1,1,0
"7489",1,1,0,0.582436046135425,0,1,0
"7490",0,1,7278,-1.52409977806294,0,0,0
"7491",1,1,21913,0.648797858205049,1,1,0
"7492",0,1,3509,0.787392039429005,1,1,1
"7493",1,1,0,0.76944640681397,0,0,0
"7494",0,0,5152,-0.0848629536107846,0,0,0
"7495",1,1,13012,-1.52409977806294,1,1,1
"7496",0,1,6395,0.502586937833349,1,1,1
"7497",1,1,0,0.290341866347252,1,0,0
"7498",1,1,37977,0.836862310742941,0,1,1
"7499",1,1,12062,0.648797858205049,1,0,0
"7500",1,1,22560,0.298682562489333,0,0,0
"7501",0,0,1686,0.726847817268774,1,1,1
"7502",1,1,9325,-0.422156894204399,1,1,0
"7503",1,1,29208,0.460778602579723,1,1,0
"7504",1,1,1481,0.726847817268774,1,0,1
"7505",0,0,18581,-1.52409977806294,1,1,1
"7506",0,0,35656,0.659264324333317,0,1,0
"7507",0,0,15813,-1.52409977806294,0,0,0
"7508",0,1,1799,0.690619104557388,1,1,0
"7509",1,1,0,-1.52409977806294,1,1,0
"7510",1,1,32081,1.0249493702102,0,1,1
"7511",1,1,32781,0.878690015641386,1,1,1
"7512",0,1,37524,0.726847817268774,0,1,1
"7513",1,1,46855,0.0247237191026457,1,0,1
"7514",0,1,3231,-1.52409977806294,1,0,1
"7515",0,1,49467,0.836862310742941,1,1,1
"7516",0,0,27432,-0.0245753344106287,1,1,0
"7517",1,1,36735,0.946884340069479,1,1,0
"7518",0,1,2896,0.510227782937839,1,1,0
"7519",0,1,8076,0.588262676782656,1,1,0
"7520",0,0,31290,0.162993191115368,1,1,1
"7521",1,1,24393,0.836862310742941,0,0,0
"7522",0,0,3150,0.400266011144916,0,1,0
"7523",0,1,18663,0.254151860684496,0,1,0
"7524",0,1,13804,0.538805966010795,0,0,0
"7525",0,0,0,-1.52409977806294,0,0,1
"7526",0,1,41028,0.630854698390172,1,1,0
"7527",1,1,10725,1.04667001220076,0,1,1
"7528",0,0,16791,-1.52409977806294,1,1,0
"7529",1,1,0,-1.52409977806294,0,0,1
"7530",0,0,3405,-1.52409977806294,0,1,0
"7531",0,0,16121,0.818141918049088,1,1,1
"7532",1,1,6065,0.815463836030084,0,1,0
"7533",0,1,9321,-1.52409977806294,0,0,0
"7534",0,0,10830,0.787392039429005,1,1,0
"7535",0,0,18648,0.615961520055322,1,0,1
"7536",1,1,12944,0.729614664691683,1,1,0
"7537",1,1,15192,0.836862310742941,0,1,1
"7538",0,0,3618,0.115779474903159,0,1,1
"7539",0,0,3397,0.0664290524095003,0,1,0
"7540",0,1,42555,0.388725799245469,1,0,0
"7541",0,0,21924,0.698262101690902,1,1,1
"7542",1,1,3622,0.648797858205049,1,1,0
"7543",1,1,1128,0.787392039429005,1,1,1
"7544",1,1,0,-1.52409977806294,1,1,0
"7545",1,1,9150,0.357261837405337,0,0,1
"7546",0,0,903,1.08550263582028,1,1,1
"7547",1,1,60528,0.996358630753979,1,1,0
"7548",0,1,0,0.689375999533531,0,1,1
"7549",1,1,9409,-1.52409977806294,0,1,0
"7550",1,1,24813,0.836862310742941,1,1,0
"7551",1,1,9966,0.787392039429005,1,1,1
"7552",0,1,18306,0.212382210845837,0,1,1
"7553",1,1,18300,0.460778602579723,0,0,1
"7554",0,1,55770,0.787392039429005,0,1,1
"7555",0,0,27940,0.946884340069479,1,1,1
"7556",0,0,0,-1.52409977806294,0,0,0
"7557",0,0,46098,0.889108703345574,0,1,1
"7558",1,1,40953,-0.516292427492594,0,1,1
"7559",0,0,3775,0.669677223254283,1,1,0
"7560",0,0,57,-1.52409977806294,0,1,1
"7561",0,0,0,0.544177440541665,0,1,0
"7562",0,0,37658,1.04667001220076,0,1,1
"7563",1,1,24996,-1.52409977806294,1,0,1
"7564",1,1,15169,-1.52409977806294,0,0,0
"7565",1,1,32472,0.909476164060835,1,1,0
"7566",0,1,12596,-1.52409977806294,1,0,0
"7567",1,1,3369,-1.52409977806294,0,1,0
"7568",0,1,207,0.599336628080891,1,1,1
"7569",0,1,0,-1.52409977806294,1,1,0
"7570",0,1,16487,0.588262676782656,1,0,1
"7571",1,1,48063,0.776315827974546,0,1,1
"7572",1,1,577,-1.52409977806294,1,1,0
"7573",0,0,5977,0.792765109235685,1,1,1
"7574",0,0,478,0.831472800542409,1,0,1
"7575",1,1,1035,-1.52409977806294,0,0,0
"7576",1,1,22515,-1.52409977806294,1,1,0
"7577",1,1,5733,-0.162485836395737,1,0,0
"7578",1,1,796,-1.52409977806294,0,1,1
"7579",0,1,20637,0.411335444897134,1,0,0
"7580",0,1,8166,0.423219715793059,1,1,0
"7581",1,1,34060,0.778287087276803,1,1,0
"7582",1,1,33533,0.787392039429005,1,1,1
"7583",1,1,65781,0.400266011144916,0,0,0
"7584",0,0,2898,-1.52409977806294,1,1,0
"7585",1,1,39146,0.836862310742941,1,1,1
"7586",1,1,1947,0.864771830723392,1,1,1
"7587",0,0,5164,-1.52409977806294,0,1,1
"7588",1,1,3308,-1.52409977806294,0,1,0
"7589",0,1,5685,0.862312503598473,1,1,0
"7590",0,1,4329,0.829528376423961,0,1,0
"7591",1,1,0,0.681715274255703,0,0,1
"7592",0,0,9776,0.0247237191026457,0,1,0
"7593",0,0,8298,0.212382210845837,1,0,1
"7594",1,1,4124,0.648797858205049,0,0,0
"7595",1,1,18567,-1.52409977806294,0,1,1
"7596",1,1,0,-1.52409977806294,1,0,0
"7597",0,0,29778,-0.253440105307902,1,1,0
"7598",0,0,21166,0.639600607607771,1,0,1
"7599",1,1,687,0.44970766338848,0,1,1
"7600",0,1,147,0.774045286464019,0,1,0
"7601",0,0,25836,0.914923572565032,0,1,0
"7602",0,0,14798,0.836862310742941,0,1,0
"7603",0,0,31854,-0.201044883866856,0,0,1
"7604",0,1,0,0.151937287910338,1,1,1
"7605",0,0,699,0.691624951349058,1,1,1
"7606",0,1,1533,0.68718676929572,1,1,0
"7607",1,1,2544,0.911510310479283,0,1,1
"7608",0,1,0,0.682754604906798,1,1,1
"7609",0,0,34926,0.0247237191026457,1,1,1
"7610",1,1,0,0.183337027141064,0,0,1
"7611",0,1,11539,0.80320226902451,1,1,0
"7612",1,1,8678,0.599336628080891,1,1,0
"7613",1,1,5627,0.914923572565032,1,1,0
"7614",1,1,2973,-1.52409977806294,0,1,0
"7615",0,0,1887,0.758804816873193,0,0,1
"7616",1,1,28833,0.914923572565032,1,1,1
"7617",0,0,0,-1.52409977806294,1,1,0
"7618",0,0,27240,0.705695732448699,1,1,1
"7619",0,1,31360,0.698262101690902,1,1,1
"7620",1,1,18197,0.865220299810814,0,0,0
"7621",1,1,9128,1.10301628464762,0,1,1
"7622",1,1,7068,-0.246004437684148,1,1,0
"7623",1,1,14252,-1.52409977806294,1,1,0
"7624",1,1,858,0.0807355905936145,1,1,0
"7625",0,1,23775,-1.52409977806294,0,1,0
"7626",1,1,1639,0.221702967861651,0,1,0
"7627",1,1,37157,-1.52409977806294,0,1,0
"7628",0,1,17646,0.860245901386767,1,0,0
"7629",0,1,81046,0.890448327082638,1,1,1
"7630",0,0,44055,1.04667001220076,1,1,1
"7631",0,0,0,0.460778602579723,0,0,0
"7632",0,1,0,-1.52409977806294,0,1,1
"7633",0,1,23019,0.835774775912344,1,1,0
"7634",1,1,32897,0.598902238406702,1,1,1
"7635",0,0,0,0.758804816873193,1,1,1
"7636",1,1,4230,-1.52409977806294,0,0,1
"7637",0,0,47606,0.758804816873193,0,0,0
"7638",0,0,3844,-1.52409977806294,0,1,0
"7639",1,1,21096,-1.52409977806294,0,1,0
"7640",0,1,3510,-1.52409977806294,1,0,0
"7641",1,1,9105,0.648797858205049,0,1,0
"7642",0,0,46430,1.00133785291652,1,1,1
"7643",0,1,5143,-1.52409977806294,1,1,0
"7644",1,1,17871,-1.52409977806294,0,1,1
"7645",1,1,23571,0.881005929775474,1,1,1
"7646",1,1,8793,-1.52409977806294,0,1,1
"7647",0,0,1429,0.221266306639516,1,1,0
"7648",0,1,7474,1.04246273638602,1,1,0
"7649",1,1,4116,0.726847817268774,1,1,1
"7650",0,1,52660,0.376672979649578,1,0,0
"7651",0,0,11415,1.10301628464762,1,1,0
"7652",0,0,0,-1.52409977806294,0,0,1
"7653",0,1,2232,0.599336628080891,0,0,1
"7654",1,1,59439,-1.52409977806294,1,1,1
"7655",0,1,33942,-1.52409977806294,1,0,1
"7656",0,0,27328,0.234069855077653,1,1,0
"7657",0,1,26421,-1.52409977806294,1,0,0
"7658",0,1,20541,0.988714198260819,1,1,0
"7659",0,0,20997,0.671096996656237,0,1,0
"7660",0,0,93,-1.52409977806294,1,1,1
"7661",0,0,0,-1.52409977806294,1,1,0
"7662",1,1,17304,0.726847817268774,1,0,0
"7663",1,1,59727,1.01340031708472,0,1,1
"7664",0,0,30439,0.538805966010795,1,1,1
"7665",0,1,1672,0.712931162099861,1,0,1
"7666",0,1,5687,-1.52409977806294,0,0,0
"7667",0,1,22863,0.151937287910338,1,1,0
"7668",1,1,24827,-1.52409977806294,1,0,0
"7669",0,0,303,0.648797858205049,0,1,1
"7670",0,0,18325,-0.0245753344106287,1,1,0
"7671",0,0,3309,0.308047158263768,1,1,1
"7672",1,1,3317,-1.52409977806294,1,1,0
"7673",0,0,7086,-1.52409977806294,0,1,0
"7674",0,1,15366,-1.52409977806294,0,1,0
"7675",1,1,6813,0.162993191115368,1,0,0
"7676",0,0,0,-1.52409977806294,1,0,0
"7677",1,1,52493,0.787392039429005,1,1,0
"7678",0,1,127,0.212382210845837,1,0,1
"7679",1,1,0,-1.52409977806294,1,1,0
"7680",0,1,5709,-1.52409977806294,1,1,0
"7681",0,1,108,-1.52409977806294,1,1,0
"7682",0,0,1371,0.588262676782656,0,1,0
"7683",0,0,6102,-1.52409977806294,1,1,0
"7684",0,1,25262,-0.229408051222066,0,1,0
"7685",1,1,10029,-1.52409977806294,0,1,0
"7686",1,1,490,-0.133533371987194,1,1,0
"7687",0,0,12084,0.538805966010795,1,1,1
"7688",1,1,11139,-1.52409977806294,1,1,1
"7689",1,1,16650,0.640720877066501,1,1,1
"7690",0,1,0,0.339764708356472,0,0,0
"7691",1,1,19195,0.798033861226659,1,1,0
"7692",0,1,33351,0.836862310742941,1,0,0
"7693",1,1,606,-1.52409977806294,0,1,0
"7694",0,0,26630,0.661689740077445,0,1,0
"7695",0,0,17466,-1.52409977806294,0,1,1
"7696",1,1,639,-1.52409977806294,1,1,1
"7697",0,0,47415,1.0667803051313,1,1,0
"7698",0,0,4204,0.386357678712877,1,1,1
"7699",1,1,0,-1.52409977806294,1,0,0
"7700",0,0,42739,0.494724716745903,1,1,1
"7701",1,1,12024,0.454930351681579,1,0,0
"7702",1,1,43120,1.08550263582028,1,1,1
"7703",1,1,2760,-1.52409977806294,1,1,1
"7704",0,0,3700,0.393864048777698,1,0,1
"7705",1,1,28603,-1.52409977806294,1,1,1
"7706",0,1,34620,-1.52409977806294,0,0,1
"7707",0,1,36669,0.0229144797950243,1,1,0
"7708",0,0,5462,-0.516292427492594,1,1,0
"7709",0,0,0,-1.52409977806294,1,0,0
"7710",0,1,26241,-0.277053678368629,1,1,1
"7711",0,0,41059,1.00700157333566,1,0,0
"7712",0,1,26667,0.842235557860984,1,1,0
"7713",0,1,22579,0.000207034090323292,0,1,0
"7714",0,1,344,0.56329967046115,0,1,0
"7715",0,0,73636,0.946884340069479,0,1,1
"7716",1,1,7587,0.648797858205049,1,1,1
"7717",0,0,12573,-1.52409977806294,1,1,0
"7718",1,1,553,-1.52409977806294,1,1,0
"7719",1,1,20652,-1.52409977806294,0,1,1
"7720",1,1,37131,0.979113402025232,1,0,1
"7721",1,1,2730,0.534293036920043,0,1,0
"7722",0,1,5797,0.538805966010795,1,1,1
"7723",1,1,14380,-1.52409977806294,1,0,0
"7724",0,1,3916,0.787392039429005,1,0,0
"7725",1,1,858,0.657693603537611,0,1,1
"7726",1,1,19225,0.878690015641386,1,0,1
"7727",0,0,11061,0.787392039429005,1,1,0
"7728",0,0,10471,-0.0356087600703391,1,1,0
"7729",0,0,6186,0.657693603537611,1,0,0
"7730",1,1,28621,0.813252848858161,1,1,0
"7731",0,1,0,0.881850170784676,1,0,1
"7732",0,0,26115,0.869985102632631,0,0,1
"7733",0,0,17085,-0.0848629536107846,1,1,0
"7734",1,1,27834,-1.52409977806294,1,1,0
"7735",1,1,33795,0.914923572565032,0,1,1
"7736",1,1,0,0.339764708356472,1,0,0
"7737",1,1,0,0.460778602579723,0,0,0
"7738",0,0,4488,-1.52409977806294,1,1,1
"7739",1,1,59877,0.538805966010795,1,0,1
"7740",1,1,0,0.779463006316917,0,0,0
"7741",0,0,2754,0.787392039429005,1,1,0
"7742",0,0,2341,0.350831884717768,1,1,0
"7743",1,1,12537,0.726847817268774,0,1,1
"7744",0,0,5748,-0.277053678368629,1,1,0
"7745",0,1,28026,0.322268754740774,1,0,1
"7746",1,1,18219,-1.52409977806294,1,1,0
"7747",1,1,17730,0.897411054289019,1,1,1
"7748",0,1,13098,0.243089518490069,1,1,0
"7749",0,0,3669,1.02449672246786,1,1,1
"7750",0,0,69846,0.758804816873193,1,1,1
"7751",0,1,9569,0.946884340069479,1,1,0
"7752",1,1,18612,1.0249493702102,1,1,0
"7753",0,0,8389,0.134460119762742,0,1,0
"7754",0,1,13383,-1.52409977806294,1,1,1
"7755",1,1,9627,-0.0848629536107846,1,0,1
"7756",1,1,29762,0.836862310742941,1,0,0
"7757",1,1,462,-1.52409977806294,0,0,0
"7758",1,1,16722,0.124657342415769,0,1,0
"7759",0,1,3693,0.693778810996071,1,1,1
"7760",0,0,226,0.863626917627337,1,1,1
"7761",1,1,39051,-1.52409977806294,0,1,1
"7762",0,0,3573,-1.52409977806294,0,0,0
"7763",0,0,80472,-1.52409977806294,1,1,1
"7764",0,0,16336,0.690619104557388,1,1,0
"7765",0,0,17184,0.787392039429005,1,1,0
"7766",1,1,418,0.653282178526071,0,1,1
"7767",0,0,30171,0.726847817268774,0,1,0
"7768",1,1,6304,0.876744874781176,1,0,1
"7769",0,1,12729,0.914923572565032,1,1,1
"7770",0,1,19045,0.53332602432292,1,1,0
"7771",1,1,9180,0.290341866347252,1,1,1
"7772",0,1,0,1.0667803051313,1,1,1
"7773",0,0,23064,0.740085500669882,1,1,0
"7774",0,1,180,0.0421821420928183,1,1,0
"7775",0,1,20661,0.362246330282867,1,1,0
"7776",1,1,16127,0.780800704113509,0,1,1
"7777",1,1,68248,0.836862310742941,1,1,1
"7778",0,1,0,-1.52409977806294,1,1,0
"7779",1,1,0,-0.462435841116726,1,1,1
"7780",1,1,11582,-1.52409977806294,1,1,1
"7781",1,1,28050,0.290341866347252,1,1,1
"7782",1,1,14727,-0.363477209479104,0,1,0
"7783",0,0,318,-1.52409977806294,1,1,0
"7784",1,1,555,0.0936270063247277,1,1,0
"7785",0,1,0,0.102570790588686,1,1,1
"7786",0,0,39684,0.400266011144916,1,0,0
"7787",1,1,657,0.726847817268774,1,1,0
"7788",0,1,3358,0.831472800542409,1,1,0
"7789",0,1,520,0.946884340069479,1,1,1
"7790",0,1,29962,0.878690015641386,1,1,0
"7791",0,0,2186,0.350831884717768,0,1,0
"7792",1,1,6994,-1.52409977806294,1,0,0
"7793",1,1,4515,0.538805966010795,0,0,0
"7794",1,1,74511,1.03615716128015,1,1,1
"7795",0,0,28311,0.733547364867927,0,0,0
"7796",0,0,0,0.798033861226659,1,1,0
"7797",1,1,12450,0.82929596663755,1,1,0
"7798",0,1,318,0.478282081698801,1,1,0
"7799",0,1,28407,0.510227782937839,1,1,1
"7800",1,1,5559,0.400266011144916,1,1,1
"7801",0,0,1110,-0.0356087600703391,0,1,1
"7802",0,0,9,-1.52409977806294,0,1,0
"7803",0,1,25424,0.758804816873193,1,1,1
"7804",0,1,6910,-1.52409977806294,0,1,1
"7805",0,0,1188,-0.485064349970665,1,0,0
"7806",0,0,40180,0.914923572565032,1,1,1
"7807",0,0,29098,0.740085500669882,1,0,1
"7808",0,1,0,0.0725450270978307,1,1,0
"7809",1,1,26391,1.11946789335359,1,1,0
"7810",0,0,0,-1.52409977806294,0,1,1
"7811",1,0,10672,0.726847817268774,1,1,1
"7812",1,1,10515,0.662034465294971,1,1,0
"7813",1,1,33034,0.975474577058332,0,0,1
"7814",0,0,15542,0.630080694611304,1,1,0
"7815",1,1,4713,-0.0848629536107846,0,1,0
"7816",1,1,4285,0.442067893844077,1,1,0
"7817",0,0,47835,0.786957562824687,1,1,1
"7818",1,1,23761,0.531242178217842,1,1,0
"7819",1,1,3605,0.870824376213852,1,0,0
"7820",1,1,0,-1.52409977806294,1,1,0
"7821",0,0,0,-1.52409977806294,0,0,1
"7822",0,0,25923,0.787392039429005,0,1,0
"7823",1,1,0,0.946884340069479,0,1,0
"7824",0,1,0,0.290341866347252,0,1,0
"7825",0,1,63364,0.891411737046642,1,0,1
"7826",0,0,15786,-1.52409977806294,0,1,1
"7827",0,0,11912,0.908053571717931,1,0,1
"7828",0,1,1857,0.117065661628186,1,0,0
"7829",1,1,27794,0.836862310742941,0,0,1
"7830",1,1,21027,-1.52409977806294,1,0,0
"7831",0,1,30558,-1.52409977806294,1,1,0
"7832",1,1,0,0.538805966010795,0,1,1
"7833",0,1,0,-1.52409977806294,1,1,0
"7834",0,0,35085,-1.52409977806294,0,1,1
"7835",1,1,0,0.698262101690902,1,1,0
"7836",1,1,1679,-1.52409977806294,0,0,0
"7837",0,0,0,-1.52409977806294,1,1,1
"7838",1,1,8388,-0.0848629536107846,1,1,0
"7839",0,0,22996,0.858581213504869,0,1,1
"7840",1,1,12306,0.858581213504869,1,1,1
"7841",0,1,2189,0.787392039429005,0,1,1
"7842",0,1,25505,0.538805966010795,1,1,0
"7843",0,0,3365,0.510227782937839,0,0,0
"7844",0,0,18980,-1.52409977806294,1,1,1
"7845",0,0,31338,0.842058153121209,1,1,0
"7846",0,0,0,0.162993191115368,1,0,0
"7847",1,1,17986,-0.255964634126671,1,1,0
"7848",1,1,5478,0.648797858205049,1,0,0
"7849",0,0,51734,-1.52409977806294,0,0,1
"7850",0,0,15207,0.599336628080891,0,1,0
"7851",0,0,13833,0.212382210845837,1,1,0
"7852",1,1,12004,-0.00376937244849058,0,0,0
"7853",1,1,13741,0.485639855349572,1,1,1
"7854",1,1,84873,0.655673250302068,1,0,1
"7855",1,1,6948,0.726847817268774,1,1,1
"7856",1,1,6168,-1.52409977806294,1,1,1
"7857",1,1,6768,-1.52409977806294,1,1,1
"7858",0,1,0,0.0664290524095003,1,1,1
"7859",0,0,6439,-1.52409977806294,0,0,0
"7860",1,1,17248,-1.52409977806294,1,1,0
"7861",0,1,13898,0.930414773484233,1,1,0
"7862",1,1,28052,0.212382210845837,1,1,1
"7863",1,1,0,-1.52409977806294,1,1,0
"7864",0,0,2463,0.212382210845837,0,0,0
"7865",0,0,17448,-1.52409977806294,1,1,0
"7866",1,1,0,-1.52409977806294,0,1,0
"7867",0,1,9624,0.813252848858161,1,1,1
"7868",0,1,42993,0.648797858205049,1,1,1
"7869",1,1,39540,0.787392039429005,1,1,0
"7870",1,1,20910,-1.52409977806294,1,0,0
"7871",0,1,27312,0.942446271396749,0,0,0
"7872",1,1,5824,0.690619104557388,0,1,0
"7873",1,1,53136,0.460778602579723,0,1,0
"7874",1,1,66408,1.0249493702102,1,1,1
"7875",1,1,17726,-1.52409977806294,1,0,0
"7876",0,0,16944,0.726847817268774,0,1,1
"7877",1,1,933,-1.52409977806294,0,1,0
"7878",1,1,7077,-0.0424507583618275,0,1,0
"7879",1,1,16760,0.776315827974546,1,1,1
"7880",0,0,6668,0.878690015641386,1,1,0
"7881",1,1,4370,0.538805966010795,0,1,0
"7882",1,1,134861,0.914923572565032,1,1,1
"7883",1,1,8116,0.322268754740774,0,1,0
"7884",0,0,3758,-1.52409977806294,1,1,0
"7885",0,0,1705,0.666306985702979,0,0,0
"7886",0,1,8289,0.588262676782656,0,1,0
"7887",0,1,12478,-0.0987121262519041,0,1,0
"7888",0,0,8652,0.442067893844077,1,1,1
"7889",0,0,26758,0.787392039429005,1,1,1
"7890",1,1,64865,0.787392039429005,1,0,1
"7891",0,1,0,0.588262676782656,1,1,0
"7892",0,0,5958,0.538805966010795,0,0,1
"7893",0,0,123,-1.52409977806294,0,1,1
"7894",0,1,928,0.254151860684496,0,1,1
"7895",0,1,29122,0.827663501255355,0,0,1
"7896",0,0,0,0.675394289347539,1,0,0
"7897",0,0,17220,0.878690015641386,0,0,0
"7898",0,0,0,0.0740527248145915,1,1,0
"7899",1,1,0,0.787392039429005,0,1,1
"7900",1,1,16674,0.888922120394939,0,1,0
"7901",1,1,27128,0.758804816873193,1,1,1
"7902",1,1,12153,0.787392039429005,1,0,1
"7903",0,1,23595,0.975474577058332,1,1,1
"7904",0,0,171,0.306774542140354,1,0,1
"7905",0,0,19734,1.06819160640936,1,1,1
"7906",0,1,6,0.977636802546718,1,1,0
"7907",0,0,2588,0.290341866347252,0,1,0
"7908",1,1,25993,-1.52409977806294,1,1,0
"7909",1,1,0,0.975474577058332,1,1,1
"7910",0,1,6684,0.726847817268774,1,0,0
"7911",0,0,9072,0.773474670419045,0,1,1
"7912",0,0,4011,0.787392039429005,1,1,0
"7913",0,0,2118,0.858581213504869,1,1,0
"7914",0,0,1458,1.11946789335359,1,1,1
"7915",0,1,0,-1.52409977806294,0,1,1
"7916",1,1,16864,-0.0603507542620682,1,1,0
"7917",1,1,2505,-1.52409977806294,0,0,0
"7918",0,0,34,0.290341866347252,1,1,0
"7919",1,1,885,-1.52409977806294,1,0,0
"7920",0,0,22455,0.867613158258519,1,0,0
"7921",0,0,35600,-0.222594683552271,1,1,0
"7922",1,1,26295,0.599336628080891,1,1,0
"7923",1,1,21304,0.443227660100615,0,1,1
"7924",0,0,24093,1.20149819055939,1,1,1
"7925",0,0,84,-1.52409977806294,0,1,1
"7926",1,1,6227,-1.52409977806294,0,0,1
"7927",0,1,15915,0.460778602579723,0,1,0
"7928",0,0,810,0.350831884717768,0,0,1
"7929",1,1,48864,1.0667803051313,1,0,1
"7930",0,0,4618,0.975474577058332,1,1,1
"7931",1,1,19552,0.975474577058332,0,1,1
"7932",1,1,22955,-1.52409977806294,1,1,1
"7933",0,0,20769,0.376672979649578,1,1,0
"7934",0,0,0,0.350831884717768,0,0,1
"7935",0,0,24543,-1.52409977806294,1,0,1
"7936",1,1,68628,0.538805966010795,1,1,0
"7937",1,1,11607,0.212382210845837,1,1,1
"7938",1,1,12789,0.648797858205049,1,1,0
"7939",1,1,1305,0.726847817268774,1,1,0
"7940",1,1,19796,0.355668575151961,1,1,1
"7941",1,1,513,0.939240051136545,1,1,1
"7942",1,1,24561,0.510227782937839,1,0,0
"7943",0,1,17130,0.813252848858161,1,1,1
"7944",0,0,21499,0.648797858205049,1,1,1
"7945",1,1,2832,0.787392039429005,1,1,1
"7946",0,0,26335,0.836862310742941,1,1,0
"7947",0,1,27324,1.0667803051313,0,1,1
"7948",1,1,6382,0.964397235179709,1,1,0
"7949",0,0,108,0.707158333084026,1,1,1
"7950",1,1,21049,0.776315827974546,1,1,1
"7951",0,0,1008,-0.271625799614365,0,0,1
"7952",1,1,36573,0.749731244397858,0,1,1
"7953",0,0,1128,-1.52409977806294,1,1,0
"7954",1,1,19503,-1.52409977806294,1,1,0
"7955",1,1,19614,0.212382210845837,0,0,0
"7956",0,1,8730,0.360158743904336,0,1,0
"7957",1,1,8112,0.648797858205049,1,1,1
"7958",0,1,31948,0.173616265187286,1,0,0
"7959",1,1,28692,0.836862310742941,1,0,0
"7960",1,1,23682,0.874785691488859,1,1,0
"7961",0,0,23880,-1.52409977806294,0,0,1
"7962",0,0,17817,0.494724716745903,1,1,0
"7963",0,1,41067,0.787392039429005,0,1,1
"7964",0,0,27849,0.83344919175068,1,1,0
"7965",1,1,0,-1.52409977806294,0,0,0
"7966",0,0,0,-1.52409977806294,1,1,0
"7967",0,0,29041,0.822944465798256,0,1,0
"7968",0,0,300,0.110572890441047,0,1,0
"7969",0,1,15584,-1.52409977806294,1,0,1
"7970",0,0,41958,0.667660107314585,0,1,0
"7971",0,0,20601,0.886334089244092,0,1,0
"7972",0,0,59676,0.878690015641386,1,1,0
"7973",1,1,675,0.167825097230958,0,1,0
"7974",0,1,789,-1.52409977806294,0,1,0
"7975",0,1,12076,0.689064331522237,1,1,1
"7976",1,1,3672,0.787392039429005,0,1,1
"7977",0,1,0,-1.52409977806294,0,1,0
"7978",1,1,11442,0.827663501255355,0,1,1
"7979",0,0,0,-1.52409977806294,1,1,0
"7980",0,0,21343,0.437378621392174,1,1,0
"7981",1,1,16274,-1.52409977806294,1,1,0
"7982",0,1,26850,0.858581213504869,0,1,0
"7983",0,0,912,-1.52409977806294,1,1,0
"7984",0,0,52206,-1.52409977806294,0,1,1
"7985",0,0,3220,0.538805966010795,0,0,0
"7986",0,1,7163,0.836862310742941,1,1,1
"7987",1,1,46101,-1.52409977806294,1,1,0
"7988",1,1,24564,-1.52409977806294,1,1,1
"7989",1,1,38717,0.564659378976687,1,0,1
"7990",0,1,47546,0.726847817268774,1,0,1
"7991",0,0,21214,0.689064331522237,0,0,0
"7992",0,0,52628,0.836862310742941,0,1,1
"7993",0,1,1683,-1.52409977806294,1,1,0
"7994",0,1,22817,-1.52409977806294,1,0,1
"7995",1,1,18319,0.911887877580098,1,1,1
"7996",1,1,0,0.400266011144916,1,0,1
"7997",1,1,54980,0.914923572565032,0,1,1
"7998",1,1,1761,0.491514923077756,1,1,0
"7999",1,1,5445,0.538805966010795,1,1,1
"8000",1,1,31418,0.350831884717768,0,1,0
"8001",1,1,24010,-0.190879467340923,1,0,0
"8002",1,1,7338,-1.52409977806294,1,0,1
"8003",0,1,401,-0.0245753344106287,0,1,0
"8004",0,0,0,-1.52409977806294,1,0,0
"8005",1,1,20781,-1.52409977806294,1,0,1
"8006",0,0,34083,0.914923572565032,1,1,1
"8007",0,0,26992,0.648797858205049,0,1,0
"8008",1,1,25925,0.648797858205049,1,1,1
"8009",1,1,13200,-1.52409977806294,1,0,0
"8010",0,1,41985,1.13497893643568,1,1,1
"8011",1,1,1833,0.510227782937839,1,1,1
"8012",0,0,30051,0.648797858205049,1,1,1
"8013",0,1,54761,-1.52409977806294,1,1,0
"8014",0,1,13957,-1.52409977806294,0,1,0
"8015",0,0,4529,0.350831884717768,0,1,0
"8016",0,0,23084,0.723572324962316,1,1,0
"8017",1,1,26016,0.961555780146514,1,1,1
"8018",1,1,19957,0.791805774372184,1,1,1
"8019",1,1,32709,0.562803537067016,1,1,0
"8020",0,1,127353,0.963264220733636,0,1,1
"8021",0,0,3009,-1.52409977806294,1,1,0
"8022",1,1,51918,0.376672979649578,1,1,1
"8023",0,0,3606,-1.52409977806294,0,0,0
"8024",0,1,0,-1.52409977806294,0,0,0
"8025",1,1,59295,1.0667803051313,1,1,1
"8026",0,0,20787,0.975474577058332,1,1,1
"8027",1,1,8402,-1.52409977806294,1,0,0
"8028",1,1,0,-1.52409977806294,0,1,0
"8029",0,0,4401,-1.52409977806294,0,0,0
"8030",0,1,3524,-1.52409977806294,1,1,0
"8031",0,0,359,0.27284967305627,1,1,0
"8032",1,1,39141,-1.52409977806294,1,0,1
"8033",1,1,0,-1.52409977806294,1,0,1
"8034",0,0,3117,0.162993191115368,1,0,0
"8035",0,1,1209,0.460778602579723,1,1,1
"8036",0,0,31785,0.975474577058332,1,1,0
"8037",1,1,18163,0.746469819813544,1,1,0
"8038",0,1,746,-1.52409977806294,1,0,0
"8039",1,1,26460,0.690619104557388,1,0,1
"8040",0,0,14293,-1.52409977806294,1,1,0
"8041",0,0,21707,-1.52409977806294,1,1,0
"8042",1,1,771,-1.52409977806294,1,1,0
"8043",0,0,122,0.648797858205049,0,1,1
"8044",0,1,17316,-1.52409977806294,1,1,0
"8045",0,1,0,0.350831884717768,0,0,1
"8046",0,1,6,-1.52409977806294,1,1,0
"8047",1,1,3886,0.599336628080891,0,1,1
"8048",1,1,4011,-1.52409977806294,1,0,0
"8049",0,0,26637,0.897411054289019,1,1,1
"8050",0,0,6802,0.478282081698801,0,1,0
"8051",0,0,6746,0.273571441808861,1,1,0
"8052",0,1,42768,1.17681094814207,1,0,1
"8053",1,1,6436,-1.52409977806294,0,1,0
"8054",0,0,14007,1.08550263582028,1,1,1
"8055",1,1,50147,0.878690015641386,0,0,1
"8056",0,0,5484,0.817219747273698,1,1,1
"8057",0,1,26808,0.758804816873193,0,0,0
"8058",1,1,25644,1.09518741416105,1,1,0
"8059",0,0,5418,0.588262676782656,0,1,1
"8060",1,1,0,0.972747341856746,1,0,0
"8061",1,1,49752,1.05081305718567,1,0,1
"8062",0,1,20850,0.538805966010795,0,1,1
"8063",0,1,42254,0.836862310742941,0,1,1
"8064",1,1,5889,0.599336628080891,1,1,0
"8065",0,1,26055,0.576717554763112,1,1,1
"8066",1,1,11622,0.836862310742941,1,1,0
"8067",0,1,16287,0.524178143505306,0,0,1
"8068",0,0,523,-1.52409977806294,1,1,0
"8069",1,1,354,-1.52409977806294,0,1,1
"8070",0,1,10392,0.254151860684496,1,1,0
"8071",0,0,246,0.878690015641386,0,1,0
"8072",1,1,20389,-1.52409977806294,1,1,0
"8073",0,0,40434,0.562182092117177,1,1,0
"8074",0,0,15538,0.846284183291457,1,1,0
"8075",0,0,15248,0.758804816873193,1,0,1
"8076",0,1,71886,0.588262676782656,1,1,1
"8077",1,1,21060,0.102570790588686,1,0,1
"8078",0,1,0,-1.52409977806294,0,1,0
"8079",0,0,1458,0.658305520123825,1,1,0
"8080",0,0,26458,0.761802912886201,1,1,0
"8081",1,1,7045,0.400266011144916,1,1,1
"8082",0,1,3660,-1.52409977806294,1,1,1
"8083",0,0,43145,0.648797858205049,1,0,1
"8084",0,1,30604,0.763763666112446,0,1,1
"8085",0,1,0,0.47879013468526,1,1,0
"8086",0,0,4800,0.869223516883707,1,1,0
"8087",1,1,17832,-1.52409977806294,0,0,1
"8088",1,1,1515,0.322268754740774,1,0,0
"8089",1,1,30388,0.837133514853793,1,0,0
"8090",0,1,0,-1.52409977806294,0,0,1
"8091",1,1,17538,0.787392039429005,0,1,0
"8092",0,1,0,0.314632210060472,1,0,0
"8093",0,0,27356,0.350831884717768,1,1,1
"8094",0,1,10518,-1.52409977806294,1,0,0
"8095",1,1,7671,-1.52409977806294,1,1,0
"8096",1,1,14094,-0.113306227831029,0,1,1
"8097",1,1,39676,0.313078771983702,1,1,1
"8098",0,1,8214,-1.52409977806294,1,1,1
"8099",1,1,33192,-1.52409977806294,1,1,0
"8100",1,1,26581,0.818141918049088,1,1,1
"8101",0,1,3309,-1.52409977806294,1,1,1
"8102",1,1,10255,-1.52409977806294,1,1,1
"8103",0,0,9154,-1.52409977806294,0,0,0
"8104",0,1,510,0.682754604906798,1,1,0
"8105",1,1,31505,0.936528517178941,0,1,1
"8106",1,1,2505,0.419876980493564,1,1,0
"8107",0,0,0,0.100532846911682,0,0,0
"8108",1,1,2046,1.11625639038912,1,1,0
"8109",0,0,37112,0.787392039429005,0,1,1
"8110",1,1,19735,-1.52409977806294,1,1,0
"8111",0,0,29841,1.10301628464762,1,1,1
"8112",0,0,1435,-1.52409977806294,1,1,0
"8113",0,1,53669,0.996433998000288,0,0,1
"8114",1,1,42567,1.08550263582028,1,0,0
"8115",0,0,46028,-1.52409977806294,1,1,1
"8116",0,0,650,0.975474577058332,1,1,0
"8117",0,1,40661,0.886334089244092,1,1,1
"8118",1,1,4746,-1.52409977806294,1,1,0
"8119",1,1,12075,0.400266011144916,1,1,1
"8120",1,1,236,0.350831884717768,1,1,0
"8121",0,1,64763,0.975474577058332,1,1,1
"8122",0,1,1644,0.946884340069479,0,1,1
"8123",0,1,7754,-1.52409977806294,1,1,1
"8124",0,0,483,0.0851011253340678,1,1,0
"8125",1,1,1980,-0.0848629536107846,0,1,0
"8126",1,1,65961,1.15821282882017,0,0,1
"8127",1,1,0,1.11136673392611,1,1,1
"8128",1,1,19935,0.975474577058332,1,0,0
"8129",0,0,21202,0.787392039429005,0,1,0
"8130",1,1,0,-1.52409977806294,0,0,0
"8131",1,1,40417,0.746469819813544,1,0,0
"8132",0,1,10433,0.560309173082368,1,1,0
"8133",1,1,5667,0.813351498401598,1,1,0
"8134",1,1,534,-1.52409977806294,1,1,0
"8135",0,1,10052,0.878690015641386,1,1,1
"8136",0,1,0,0.183839126990129,1,1,1
"8137",1,1,18627,0.824936464504578,1,1,1
"8138",1,1,6684,-1.52409977806294,1,1,1
"8139",1,1,29482,-1.52409977806294,1,0,1
"8140",0,0,0,0.808274083446812,1,1,0
"8141",0,1,196,0.908053571717931,0,0,1
"8142",0,1,23904,-1.52409977806294,1,1,0
"8143",0,0,0,-1.52409977806294,1,0,0
"8144",0,1,26103,0.836862310742941,0,0,0
"8145",0,0,44067,0.648797858205049,1,0,1
"8146",0,1,31422,0.350831884717768,0,1,1
"8147",1,1,20118,0.836862310742941,1,1,1
"8148",0,0,56421,0.609976363530355,1,1,1
"8149",1,1,16800,1.00133785291652,1,0,1
"8150",1,1,25119,0.975474577058332,1,1,1
"8151",0,0,12087,0.502586937833349,0,1,1
"8152",1,1,63330,0.967209247604416,1,1,1
"8153",1,1,39116,0.878690015641386,1,1,0
"8154",0,1,2520,0.648797858205049,1,1,0
"8155",1,1,21201,0.825785722506067,1,1,0
"8156",1,1,17032,-1.52409977806294,1,1,0
"8157",1,1,26186,0.858079809406568,1,1,0
"8158",1,1,17653,0.386357678712877,1,0,0
"8159",0,0,35868,0.978174677841228,1,1,0
"8160",0,0,9960,0.836862310742941,1,1,1
"8161",0,1,14640,0.80320226902451,0,1,1
"8162",1,1,11634,0.395708643073776,0,1,0
"8163",1,1,17959,0.897411054289019,1,1,0
"8164",0,0,20298,0.787392039429005,1,1,1
"8165",1,1,8727,0.836862310742941,0,1,1
"8166",1,1,12249,-1.52409977806294,1,1,0
"8167",0,1,15501,0.914923572565032,0,0,0
"8168",1,1,2941,0.952848427826789,1,1,0
"8169",0,0,17107,0.946884340069479,0,0,1
"8170",0,0,22089,0.824983715290978,1,1,0
"8171",0,0,93671,1.10645435570325,1,1,1
"8172",0,0,4494,-1.52409977806294,1,1,0
"8173",0,0,0,-0.436570098358642,1,0,1
"8174",1,1,16546,0.787392039429005,1,1,0
"8175",1,1,27549,0.845409170793917,1,1,0
"8176",0,0,3546,-1.52409977806294,0,1,0
"8177",1,1,17160,-1.52409977806294,1,0,0
"8178",0,0,2487,0.0740527248145915,1,1,0
"8179",1,1,4604,-1.52409977806294,1,1,1
"8180",0,1,0,-0.171624238207305,0,0,1
"8181",0,0,30997,0.690619104557388,1,1,0
"8182",0,1,3882,-1.52409977806294,1,1,1
"8183",0,1,522,-0.271625799614365,0,1,1
"8184",1,1,14361,0.690619104557388,1,1,0
"8185",1,1,47736,-1.52409977806294,1,0,1
"8186",0,1,4571,0.102570790588686,1,1,0
"8187",0,1,5217,0.972692516626054,1,1,0
"8188",1,1,54998,0.901005132656153,1,1,1
"8189",0,0,260,0.557665179674823,0,1,0
"8190",0,0,465,0.59496112191732,1,1,0
"8191",1,1,3873,-1.52409977806294,1,1,1
"8192",0,0,21228,-1.52409977806294,0,1,0
"8193",1,1,0,-0.145083408307552,0,1,0
"8194",0,0,8587,0.975474577058332,0,1,1
"8195",1,1,13536,-0.211605939864278,1,1,1
"8196",1,1,25107,-1.52409977806294,1,1,0
"8197",0,1,3061,0.400266011144916,1,1,1
"8198",1,1,2577,-0.0181643695723686,1,1,0
"8199",0,1,56346,-1.52409977806294,1,1,1
"8200",1,1,8358,0.721712337466525,0,1,0
"8201",1,1,669,0.033593295813364,1,1,0
"8202",1,1,33460,0.376672979649578,1,1,0
"8203",1,1,3572,-0.0615871340361021,0,1,0
"8204",0,0,3336,0.478282081698801,1,0,0
"8205",0,0,37410,0.726847817268774,1,1,1
"8206",1,1,0,0.648797858205049,0,0,1
"8207",1,1,15951,0.690619104557388,1,1,1
"8208",1,1,90077,1.0249493702102,1,1,1
"8209",0,1,0,-1.52409977806294,0,0,1
"8210",1,1,47898,0.975474577058332,1,1,1
"8211",1,1,37815,1.18943519012895,0,1,1
"8212",1,1,6038,-1.52409977806294,1,1,0
"8213",1,1,12518,0.555888097331404,0,0,0
"8214",0,0,1317,-1.52409977806294,1,1,1
"8215",0,0,25076,0.914923572565032,1,1,0
"8216",0,1,253,0.460778602579723,1,1,0
"8217",0,1,6839,0.715206343492765,1,0,1
"8218",0,1,35674,0.648797858205049,0,0,1
"8219",1,1,0,0.686085495763005,1,1,0
"8220",0,0,78150,1.10301628464762,1,1,0
"8221",1,1,37821,0.764768249327518,1,0,0
"8222",1,1,12509,0.615961520055322,1,1,0
"8223",0,0,7085,-0.0848629536107846,0,0,0
"8224",1,1,4556,0.435400588648438,1,0,0
"8225",0,1,49911,0.836862310742941,0,1,0
"8226",1,1,59937,1.0667803051313,1,1,1
"8227",1,1,41190,0.451210144131427,1,1,0
"8228",0,0,4276,-0.190879467340923,1,0,1
"8229",0,1,0,-1.52409977806294,1,0,0
"8230",0,1,16824,-1.52409977806294,1,1,0
"8231",1,1,1351,0.130825446357238,0,0,0
"8232",0,1,2763,0.648797858205049,1,1,0
"8233",1,1,38365,0.102570790588686,1,1,1
"8234",1,1,10990,-1.52409977806294,1,1,0
"8235",0,1,861,0.648797858205049,1,1,0
"8236",0,0,0,-1.52409977806294,0,1,0
"8237",1,1,17313,0.726847817268774,1,1,1
"8238",0,1,13344,0.368414434224336,1,0,1
"8239",0,0,35028,0.978174677841228,0,1,1
"8240",1,1,0,-1.52409977806294,1,1,1
"8241",0,0,9677,0.787392039429005,1,1,0
"8242",0,0,5855,0.648797858205049,1,1,0
"8243",1,1,19374,-1.52409977806294,1,0,0
"8244",1,1,13632,0.538805966010795,1,1,1
"8245",0,0,462,0.460778602579723,0,1,1
"8246",0,1,789,0.599336628080891,0,1,1
"8247",0,1,13894,0.967768170448477,0,1,0
"8248",1,1,47283,1.18943519012895,1,1,1
"8249",0,0,40157,0.91219640587949,0,0,1
"8250",1,1,5970,0.881735201542962,1,1,0
"8251",0,1,15384,0.467916026213718,0,1,0
"8252",1,1,7202,0.762398577943181,0,0,1
"8253",0,1,21195,0.609976363530355,1,1,0
"8254",0,0,1467,0.726847817268774,0,0,0
"8255",1,1,12656,0.162993191115368,1,0,0
"8256",0,1,0,-1.52409977806294,0,1,0
"8257",0,1,33604,-0.277053678368629,0,0,1
"8258",1,1,3301,-1.52409977806294,1,1,0
"8259",0,1,51690,-0.371122359854291,1,1,0
"8260",0,0,10365,0.538805966010795,1,1,1
"8261",1,1,7519,0.400266011144916,0,1,1
"8262",1,1,11855,0.17775173402504,0,1,1
"8263",1,1,0,-1.52409977806294,0,1,0
"8264",0,0,5066,0.878690015641386,1,1,1
"8265",0,0,237,-1.52409977806294,1,1,0
"8266",1,1,41598,0.690619104557388,0,1,1
"8267",0,0,12309,0.726847817268774,0,0,1
"8268",1,1,16291,0.905993250612042,0,1,0
"8269",0,0,105747,0.836862310742941,1,0,1
"8270",0,0,4866,0.350831884717768,1,1,0
"8271",1,1,0,0.639319816179713,1,0,0
"8272",1,1,53421,0.878690015641386,1,0,1
"8273",1,1,7218,0.61049755610654,0,1,0
"8274",0,0,12522,0.859830685744253,1,1,1
"8275",1,1,22362,0.81959162711082,1,1,0
"8276",1,1,46244,0.823847419600194,1,1,1
"8277",1,1,40,0.964397235179709,1,0,0
"8278",0,0,1239,0.41349616404213,1,1,0
"8279",0,1,6649,0.740085500669882,1,0,0
"8280",0,1,0,0.44970766338848,1,1,0
"8281",1,1,0,0.322268754740774,1,0,1
"8282",1,1,36846,0.988714198260819,1,1,1
"8283",0,1,3597,0.290341866347252,0,1,1
"8284",0,1,17142,-1.52409977806294,0,1,0
"8285",1,1,675,-1.52409977806294,0,0,0
"8286",0,0,76673,0.350831884717768,1,1,1
"8287",0,1,8980,-1.52409977806294,0,0,0
"8288",0,1,717,-1.52409977806294,0,1,1
"8289",0,0,36277,0.836862310742941,1,1,0
"8290",0,1,2456,-1.52409977806294,1,1,1
"8291",1,0,15932,0.527308995010666,1,1,0
"8292",0,0,1477,0.964397235179709,1,1,0
"8293",0,1,16617,-1.52409977806294,1,1,0
"8294",1,1,4701,0.674655379794383,0,1,0
"8295",0,1,7874,-1.52409977806294,1,1,1
"8296",0,0,61485,-0.0848629536107846,1,0,1
"8297",0,1,17589,0.624501079216117,1,0,0
"8298",0,0,0,0.648797858205049,1,1,1
"8299",1,1,50640,0.254151860684496,0,1,1
"8300",0,0,19694,0.460778602579723,1,1,0
"8301",1,1,8541,0.690619104557388,1,1,1
"8302",0,0,7464,-0.17348943380372,1,1,0
"8303",1,1,17703,0.345354708072179,0,0,1
"8304",1,1,6104,0.758804816873193,0,1,0
"8305",1,1,542,0.411118423781204,0,1,0
"8306",0,0,234,0.851518675975311,0,1,1
"8307",0,0,2416,0.648797858205049,1,1,1
"8308",1,1,40851,0.648797858205049,1,1,0
"8309",1,1,123,-1.52409977806294,0,1,0
"8310",0,0,0,0.690619104557388,0,1,1
"8311",0,1,7739,-1.52409977806294,1,1,0
"8312",0,0,8269,0.776315827974546,1,0,1
"8313",0,0,43712,0.39200683098362,1,1,1
"8314",0,1,20945,0.888772761617913,0,1,0
"8315",1,1,31681,-1.52409977806294,1,1,1
"8316",1,1,4608,0.648797858205049,1,1,0
"8317",1,1,14751,-1.52409977806294,0,1,0
"8318",0,0,16143,0.758804816873193,1,1,0
"8319",0,1,34001,0.941709729342905,1,1,0
"8320",0,1,84759,1.02607769750914,1,1,1
"8321",0,0,726,-1.52409977806294,0,1,0
"8322",0,1,0,-0.128729974185197,1,0,0
"8323",1,1,6549,-1.52409977806294,0,1,0
"8324",0,0,1987,-1.52409977806294,0,0,0
"8325",0,0,0,-1.52409977806294,0,1,0
"8326",0,0,21531,0.376672979649578,1,1,0
"8327",1,1,38229,0.74246523886374,0,0,1
"8328",0,1,46224,0.975474577058332,1,1,0
"8329",0,0,905,0.753815088630454,0,1,1
"8330",1,1,72394,0.494724716745903,1,1,1
"8331",0,0,7137,0.0011920982971112,0,1,0
"8332",0,0,26448,0.752707393659945,1,1,0
"8333",0,0,35445,0.878690015641386,1,1,1
"8334",0,1,9026,-1.52409977806294,1,1,1
"8335",1,1,10722,0.749606527074428,1,1,1
"8336",1,1,578,0.690619104557388,1,1,0
"8337",0,0,17374,-1.52409977806294,1,1,1
"8338",0,1,28801,-0.145083408307552,0,1,0
"8339",0,0,4551,0.975474577058332,0,1,0
"8340",0,0,16248,-0.371122359854291,0,1,1
"8341",0,0,10542,0.682754604906798,1,1,0
"8342",1,1,50951,0.780021181937397,1,0,1
"8343",0,0,12086,-0.302919421126713,0,1,0
"8344",1,1,27133,-1.52409977806294,0,1,0
"8345",1,1,22821,0.460778602579723,0,1,1
"8346",1,1,0,0.569547127321092,0,1,0
"8347",1,1,69739,1.0667803051313,1,1,1
"8348",1,1,2235,-1.52409977806294,0,0,0
"8349",0,1,4094,-1.52409977806294,1,0,0
"8350",0,1,4835,-1.52409977806294,0,1,1
"8351",1,1,10347,-1.52409977806294,1,1,1
"8352",1,1,2397,0.914923572565032,1,1,0
"8353",0,0,7264,0.648797858205049,1,1,0
"8354",1,1,2469,-1.52409977806294,1,1,0
"8355",1,1,17082,0.460778602579723,1,0,1
"8356",0,1,4758,-0.0848629536107846,1,0,0
"8357",0,1,10438,0.996358630753979,1,1,0
"8358",1,1,19289,0.726847817268774,1,1,1
"8359",0,0,13914,-1.52409977806294,1,1,0
"8360",1,1,23289,-0.457061707266294,1,1,0
"8361",1,1,4515,-0.348804182527602,0,0,0
"8362",1,1,4044,0.862723942262797,1,1,1
"8363",1,1,42275,0.698262101690902,0,1,0
"8364",0,1,6102,0.207828666249533,1,1,1
"8365",0,1,3164,0.690619104557388,1,1,1
"8366",1,1,22956,0.544177440541665,1,1,0
"8367",1,1,16965,0.690619104557388,0,1,1
"8368",1,1,29781,-1.52409977806294,1,1,0
"8369",1,1,12963,0.599336628080891,1,1,1
"8370",0,1,6400,0.897411054289019,0,0,1
"8371",1,1,9163,0.538805966010795,0,0,1
"8372",1,1,26062,0.510227782937839,0,1,1
"8373",0,0,24261,0.719421570212821,1,1,0
"8374",0,0,8364,0.934453266328855,1,1,0
"8375",0,0,35047,-1.52409977806294,0,0,0
"8376",1,1,4335,-1.52409977806294,0,1,0
"8377",0,1,23312,0.599336628080891,1,1,0
"8378",0,1,6,0.648797858205049,0,0,1
"8379",1,1,7408,0.376672979649578,0,1,0
"8380",1,1,5332,0.682754604906798,0,0,1
"8381",0,1,0,-1.52409977806294,1,1,1
"8382",0,0,9486,-1.52409977806294,0,0,0
"8383",1,1,0,0.442067893844077,1,0,1
"8384",0,0,0,-1.52409977806294,0,1,0
"8385",0,0,36440,-1.52409977806294,0,0,1
"8386",1,1,4720,0.903846513314084,0,1,1
"8387",0,1,339,-1.52409977806294,1,1,1
"8388",1,1,42741,-0.0848629536107846,0,1,1
"8389",0,0,17826,0.538805966010795,1,1,1
"8390",1,1,33387,-1.52409977806294,1,1,0
"8391",0,0,6171,-0.0245753344106287,1,0,1
"8392",0,1,9573,-1.52409977806294,1,1,1
"8393",0,1,3296,0.995855646843882,0,1,1
"8394",0,0,4230,0.290341866347252,0,1,1
"8395",0,1,9264,0.350831884717768,1,0,1
"8396",0,0,14063,0.421971010103767,0,1,1
"8397",1,1,54780,0.552040421003432,1,0,1
"8398",1,1,9561,0.787392039429005,1,0,1
"8399",0,0,24171,-0.0245753344106287,1,1,1
"8400",1,1,36767,0.714922986754929,1,1,0
"8401",0,1,36351,0.376672979649578,1,1,1
"8402",1,1,19776,0.819495220398969,1,0,0
"8403",1,1,1788,-0.131922774434992,1,1,1
"8404",1,1,13749,0.350831884717768,1,1,1
"8405",1,1,33159,0.685533178596918,1,0,1
"8406",0,0,2741,-1.52409977806294,0,0,0
"8407",1,1,32837,1.01877398825566,1,1,1
"8408",1,1,1017,-1.52409977806294,1,0,0
"8409",0,0,9516,0.822944465798256,0,1,0
"8410",1,1,4278,0.212382210845837,1,1,0
"8411",0,0,34977,-1.52409977806294,1,1,0
"8412",0,0,23204,0.996358630753979,0,1,1
"8413",0,1,4983,0.836862310742941,1,1,0
"8414",0,0,20061,0.931374183713974,1,0,0
"8415",1,1,47996,0.760008032725805,0,1,1
"8416",0,0,17103,0.376672979649578,1,1,1
"8417",0,1,40463,1.08550263582028,0,0,1
"8418",0,1,45662,0.460778602579723,1,1,1
"8419",0,0,5493,-1.52409977806294,0,1,0
"8420",0,1,26559,0.400266011144916,1,0,1
"8421",1,1,30291,0.726847817268774,0,1,1
"8422",1,1,30823,0.726847817268774,0,1,1
"8423",1,1,1235,-1.52409977806294,1,0,1
"8424",1,1,0,-1.52409977806294,0,0,1
"8425",0,0,24336,0.733150022350376,1,1,0
"8426",0,0,4774,0.350831884717768,1,0,0
"8427",0,0,16228,0.421971010103767,1,1,0
"8428",1,1,0,0.538805966010795,0,0,1
"8429",1,1,4824,0.576717554763112,1,1,1
"8430",0,1,8181,-1.52409977806294,0,0,0
"8431",0,1,49695,0.44970766338848,1,1,1
"8432",1,1,37950,-1.52409977806294,1,1,0
"8433",1,1,10867,0.366629839501342,0,0,0
"8434",0,0,39230,0.921292828504193,1,1,1
"8435",0,0,2881,0.460778602579723,1,1,1
"8436",1,1,79253,1.16357068087968,1,1,1
"8437",0,0,0,-1.52409977806294,0,1,0
"8438",0,0,55173,0.436193532648668,0,1,0
"8439",1,1,31076,0.956364964116975,1,0,1
"8440",1,1,32191,1.0249493702102,1,1,0
"8441",0,1,0,-1.52409977806294,0,0,0
"8442",0,1,10998,-1.52409977806294,0,0,1
"8443",0,0,0,-1.52409977806294,1,0,0
"8444",0,0,4489,0.988714198260819,1,1,1
"8445",0,1,24146,0.914923572565032,0,1,0
"8446",0,1,20098,-0.162485836395737,1,1,1
"8447",0,0,1140,-0.0245753344106287,0,1,0
"8448",0,0,1550,0.73995626976696,1,1,1
"8449",1,1,3252,0.836590835337501,1,1,0
"8450",1,1,15816,0.538805966010795,0,0,1
"8451",0,1,82,-1.52409977806294,0,1,1
"8452",0,0,28283,0.752707393659945,1,1,1
"8453",0,0,13305,1.0249493702102,1,1,1
"8454",0,0,9942,0.988714198260819,0,1,0
"8455",1,1,17337,-1.52409977806294,0,1,0
"8456",0,0,50241,-0.873347230807607,1,1,0
"8457",1,1,12315,0.934547940982181,1,1,1
"8458",0,0,9480,-0.0245753344106287,0,1,1
"8459",1,1,25755,0.674655379794383,1,1,1
"8460",0,1,9798,0.690619104557388,1,1,0
"8461",0,0,16463,0.621617680837426,1,1,0
"8462",1,1,11327,0.605346187160528,1,1,0
"8463",0,1,1516,-1.52409977806294,1,0,0
"8464",0,1,8556,0.726847817268774,1,1,0
"8465",1,1,62175,-0.277053678368629,1,0,1
"8466",0,1,6336,0.978550557251742,1,1,1
"8467",0,1,519,0.544177440541665,0,1,0
"8468",1,1,42897,-1.52409977806294,1,1,1
"8469",1,1,0,-1.52409977806294,0,1,0
"8470",1,1,6282,-1.52409977806294,0,1,1
"8471",0,1,6164,0.836862310742941,1,1,1
"8472",0,0,1505,0.41349616404213,1,1,1
"8473",0,0,4016,-1.52409977806294,0,1,1
"8474",0,1,3450,-1.52409977806294,0,1,0
"8475",0,0,53980,1.01703336854378,1,0,1
"8476",0,1,0,-1.52409977806294,1,0,1
"8477",0,0,3481,0.653282178526071,1,1,1
"8478",0,1,1811,0.780132679429108,0,1,1
"8479",0,0,6547,0.599336628080891,1,1,0
"8480",0,1,25200,0.946884340069479,1,1,0
"8481",1,1,30989,0.946884340069479,1,1,0
"8482",0,0,0,0.818626015378679,1,1,0
"8483",0,0,0,-1.52409977806294,1,1,1
"8484",1,1,29186,0.960554200353549,1,0,0
"8485",1,1,13366,0.599336628080891,1,1,1
"8486",1,1,12945,0.365347905653316,1,1,1
"8487",1,1,0,-1.52409977806294,1,1,0
"8488",0,0,5523,-1.52409977806294,0,1,1
"8489",0,0,25451,-0.341754827981191,1,0,0
"8490",1,1,0,-1.52409977806294,1,0,0
"8491",0,1,4544,-1.52409977806294,0,1,0
"8492",0,1,66,-1.52409977806294,1,1,0
"8493",0,1,597,0.831933712492546,1,1,1
"8494",0,0,170,-0.181081114591303,0,0,0
"8495",1,1,20787,1.03081036633908,1,0,1
"8496",1,1,33771,0.779686414348474,1,1,1
"8497",0,0,0,0.254151860684496,0,0,0
"8498",1,1,34739,0.706501138085322,1,1,1
"8499",0,0,23433,0.356200702559718,0,0,0
"8500",1,1,27630,0.827663501255355,1,1,1
"8501",0,1,30376,-0.315257222560467,0,0,1
"8502",1,1,3456,0.410030707331078,1,0,1
"8503",1,1,24897,-1.52409977806294,0,0,0
"8504",0,1,27412,0.125280499729774,1,0,0
"8505",1,1,57404,1.19419162386385,1,1,1
"8506",1,1,40056,1.14677949726292,1,1,1
"8507",0,1,0,0.588262676782656,1,1,0
"8508",0,0,30864,0.988714198260819,1,1,1
"8509",0,0,1944,-1.52409977806294,0,0,0
"8510",1,1,22376,0.787392039429005,0,1,1
"8511",1,1,30756,-1.52409977806294,0,0,0
"8512",1,1,14640,0.264780879253992,1,1,1
"8513",0,1,47694,0.781910437375266,1,1,0
"8514",0,0,12612,-1.52409977806294,0,1,0
"8515",0,0,16857,0.648797858205049,1,1,1
"8516",1,1,39491,-1.52409977806294,1,1,0
"8517",0,0,5607,0.400266011144916,1,0,0
"8518",0,0,43571,0.538805966010795,0,1,1
"8519",1,1,7502,0.162993191115368,1,1,1
"8520",1,1,1949,-0.739696553575678,0,0,1
"8521",1,1,44410,0.885125414105998,1,0,1
"8522",1,1,28667,0.866804381349367,0,1,0
"8523",1,1,20925,1.00133785291652,1,1,1
"8524",0,0,8196,0.599336628080891,1,1,0
"8525",0,0,0,-1.52409977806294,0,1,1
"8526",0,1,0,-1.52409977806294,0,1,1
"8527",0,0,13680,-0.113306227831029,1,1,0
"8528",0,1,203,-1.52409977806294,0,0,0
"8529",0,1,3855,-1.52409977806294,1,1,1
"8530",0,0,37487,0.726847817268774,1,1,0
"8531",1,1,5244,-1.52409977806294,1,1,0
"8532",1,1,3699,0.800113050795442,1,1,1
"8533",1,1,5883,0.229868766680524,1,1,0
"8534",1,1,14866,-1.52409977806294,1,1,0
"8535",1,1,24195,0.60063564080923,1,1,1
"8536",0,0,984,-1.52409977806294,0,0,1
"8537",1,1,14140,0.400266011144916,1,1,1
"8538",1,1,17980,-0.0542519607260343,1,1,0
"8539",0,0,33862,0.878690015641386,0,1,1
"8540",0,1,2423,-1.52409977806294,0,0,0
"8541",1,1,19500,-1.52409977806294,1,1,1
"8542",1,1,25250,0.538805966010795,1,1,1
"8543",1,1,34828,0.808274083446812,0,1,0
"8544",0,0,11007,0.832301879265657,1,1,0
"8545",0,0,41987,-0.467918550640144,0,0,0
"8546",0,0,367,-1.52409977806294,0,1,1
"8547",0,0,5068,0.577894420835528,0,1,0
"8548",1,1,2874,0.787392039429005,1,1,1
"8549",1,1,5067,0.145080883881126,0,1,0
"8550",1,1,26004,0.57458624885332,0,0,0
"8551",0,0,8567,0.576717554763112,0,0,1
"8552",0,1,7296,0.648797858205049,1,1,0
"8553",1,1,4501,0.798659292402662,0,1,0
"8554",0,0,28730,0.836862310742941,1,1,0
"8555",0,0,1379,0.615348451516724,1,1,0
"8556",0,0,24228,0.639600607607771,1,0,0
"8557",1,1,35677,-1.52409977806294,1,0,1
"8558",0,0,0,-1.52409977806294,1,1,0
"8559",0,1,0,-1.52409977806294,0,1,0
"8560",1,1,20577,0.802176431889199,1,1,1
"8561",0,0,0,-1.52409977806294,1,0,0
"8562",0,1,723,0.162993191115368,1,0,1
"8563",1,1,0,0.10392096696074,0,0,1
"8564",1,1,11442,0.599336628080891,1,1,1
"8565",0,1,31047,0.744315960166532,1,1,0
"8566",0,1,9477,0.640720877066501,1,1,0
"8567",0,0,20720,0.836862310742941,1,1,0
"8568",1,1,53005,1.0249493702102,1,1,1
"8569",1,1,10042,0.478282081698801,0,1,0
"8570",0,1,11496,-1.52409977806294,0,0,0
"8571",1,1,7644,0.02382060715105,0,1,0
"8572",0,0,31737,0.836862310742941,1,0,0
"8573",1,1,21994,0.478282081698801,1,1,1
"8574",1,1,816,0.0011920982971112,1,0,1
"8575",0,0,34784,-1.52409977806294,0,1,0
"8576",1,1,11235,0.726847817268774,1,1,1
"8577",0,0,9188,-0.277053678368629,1,0,0
"8578",0,1,4618,0.421971010103767,1,1,0
"8579",0,1,23421,0.162993191115368,1,1,0
"8580",1,1,28062,0.162993191115368,1,1,1
"8581",0,1,31924,0.77574997103266,1,1,1
"8582",1,1,6453,0.371697865233199,0,1,1
"8583",1,1,56291,0.500876686512343,1,1,1
"8584",0,1,2701,0.648797858205049,0,0,0
"8585",1,1,61769,0.946884340069479,1,1,1
"8586",1,1,14110,-1.52409977806294,0,1,0
"8587",0,1,20016,0.946884340069479,1,1,0
"8588",1,1,816,0.538805966010795,1,1,0
"8589",1,1,16079,-1.52409977806294,1,1,0
"8590",0,0,17964,0.836862310742941,0,1,1
"8591",0,0,57,0.67358450161533,1,1,0
"8592",1,1,34086,1.01340031708472,0,1,0
"8593",0,1,0,0.460778602579723,0,0,1
"8594",1,1,10019,0.878690015641386,1,1,0
"8595",0,1,26898,0.599336628080891,0,1,1
"8596",1,1,0,-1.52409977806294,0,1,1
"8597",1,1,23063,-1.52409977806294,1,1,0
"8598",0,1,0,0.908053571717931,0,1,1
"8599",0,1,26094,0.920330293178637,1,1,0
"8600",1,1,5564,0.620214653903714,1,0,0
"8601",0,0,0,-1.52409977806294,0,0,0
"8602",1,1,19696,0.836183112363045,1,1,1
"8603",0,0,959,-1.52409977806294,0,1,0
"8604",0,0,17357,0.930158356891629,0,1,1
"8605",1,1,2814,-1.52409977806294,0,1,0
"8606",1,1,51,0.400266011144916,0,0,0
"8607",1,1,34644,0.460778602579723,1,1,1
"8608",0,1,41105,1.00133785291652,1,1,1
"8609",0,0,807,-1.52409977806294,0,0,0
"8610",0,1,0,-1.52409977806294,0,1,1
"8611",1,1,4099,0.975474577058332,1,1,0
"8612",1,1,36390,0.32585934591796,1,1,1
"8613",1,1,44385,0.442067893844077,0,1,1
"8614",0,0,43925,0.599336628080891,1,0,1
"8615",1,1,31218,0.599336628080891,1,1,0
"8616",1,1,14963,0.872415847662264,0,1,0
"8617",0,1,0,0.350831884717768,1,1,1
"8618",0,0,0,0.143339370582941,0,1,0
"8619",0,0,10847,0.750726925004791,0,1,0
"8620",1,1,60326,0.878690015641386,0,1,1
"8621",0,0,9441,0.690619104557388,1,0,0
"8622",0,1,0,0.460778602579723,1,1,1
"8623",0,0,11172,0.819109250711144,0,0,1
"8624",0,1,0,0.776315827974546,1,1,1
"8625",0,0,1722,-1.52409977806294,0,1,1
"8626",0,0,0,0.49280339975807,0,1,0
"8627",0,1,5925,0.886334089244092,1,1,1
"8628",1,1,48,0.494724716745903,1,0,0
"8629",0,1,68383,0.648797858205049,0,1,1
"8630",1,1,8156,-1.52409977806294,0,1,0
"8631",0,1,0,-1.52409977806294,0,1,0
"8632",0,0,417,-1.52409977806294,1,0,0
"8633",1,1,27678,-0.516292427492594,1,1,0
"8634",0,1,18593,0.760128061427898,1,0,1
"8635",1,1,8756,0.878690015641386,0,1,0
"8636",0,0,3276,-1.52409977806294,1,1,0
"8637",1,1,8671,0.389667291572247,0,1,0
"8638",1,1,20917,0.0247237191026457,1,0,0
"8639",1,1,234,0.648797858205049,1,1,1
"8640",0,0,6072,-1.52409977806294,0,0,0
"8641",1,1,2766,-1.52409977806294,1,1,0
"8642",1,1,62713,0.538805966010795,1,0,1
"8643",1,1,0,-1.52409977806294,1,1,0
"8644",1,1,18144,0.836862310742941,1,1,0
"8645",1,1,2396,-1.52409977806294,1,0,0
"8646",1,1,28290,0.524892878948738,0,1,1
"8647",0,1,0,-0.19288231695551,0,1,0
"8648",0,0,487,0.350831884717768,0,1,0
"8649",1,1,36702,0.878690015641386,1,1,0
"8650",0,1,0,0.836862310742941,0,1,0
"8651",1,1,1258,-1.52409977806294,0,0,0
"8652",1,1,73548,0.980422184608008,1,1,1
"8653",0,0,9062,0.787392039429005,0,1,0
"8654",0,0,1937,0.648797858205049,1,1,1
"8655",0,0,334,0.332030789672874,1,1,0
"8656",0,0,41106,1.04667001220076,1,1,1
"8657",0,0,6799,0.787392039429005,1,1,1
"8658",0,0,39505,0.442067893844077,0,0,1
"8659",1,1,12942,-1.52409977806294,1,1,0
"8660",0,0,6406,0.460778602579723,0,0,0
"8661",0,0,25377,0.836862310742941,1,1,1
"8662",0,0,0,-1.52409977806294,0,1,0
"8663",1,1,6984,0.690386455686726,1,0,0
"8664",1,1,26268,0.298353810309812,0,0,1
"8665",0,0,57157,0.858581213504869,1,0,1
"8666",1,1,22434,0.728133522934754,1,1,0
"8667",1,1,36909,0.787392039429005,1,1,0
"8668",1,1,2198,0.563794898501872,0,1,0
"8669",1,1,11391,0.553586043924597,1,0,0
"8670",0,1,6399,0.975474577058332,1,1,0
"8671",1,1,63180,1.04171971005374,1,0,1
"8672",1,1,7038,0.620214653903714,1,1,1
"8673",1,1,6978,-1.52409977806294,1,1,1
"8674",0,0,13781,0.0247237191026457,1,1,1
"8675",1,1,10143,-1.52409977806294,1,1,0
"8676",0,1,376,0.261786256967589,0,1,0
"8677",1,1,8474,0.212382210845837,0,1,1
"8678",0,1,20945,0.776315827974546,1,1,0
"8679",1,1,20565,0.818141918049088,1,1,1
"8680",1,1,22513,-1.52409977806294,1,1,0
"8681",1,1,4146,-1.52409977806294,1,1,0
"8682",0,1,46521,1.16357068087968,1,1,1
"8683",0,1,46497,0.818141918049088,1,1,1
"8684",1,1,25689,-1.52409977806294,0,0,0
"8685",1,1,738,0.261786256967589,0,1,0
"8686",1,1,53769,0.836862310742941,1,0,1
"8687",0,1,297,0.726847817268774,1,1,1
"8688",0,1,8938,0.817754017477767,1,1,0
"8689",1,1,0,-1.52409977806294,0,0,0
"8690",0,1,19887,-1.52409977806294,1,1,0
"8691",1,1,4307,0.102570790588686,1,1,0
"8692",0,0,36273,1.03602693820135,1,1,1
"8693",0,1,2187,0.946884340069479,1,0,1
"8694",0,0,13853,0.71328791894236,1,1,0
"8695",1,1,2433,0.758804816873193,0,1,1
"8696",1,1,312,0.547350022890012,0,1,0
"8697",0,1,1704,-1.52409977806294,1,1,1
"8698",1,1,6324,0.339764708356472,0,1,0
"8699",0,0,25941,0.829992599751333,1,0,0
"8700",1,1,22062,0.834454830024897,1,1,1
"8701",1,1,19859,0.643040023729866,1,1,0
"8702",0,1,0,0.566869765873962,1,0,1
"8703",1,1,1109,-1.52409977806294,1,1,0
"8704",1,1,5081,0.679543861854286,0,1,1
"8705",1,1,0,0.524892878948738,0,1,1
"8706",0,1,0,-1.52409977806294,0,1,0
"8707",1,1,43488,0.787392039429005,1,1,1
"8708",1,1,1042,0.897411054289019,1,1,0
"8709",1,1,7698,0.943974343513921,1,0,0
"8710",1,1,0,-1.52409977806294,1,1,1
"8711",0,1,108,-1.52409977806294,0,1,1
"8712",0,1,16641,-0.271625799614365,0,1,0
"8713",0,1,48792,-1.52409977806294,0,1,0
"8714",0,0,15396,1.00133785291652,1,1,0
"8715",0,0,6512,0.726847817268774,1,1,1
"8716",0,1,8306,0.886334089244092,0,1,0
"8717",1,1,39759,0.0274151615689716,1,1,1
"8718",1,1,22278,-0.271625799614365,0,1,0
"8719",0,1,4526,0.538805966010795,0,1,0
"8720",0,1,12212,-0.261085255683089,1,1,1
"8721",0,1,1215,0.648797858205049,1,0,1
"8722",1,1,44227,0.538805966010795,1,1,1
"8723",1,1,35005,0.975474577058332,0,1,0
"8724",0,0,25577,0.564659378976687,1,0,1
"8725",1,1,30213,1.02197071178612,1,1,0
"8726",1,1,0,-1.52409977806294,1,1,0
"8727",0,1,0,0.460778602579723,0,0,0
"8728",1,1,24030,0.623907022303955,0,0,1
"8729",1,1,11653,0.836862310742941,1,1,0
"8730",1,1,19505,0.85394995962936,0,1,0
"8731",1,1,912,-1.52409977806294,1,1,1
"8732",1,1,46283,1.0249493702102,0,1,0
"8733",0,0,14386,-1.52409977806294,1,1,0
"8734",0,0,3492,0.726847817268774,1,1,0
"8735",0,0,17792,0.648797858205049,1,1,1
"8736",0,0,19556,0.976827985463807,1,1,1
"8737",1,1,5823,-1.52409977806294,0,1,1
"8738",1,1,10932,-1.52409977806294,0,1,0
"8739",1,1,676,0.1651513328346,1,1,0
"8740",0,1,20569,0.0740527248145915,0,1,0
"8741",1,1,55653,-0.271625799614365,1,1,1
"8742",0,0,17678,0.935807123804937,0,0,0
"8743",1,1,18840,0.934547940982181,0,1,0
"8744",0,0,5876,0.666306985702979,0,1,1
"8745",1,1,36899,0.478282081698801,1,1,0
"8746",0,1,5013,0.648797858205049,1,1,0
"8747",1,1,9219,0.400266011144916,1,0,0
"8748",0,0,8307,0.188809685186082,1,1,0
"8749",1,1,0,0.60577039184402,1,1,1
"8750",1,1,19651,0.704003938789039,1,1,0
"8751",0,0,9084,0.510227782937839,1,1,1
"8752",0,1,11642,0.896976548700259,1,1,0
"8753",1,1,14857,1.0408253847703,1,1,1
"8754",0,1,7183,-1.52409977806294,1,0,0
"8755",1,1,10755,0.460778602579723,1,1,0
"8756",1,1,8400,0.10392096696074,0,0,1
"8757",1,1,171,0.914652085843871,1,1,0
"8758",0,0,42501,0.914923572565032,1,1,1
"8759",1,1,9371,0.836862310742941,1,1,0
"8760",0,1,0,0.350831884717768,0,0,1
"8761",1,1,9916,-1.52409977806294,1,1,1
"8762",1,1,2871,0.946884340069479,1,1,1
"8763",0,0,11055,0.714710274876496,1,1,1
"8764",0,1,43085,0.836862310742941,0,1,1
"8765",0,0,0,-1.52409977806294,0,0,0
"8766",0,1,58230,-1.52409977806294,0,1,1
"8767",0,1,3315,0.421971010103767,0,1,1
"8768",0,1,0,0.502586937833349,1,1,1
"8769",1,1,28023,-1.52409977806294,0,1,0
"8770",0,1,39324,0.776315827974546,1,1,1
"8771",1,1,0,-1.52409977806294,1,1,0
"8772",0,0,61672,0.981645120159673,1,1,1
"8773",0,0,20125,-1.52409977806294,1,1,1
"8774",0,1,0,0.538805966010795,1,1,1
"8775",1,1,17473,0.538805966010795,0,1,1
"8776",0,0,48640,0.758804816873193,1,0,1
"8777",0,0,16169,-1.52409977806294,0,1,0
"8778",0,0,16590,0.24268597210938,1,1,0
"8779",0,1,15446,0.914923572565032,1,1,1
"8780",0,1,4839,0.648797858205049,1,1,1
"8781",1,1,2679,0.934547940982181,0,1,1
"8782",1,1,20058,0.379126747640971,0,1,0
"8783",0,0,16934,0.690619104557388,1,1,0
"8784",1,1,8800,0.899967741049675,0,0,0
"8785",1,1,9730,0.564659378976687,1,1,0
"8786",0,1,12174,-1.52409977806294,1,1,0
"8787",0,0,72074,0.858581213504869,1,1,1
"8788",1,1,9126,0.648797858205049,1,1,0
"8789",0,1,5145,0.9272568514449,0,1,0
"8790",0,0,2670,-1.52409977806294,0,0,0
"8791",0,1,53478,0.162993191115368,1,1,1
"8792",0,0,43215,0.927968978237365,1,1,0
"8793",1,1,12073,0.787392039429005,1,1,1
"8794",1,1,14481,0.778118682126499,1,1,0
"8795",1,1,7279,0.400266011144916,1,1,0
"8796",1,1,6587,-1.52409977806294,0,1,0
"8797",0,0,9015,0.460778602579723,1,1,1
"8798",0,1,20184,0.552040421003432,1,1,1
"8799",1,1,14501,0.442067893844077,0,1,0
"8800",1,1,2634,0.263661764715505,1,1,0
"8801",1,1,0,-1.52409977806294,1,1,0
"8802",0,1,0,-1.52409977806294,0,0,0
"8803",1,1,44119,0.78510323762506,1,1,1
"8804",1,1,35780,0.914923572565032,1,0,0
"8805",1,1,15771,0.82389486036441,1,1,0
"8806",0,0,15684,0.350831884717768,1,1,0
"8807",0,1,5613,0.807972432925565,0,1,1
"8808",0,1,12396,-1.52409977806294,1,1,0
"8809",0,0,9552,-1.52409977806294,0,0,0
"8810",1,1,978,-1.52409977806294,1,0,1
"8811",0,0,9648,0.225601620733612,1,1,0
"8812",1,1,50424,1.17997140249257,1,1,1
"8813",0,0,42583,0.564659378976687,1,0,0
"8814",0,1,3141,0.813252848858161,1,1,0
"8815",0,0,1254,0.816440744540007,1,1,1
"8816",0,0,6410,0.78202116152654,1,1,0
"8817",0,1,33081,0.957149944262237,0,1,1
"8818",1,1,225,0.809877247885937,1,1,0
"8819",1,1,2595,0.836862310742941,0,0,0
"8820",0,1,0,-1.52409977806294,0,1,1
"8821",0,0,145,0.478451538395538,0,1,1
"8822",1,1,33699,1.02130687088835,1,1,1
"8823",0,0,41145,1.00133785291652,1,1,1
"8824",0,0,22524,0.646436395123547,0,1,0
"8825",0,1,17221,-1.52409977806294,1,1,0
"8826",1,1,9066,0.229868766680524,1,0,1
"8827",0,1,48622,0.648797858205049,1,0,1
"8828",1,1,11748,0.664435358346713,0,1,1
"8829",0,1,19431,0.705695732448699,0,1,0
"8830",0,1,3504,0.648797858205049,0,1,1
"8831",1,1,10729,0.129602989826211,1,1,0
"8832",0,0,9729,0.504132414054507,1,0,0
"8833",0,0,46495,1.0249493702102,1,1,1
"8834",0,0,8891,-1.52409977806294,1,1,0
"8835",1,1,22476,0.88062131393586,1,0,1
"8836",0,1,3141,0.648797858205049,1,1,0
"8837",0,0,64899,0.787392039429005,0,0,1
"8838",1,1,16164,0.983495599019415,0,1,1
"8839",1,1,15653,0.258377330053134,1,1,0
"8840",0,0,34070,1.08550263582028,1,1,0
"8841",0,0,2289,0.322268754740774,0,1,0
"8842",0,0,1479,0.510227782937839,1,1,1
"8843",0,1,24815,0.807368124141423,1,1,0
"8844",0,0,21528,0.576717554763112,1,1,0
"8845",0,0,352,-0.610266566252685,1,1,1
"8846",0,0,626,-1.52409977806294,0,1,1
"8847",1,1,9827,-1.52409977806294,0,1,0
"8848",0,0,14283,0.787392039429005,1,1,1
"8849",0,0,1427,0.712931162099861,1,1,0
"8850",0,1,9951,-1.52409977806294,1,1,0
"8851",1,1,24461,0.909787444795794,0,1,1
"8852",1,1,6186,0.648797858205049,0,1,0
"8853",0,1,15417,0.798033861226659,1,1,0
"8854",1,1,15480,-0.153645155932904,1,0,0
"8855",0,1,42660,-0.0848629536107846,1,1,1
"8856",1,0,15749,-0.0848629536107846,1,1,1
"8857",1,1,4901,0.166758750511227,0,0,0
"8858",1,1,12736,0.690619104557388,1,1,1
"8859",0,1,42194,0.841347372185172,1,1,0
"8860",0,0,0,-1.52409977806294,1,0,0
"8861",0,0,0,-1.52409977806294,0,1,0
"8862",1,1,37282,0.375189998412863,0,1,1
"8863",0,0,9354,-1.52409977806294,1,1,1
"8864",1,1,22848,-1.52409977806294,1,1,1
"8865",0,1,0,-0.277053678368629,1,0,1
"8866",0,1,8320,0.538805966010795,0,1,1
"8867",0,1,6556,0.878690015641386,1,0,1
"8868",1,1,22587,0.948807145968128,0,1,0
"8869",1,1,17982,0.657693603537611,1,1,0
"8870",0,1,240,-0.0848629536107846,0,1,1
"8871",0,0,22109,1.0667803051313,1,1,0
"8872",1,1,9689,-0.661623985698593,1,1,1
"8873",1,1,869,-1.52409977806294,1,1,1
"8874",1,1,4730,0.914923572565032,0,1,0
"8875",1,1,41205,-1.52409977806294,1,1,1
"8876",0,1,21026,-1.52409977806294,1,1,1
"8877",0,1,18192,-0.0848629536107846,0,0,1
"8878",0,0,43585,0.964397235179709,1,0,1
"8879",1,1,35641,0.946884340069479,1,1,0
"8880",0,0,456,-1.52409977806294,1,0,0
"8881",0,1,78,-1.52409977806294,0,0,0
"8882",0,0,56189,-1.52409977806294,1,1,1
"8883",1,1,20359,1.00133785291652,1,1,1
"8884",1,1,2676,0.443420473530401,1,0,0
"8885",0,0,3354,0.787392039429005,1,1,1
"8886",0,1,30188,0.682754604906798,1,1,1
"8887",1,1,4547,0.71577217093987,1,1,1
"8888",0,1,20181,0.975474577058332,1,1,0
"8889",0,1,0,-1.52409977806294,1,1,0
"8890",1,1,0,-0.516292427492594,1,1,0
"8891",1,1,15093,-1.52409977806294,0,1,0
"8892",1,1,11716,-0.162485836395737,1,1,1
"8893",0,0,16569,0.878690015641386,1,1,1
"8894",1,1,15470,0.975474577058332,0,1,1
"8895",0,0,0,0.787392039429005,1,1,1
"8896",1,1,70894,1.07572210755941,1,1,1
"8897",1,1,9113,0.690619104557388,1,1,1
"8898",0,1,19095,-0.0848629536107846,1,1,0
"8899",0,0,1655,-1.52409977806294,0,0,1
"8900",0,1,66546,0.775806609849731,1,1,1
"8901",1,1,9123,0.897411054289019,1,0,1
"8902",1,1,27710,1.03818920675898,1,1,1
"8903",0,1,0,1.0667803051313,1,1,1
"8904",0,1,31633,0.976989941838819,1,0,0
"8905",1,1,20949,0.836862310742941,1,1,0
"8906",1,1,6144,-1.52409977806294,1,1,0
"8907",1,1,5741,0.381558528168414,0,0,0
"8908",0,0,29058,-0.0848629536107846,1,1,1
"8909",1,1,11490,-1.52409977806294,0,1,0
"8910",0,0,11913,0.359108897755596,0,1,1
"8911",1,1,0,0.799075447195358,1,1,0
"8912",1,1,425,-0.277053678368629,1,0,0
"8913",1,1,1599,0.60063564080923,1,0,1
"8914",1,1,0,0.599336628080891,1,1,0
"8915",0,0,42494,0.838215629160783,1,1,1
"8916",0,0,0,-1.52409977806294,0,0,1
"8917",1,1,34775,-0.203124471751715,1,1,1
"8918",1,1,6630,0.85598059650313,0,0,0
"8919",0,1,1902,0.626962413800444,1,0,0
"8920",0,1,8199,0.802894924834235,1,1,0
"8921",0,0,2504,-1.52409977806294,1,0,0
"8922",0,0,2382,-0.395441745773222,1,0,1
"8923",1,1,7614,0.494724716745903,1,0,0
"8924",0,0,0,0.648797858205049,1,0,1
"8925",0,0,36530,1.0667803051313,1,1,1
"8926",1,1,0,0.538805966010795,1,1,1
"8927",1,1,21913,0.800630368700863,0,1,1
"8928",0,0,31826,0.588262676782656,1,1,1
"8929",1,1,3351,-0.241158150132397,0,0,0
"8930",0,1,0,0.0915205153527579,0,1,0
"8931",1,1,3836,-1.52409977806294,0,1,0
"8932",1,1,1575,-1.52409977806294,0,1,0
"8933",0,1,648,-1.52409977806294,0,0,1
"8934",0,1,18195,0.726168675545458,1,1,1
"8935",0,1,13367,0.254151860684496,0,0,0
"8936",1,1,21523,0.914923572565032,1,1,0
"8937",0,1,30979,0.878690015641386,0,1,1
"8938",1,1,27987,-1.52409977806294,1,1,0
"8939",1,1,3720,0.538805966010795,0,1,0
"8940",0,0,20318,0.350831884717768,0,1,0
"8941",1,1,37138,0.813252848858161,0,1,1
"8942",1,1,4692,0.787392039429005,1,1,0
"8943",1,1,5745,0.648797858205049,0,1,1
"8944",0,0,67730,0.975474577058332,1,1,1
"8945",0,1,28076,-0.0542519607260343,1,1,1
"8946",1,1,15375,0.94421803857217,1,0,0
"8947",0,0,861,0.975474577058332,1,0,1
"8948",0,0,891,-1.52409977806294,0,0,0
"8949",0,0,30991,0.940786231771823,1,1,0
"8950",1,1,2617,0.193690839989042,0,1,0
"8951",1,1,49824,0.546955472458015,1,0,1
"8952",0,1,9602,0.914923572565032,1,1,0
"8953",0,0,10191,0.836862310742941,0,1,0
"8954",1,1,1,0.442067893844077,1,1,0
"8955",0,0,193,-1.52409977806294,0,1,0
"8956",0,1,25988,0.727389909615827,1,1,0
"8957",0,0,2934,-1.52409977806294,1,0,0
"8958",0,1,45265,0.648797858205049,1,0,1
"8959",1,1,27115,0.609976363530355,1,1,0
"8960",1,1,7487,0.690619104557388,1,0,0
"8961",0,1,16776,0.836862310742941,1,1,0
"8962",0,1,16755,0.254151860684496,1,1,1
"8963",0,1,30383,-1.52409977806294,1,0,1
"8964",0,1,12671,-1.52409977806294,0,1,1
"8965",1,1,11863,0.606933547258367,0,1,0
"8966",0,1,2556,0.427136466595969,1,1,0
"8967",0,0,11373,0.134460119762742,0,1,0
"8968",0,0,7545,0.648797858205049,1,1,0
"8969",0,0,6954,0.648797858205049,0,0,1
"8970",1,1,19396,-1.52409977806294,0,1,0
"8971",0,0,23040,-1.52409977806294,1,0,0
"8972",0,1,8247,0.787392039429005,1,1,0
"8973",0,0,21634,0.322268754740774,0,0,0
"8974",0,1,3992,0.818141918049088,1,1,0
"8975",0,0,6887,0.162993191115368,1,1,1
"8976",1,1,5907,-1.52409977806294,1,0,1
"8977",0,0,6727,-1.52409977806294,0,1,0
"8978",0,1,27732,0.726847817268774,0,1,0
"8979",0,0,7573,0.630080694611304,0,1,0
"8980",0,1,47869,1.04667001220076,1,1,1
"8981",0,1,23478,0.573394917304513,1,1,0
"8982",1,1,25827,0.836862310742941,1,1,1
"8983",1,1,26785,0.00412601758574301,0,0,0
"8984",0,1,0,0.442067893844077,1,0,0
"8985",1,1,78,0.41349616404213,1,1,0
"8986",0,0,8940,0.501188444031989,1,1,0
"8987",1,1,0,-1.52409977806294,0,1,1
"8988",1,1,0,0.564659378976687,1,1,0
"8989",1,1,16134,0.588262676782656,1,1,0
"8990",0,1,688,-0.299920662537568,0,0,1
"8991",0,1,24036,1.06006892675744,0,1,0
"8992",0,0,2055,0.836862310742941,0,1,1
"8993",0,1,23198,0.765004082399937,1,1,0
"8994",0,0,70062,0.772215075836715,1,1,1
"8995",1,1,84,-0.162485836395737,1,0,0
"8996",0,0,5805,0.254151860684496,1,1,0
"8997",0,0,23436,0.350831884717768,0,1,0
"8998",0,1,0,0.350831884717768,1,1,1
"8999",1,1,616,0.400266011144916,0,1,1
"9000",1,1,24902,0.847852131173511,0,1,0
"9001",0,0,14070,-1.52409977806294,0,1,0
"9002",1,1,20875,-1.52409977806294,0,0,1
"9003",1,1,13956,0.961555780146514,0,1,0
"9004",0,0,11208,0.290341866347252,1,1,1
"9005",1,1,34737,-1.52409977806294,0,1,1
"9006",0,1,12435,0.290341866347252,1,1,0
"9007",1,1,44648,0.610393397636251,1,1,0
"9008",0,1,10028,-1.52409977806294,0,1,1
"9009",1,1,0,0.754857109819656,1,1,1
"9010",0,0,13519,-1.52409977806294,1,1,0
"9011",1,1,42156,1.02562692937792,1,1,1
"9012",0,0,0,-1.52409977806294,1,0,0
"9013",1,1,15884,0.685296126704419,0,1,0
"9014",0,1,11729,-1.52409977806294,0,1,1
"9015",0,0,21429,0.27284967305627,1,1,0
"9016",0,0,28625,0.599336628080891,1,1,0
"9017",0,1,28506,-0.0729755836348022,1,0,0
"9018",0,0,22340,0.878690015641386,1,1,0
"9019",0,1,2799,-1.52409977806294,1,1,0
"9020",0,0,4748,0.400266011144916,0,0,0
"9021",0,1,12345,0.77990963861852,1,1,1
"9022",1,1,30270,1.04667001220076,1,0,1
"9023",1,1,3094,0.162993191115368,1,0,0
"9024",1,1,31587,-1.52409977806294,0,1,0
"9025",1,1,14897,0.836862310742941,1,1,1
"9026",0,0,0,0.336925928382051,0,1,0
"9027",1,1,0,-1.52409977806294,1,0,0
"9028",0,1,580,0.779127549054171,1,0,1
"9029",1,1,339,0.486298956805314,0,0,0
"9030",1,1,708,0.525605736965677,0,1,0
"9031",0,1,0,-1.52409977806294,0,0,1
"9032",0,0,22115,-1.52409977806294,1,1,1
"9033",0,0,15124,-1.52409977806294,0,0,0
"9034",1,1,25304,-1.52409977806294,1,1,0
"9035",1,1,19555,-1.52409977806294,1,1,0
"9036",1,1,7968,-1.52409977806294,0,1,0
"9037",0,0,0,-1.52409977806294,1,1,0
"9038",0,0,23403,0.946884340069479,1,1,0
"9039",0,1,14724,-1.52409977806294,0,1,0
"9040",1,1,1754,-1.52409977806294,1,0,0
"9041",1,1,7419,0.748230840349317,1,1,0
"9042",1,1,29223,0.712931162099861,0,1,0
"9043",1,1,0,-1.52409977806294,0,0,0
"9044",0,1,15634,0.771755588080799,0,1,1
"9045",0,0,2370,0.538805966010795,0,0,1
"9046",1,1,11292,0.510227782937839,1,1,0
"9047",0,1,12557,0.867613158258519,1,1,1
"9048",0,1,0,-1.52409977806294,0,1,0
"9049",0,0,0,-1.52409977806294,0,0,0
"9050",0,0,25938,0.538805966010795,0,0,1
"9051",1,1,5124,-1.52409977806294,0,1,0
"9052",0,0,4151,0.726847817268774,0,1,1
"9053",0,1,30863,0.811272289868842,0,0,1
"9054",0,1,493,-1.52409977806294,1,1,0
"9055",1,1,22281,0.854374263798043,1,1,1
"9056",1,1,11370,-0.359733910255591,1,1,0
"9057",1,1,330,0.787392039429005,1,1,1
"9058",1,0,2796,-1.52409977806294,1,1,1
"9059",0,0,5892,-1.52409977806294,1,1,0
"9060",0,1,1972,-1.52409977806294,0,1,1
"9061",1,1,37067,0.631433755987546,0,1,1
"9062",0,0,7934,0.322268754740774,1,1,0
"9063",0,1,0,0.212382210845837,0,0,0
"9064",0,1,17718,0.246296467370855,1,1,1
"9065",0,0,365,0.467916026213718,0,1,0
"9066",1,1,1299,-1.52409977806294,0,0,1
"9067",0,0,0,-1.52409977806294,1,1,1
"9068",0,1,384,0.478282081698801,1,1,0
"9069",1,1,2173,-0.0848629536107846,1,1,1
"9070",0,0,34071,0.958857410152748,1,1,0
"9071",0,0,19322,0.980848178834212,0,0,0
"9072",0,0,1944,-1.52409977806294,0,0,1
"9073",1,1,34320,1.00133785291652,1,0,1
"9074",0,1,7174,0.0247237191026457,0,0,0
"9075",0,0,15684,0.914923572565032,0,1,1
"9076",1,1,0,-1.52409977806294,1,1,0
"9077",1,1,28826,0.914923572565032,1,1,0
"9078",0,0,16,0.234069855077653,0,1,0
"9079",1,1,36693,-1.52409977806294,1,1,0
"9080",0,1,27840,1.13797752935334,0,1,1
"9081",0,1,0,-1.52409977806294,0,0,0
"9082",1,1,3453,-1.52409977806294,1,1,0
"9083",0,1,68772,0.102570790588686,1,0,1
"9084",0,0,19327,0.776315827974546,1,0,1
"9085",1,1,0,0.914923572565032,0,1,1
"9086",1,1,15092,0.569547127321092,0,0,1
"9087",0,0,10301,0.759887950913666,1,1,1
"9088",0,0,2980,-0.0245753344106287,0,1,0
"9089",0,1,40,0.511430598828194,1,1,0
"9090",0,0,9491,-1.52409977806294,0,1,0
"9091",1,1,10417,0.974931318162061,1,1,1
"9092",1,1,8544,-1.52409977806294,1,1,0
"9093",0,1,62640,-1.52409977806294,0,0,1
"9094",0,0,42097,-1.52409977806294,1,1,1
"9095",0,0,34321,-0.0848629536107846,0,0,1
"9096",0,0,48,0.350560635428813,1,1,0
"9097",0,1,6790,0.908956568093175,1,1,1
"9098",0,0,26533,0.254151860684496,1,0,1
"9099",0,0,12991,0.669174348080733,1,1,0
"9100",0,0,9192,-1.52409977806294,1,1,0
"9101",0,1,1830,0.102570790588686,1,0,0
"9102",0,0,8056,0.825738611163009,1,0,1
"9103",1,1,25301,-0.277053678368629,1,0,0
"9104",0,0,3152,0.510227782937839,1,1,0
"9105",0,1,13647,-1.52409977806294,1,1,1
"9106",1,1,28881,0.254151860684496,0,1,1
"9107",0,1,38932,0.538805966010795,1,0,1
"9108",1,1,0,0.85010107063032,1,1,0
"9109",0,1,1765,1.0566499537474,1,0,0
"9110",0,0,2883,-1.52409977806294,1,1,0
"9111",1,1,921,0.866804381349367,1,1,0
"9112",0,0,6762,-0.162485836395737,1,1,0
"9113",0,1,6665,0.946884340069479,0,1,1
"9114",0,0,51,-1.52409977806294,0,1,0
"9115",1,1,0,-1.52409977806294,1,1,1
"9116",1,1,41279,0.77990963861852,1,1,0
"9117",1,1,22451,0.750726925004791,0,1,0
"9118",0,1,4471,-1.52409977806294,1,1,0
"9119",0,1,3796,-1.52409977806294,1,1,1
"9120",0,0,0,0.7615045893528,0,1,0
"9121",0,0,0,-1.52409977806294,1,1,0
"9122",0,1,7126,-1.52409977806294,0,0,0
"9123",1,1,34294,0.572318229086399,1,1,1
"9124",0,0,516,0.836862310742941,0,1,0
"9125",0,0,45109,0.893218149972983,1,1,1
"9126",0,0,1149,-1.52409977806294,0,1,0
"9127",1,1,234,-1.52409977806294,1,1,1
"9128",0,1,3807,0.855727596275664,1,1,0
"9129",0,0,728,0.878690015641386,0,1,1
"9130",1,1,2124,0.212382210845837,1,0,0
"9131",1,1,11577,-1.52409977806294,0,1,0
"9132",0,0,33130,0.864771830723392,1,1,1
"9133",0,0,18698,0.988714198260819,0,0,0
"9134",0,1,10002,-1.52409977806294,0,1,0
"9135",0,0,43999,0.538805966010795,1,1,0
"9136",0,0,9220,0.758804816873193,1,1,0
"9137",1,1,10669,0.648797858205049,1,1,0
"9138",1,1,9375,-1.52409977806294,1,1,0
"9139",1,1,33309,1.02713406472786,1,1,1
"9140",0,0,13866,0.873168539616795,1,1,0
"9141",1,1,6304,-0.277053678368629,1,1,0
"9142",1,1,25809,-1.52409977806294,1,0,1
"9143",1,1,5385,-1.52409977806294,0,0,0
"9144",1,1,2541,-1.52409977806294,1,1,1
"9145",1,1,0,0.255696017857662,1,1,1
"9146",0,0,780,0.568819553450964,1,1,0
"9147",0,1,0,0.726847817268774,1,1,1
"9148",1,1,0,-1.52409977806294,1,1,1
"9149",1,1,63,-1.52409977806294,1,1,0
"9150",1,1,12708,0.57624537562528,0,1,0
"9151",1,1,18214,-1.52409977806294,1,1,0
"9152",1,1,39842,1.08550263582028,0,0,0
"9153",1,1,0,0.254151860684496,0,1,0
"9154",1,1,14157,0.914923572565032,1,1,1
"9155",1,1,0,-1.52409977806294,0,1,1
"9156",0,1,18939,0.742657279129572,1,1,1
"9157",0,0,0,-1.52409977806294,1,1,0
"9158",0,0,19010,0.726847817268774,1,1,0
"9159",1,1,43868,0.975474577058332,1,1,1
"9160",1,1,43065,0.648797858205049,1,1,1
"9161",0,0,25174,0.813252848858161,1,1,1
"9162",1,0,19182,-1.52409977806294,1,0,1
"9163",0,0,2772,0.216416082007793,0,0,1
"9164",1,1,6738,-0.181081114591303,1,1,0
"9165",0,1,16440,-1.52409977806294,0,0,1
"9166",0,1,19230,-1.52409977806294,0,1,1
"9167",0,1,4614,0.698262101690902,0,1,1
"9168",0,0,75,-1.52409977806294,1,1,0
"9169",0,1,0,-1.52409977806294,0,0,1
"9170",1,1,9705,0.350831884717768,0,1,1
"9171",1,1,50633,0.290341866347252,1,0,1
"9172",0,0,6753,0.975474577058332,1,1,1
"9173",0,0,15434,0.878690015641386,0,0,1
"9174",0,1,27729,-0.277053678368629,1,1,1
"9175",0,0,3656,0.576717554763112,0,1,1
"9176",1,1,11271,0.726847817268774,0,0,1
"9177",0,0,2837,0.726847817268774,1,1,1
"9178",1,1,710,-1.52409977806294,0,0,1
"9179",0,0,0,0.946884340069479,1,1,1
"9180",1,1,0,-1.52409977806294,1,1,0
"9181",1,1,12261,-0.045937550107825,1,1,0
"9182",0,1,32067,0.162993191115368,0,1,1
"9183",1,1,18275,0.134460119762742,1,1,0
"9184",0,1,35021,0.752707393659945,1,1,0
"9185",0,1,0,0.400266011144916,1,0,1
"9186",1,0,50316,1.16357068087968,1,0,1
"9187",0,0,13820,0.0957172725582084,1,1,1
"9188",0,1,0,-1.52409977806294,1,1,1
"9189",0,0,24767,0.228169951173832,1,1,0
"9190",0,0,903,0.914923572565032,1,1,0
"9191",0,0,24827,0.858581213504869,1,1,0
"9192",0,0,0,-1.52409977806294,1,1,0
"9193",0,1,814,0.632780104770887,0,1,0
"9194",1,1,741,0.4565879503327,1,1,0
"9195",0,1,24013,0.858581213504869,0,0,1
"9196",1,1,11690,-1.52409977806294,1,1,0
"9197",0,0,44861,0.787392039429005,0,1,0
"9198",1,1,16077,-1.52409977806294,1,1,0
"9199",1,1,14847,0.687265260949486,0,0,0
"9200",0,1,50318,0.510227782937839,1,1,1
"9201",1,1,8180,-1.52409977806294,1,1,1
"9202",1,1,12723,0.996760347753606,1,0,0
"9203",0,0,1515,-1.52409977806294,0,1,0
"9204",1,1,56,0.833998183625707,0,0,0
"9205",0,1,933,-1.52409977806294,0,1,0
"9206",0,0,0,0.648797858205049,0,0,0
"9207",0,0,4521,0.648797858205049,0,0,0
"9208",0,1,67235,0.460778602579723,0,1,1
"9209",0,1,14005,-1.52409977806294,0,1,1
"9210",1,1,21505,-1.52409977806294,1,1,1
"9211",0,1,111,0.502586937833349,1,1,0
"9212",0,0,0,-1.52409977806294,1,1,0
"9213",0,1,5103,-1.52409977806294,0,1,1
"9214",0,0,363,-1.52409977806294,1,0,1
"9215",0,1,3033,-0.128729974185197,1,1,0
"9216",0,1,9488,-1.52409977806294,0,1,0
"9217",1,1,861,0.400266011144916,1,0,0
"9218",0,0,2925,-1.52409977806294,1,1,0
"9219",1,1,25906,0.907426655623161,1,1,1
"9220",0,1,45862,1.00133785291652,0,0,1
"9221",1,1,4575,0.747037109305692,1,0,0
"9222",1,1,4041,0.98507174259021,1,1,0
"9223",0,1,14376,0.538805966010795,1,1,1
