recid	D2	Z2	earnings	prevearn	edu	n_hs2	n_hs2_abv	sex
300001	1	1	1353	0	12	17	0	0
300002	1	1	4984	3591	11	16	0	0
300006	0	1	27707	0	12	28	0	0
300008	0	1	31860	9476	10	13	0	0
300010	0	0	26615	9600	9	1	0	0
300012	1	1	48541	200	12	15	0	1
300013	0	1	3240	10000	13	39	1	1
300014	1	1	8385	0	12	28	0	0
300015	1	1	4036	10339	12	39	1	1
300016	0	1	16419	5000	12	39	1	1
300019	0	1	22221	150	12	9	0	0
300022	0	1	1933	1671	8	9	0	0
300025	0	0	19541	0	12	19	0	1
300026	1	1	25766	1569	12	16	0	0
300027	1	1	9879	11400	12	15	0	1
300028	0	0	25199	5000	13	40	1	1
300030	0	0	24765	3412	17	15	0	0
300032	0	1	29780	8000	14	2	0	1
300033	0	0	18888	12300	12	13	0	1
300035	1	1	33390	7751	12	16	0	0
300037	0	0	12537	600	11	1	0	0
300039	0	0	48254	6634	12	13	0	0
300040	0	0	23686	0	10	17	0	0
300048	0	0	10112	500	12	16	0	0
300052	0	0	33570	8460	12	13	0	0
300054	0	0	12301	2500	9	37	1	1
300055	0	0	27676	8020	12	2	0	0
300057	0	0	57676	13000	12	39	1	1
300058	1	1	38018	4500	12	13	0	0
300059	1	1	3366	0	9	19	0	0
300062	1	1	4038	1000	9	1	0	1
300063	1	0	13892	4000	14	2	0	0
300064	0	0	14598	2041	13	15	0	0
300066	1	1	439	0	9	13	0	0
300074	1	1	20609	0	15	37	1	1
300075	0	0	37644	3500	12	17	0	0
300076	0	1	21219	5200	10	346	1	1
300077	0	0	9747	4500	12	16	0	0
300078	0	0	0	154	10	13	0	0
300081	1	1	31196	10000	11	17	0	1
300082	0	0	34728	10000	13	15	0	0
300084	0	0	126	0	11	28	0	1
300085	1	1	1763	2000	10	39	1	1
300091	1	1	7028	30	10	15	0	0
300092	1	1	4506	0	12	13	0	1
300095	1	1	2203	1200	14	13	0	1
300096	0	0	3765	2948	12	0	0	1
300097	1	1	5475	0	12	1	0	0
300098	0	0	12394	0	12	1	0	0
300099	1	1	8372	0	12	0	0	1
300101	1	1	11018	0	12	13	0	0
300103	0	0	1109	0	12	13	0	0
300104	0	0	75	1800	9	9	0	1
300105	0	0	26944	0	12	1	0	0
300108	0	0	2787	12000	12	17	0	0
300110	1	1	11832	0	11	13	0	1
300113	1	1	8127	3200	15	16	0	0
300115	0	0	26525	14102	12	13	0	1
300119	1	1	8860	1500	12	13	0	1
300122	1	1	43596	11653	12	13	0	1
300123	1	1	48727	1000	14	13	0	1
300125	1	1	28029	0	12	13	0	0
300128	0	0	20865	0	11	19	0	0
300129	1	1	56089	5280	16	13	0	1
300133	0	1	4310	1546	10	9	0	1
300134	0	1	2952	0	11	19	0	0
300136	1	1	23830	4500	12	13	0	0
300139	0	1	13871	4421	13	0	0	0
300140	1	1	9962	12088	13	37	1	1
300141	0	1	14459	5500	10	13	0	1
300144	0	0	3721	9000	12	13	0	0
300146	0	1	6261	500	9	13	0	0
300153	0	0	35676	4000	12	13	0	1
300154	0	1	12758	0	10	19	0	0
300156	1	1	9003	8440	12	13	0	0
300158	0	0	24135	100	11	28	0	1
300159	0	0	2612	11490	11	2	0	1
300160	0	1	698	2500	12	39	1	1
300161	0	1	141	0	11	1	0	0
300163	0	1	34593	6500	12	15	0	1
300169	1	1	10840	6000	12	1	0	1
300171	0	0	0	1927	10	37	1	1
300172	1	1	0	150	10	16	0	1
300173	0	1	27431	8000	13	9	0	1
300174	0	0	0	0	8	13	0	0
300175	1	1	0	8750	12	13	0	0
300176	0	0	0	0	12	19	0	0
300181	0	1	1929	422	11	9	0	0
300182	0	1	0	3815	16	39	1	1
300187	1	1	90483	2000	15	15	0	1
300189	0	0	19344	1000	12	39	1	0
300192	0	1	47184	15000	12	13	0	0
300193	0	0	1008	212	12	17	0	1
300202	0	1	22026	6000	14	2	0	0
300207	1	1	19501	7000	13	15	0	1
300209	0	0	60007	10000	10	13	0	1
300212	0	0	13383	5500	17	16	0	1
300214	1	1	42547	11000	12	39	1	1
300215	1	1	9285	2300	12	16	0	1
300218	1	1	2769	4000	12	15	0	1
300220	0	0	22820	450	13	2	0	0
300221	0	0	6119	1300	15	13	0	1
300222	0	0	8952	0	9	1	0	1
300225	0	1	11797	5500	14	13	0	1
300228	0	0	53103	12000	12	15	0	1
300229	0	0	6432	2000	14	13	0	0
300232	1	1	0	0	8	19	0	0
300234	1	1	0	0	10	15	0	0
300238	1	1	20014	700	12	13	0	0
300239	0	0	0	0	8	1	0	0
300243	0	1	51495	4875	11	17	0	1
300246	1	1	13500	0	12	13	0	1
300247	1	1	2874	3000	14	16	0	0
300248	0	1	45968	2856	14	13	0	1
300250	0	0	29458	9625	11	9	0	1
300252	1	1	24365	600	14	1	0	0
300253	1	1	3999	10000	15	15	0	1
300256	0	1	43734	6500	11	13	0	0
300257	0	0	83989	10000	12	9	0	1
300259	0	0	0	19000	12	37	1	1
300265	0	0	37122	3000	8	1	0	0
300266	0	1	40305	1024	11	13	0	0
300273	0	0	2824	5000	16	5	0	1
300274	0	0	10371	0	10	1	0	0
300276	1	1	25585	0	12	16	0	0
300279	1	1	17470	8120	8	19	0	1
300283	0	0	5854	350	9	19	0	0
300287	0	0	10047	86	11	13	0	1
300288	0	0	62424	14665	16	16	0	0
300290	1	1	0	1045	8	2	0	1
300292	0	1	0	0	12	19	0	1
300294	1	1	26214	5730	10	16	0	0
300298	0	0	17943	2400	10	9	0	0
300301	0	0	0	6000	9	15	0	1
300302	0	1	12586	1000	11	13	0	0
300303	0	1	5637	0	9	2	0	1
300305	0	0	1935	0	11	2	0	0
300306	0	1	11619	2112	12	13	0	1
300307	0	1	5992	2725	11	39	1	1
300308	0	0	2993	1100	13	16	0	1
300309	0	0	0	671	12	39	1	1
300310	0	1	22614	130	10	13	0	0
300316	1	1	22636	5200	9	39	1	0
300317	0	1	22895	3000	12	9	0	0
300318	0	1	9343	11475	13	13	0	0
300320	0	1	17181	8786	12	13	0	0
300322	1	1	1611	550	12	39	1	0
300325	0	0	1455	0	13	5	0	0
300326	1	1	14757	0	15	16	0	1
300327	0	1	0	3792	10	17	0	0
300330	0	1	11636	300	8	13	0	1
300331	1	1	201	200	12	17	0	0
300332	0	1	17739	0	12	17	0	1
300333	0	0	8284	2800	14	19	0	1
300336	1	1	31312	5400	12	13	0	0
300337	1	1	17038	1400	12	15	0	1
300340	1	1	325	0	11	17	0	1
300343	1	1	17160	15000	12	16	0	1
300344	1	1	19329	3800	12	19	0	0
300345	0	0	15841	7500	10	13	0	0
300346	0	0	7551	2100	12	28	0	1
300353	0	0	1956	3900	10	13	0	1
300355	1	1	0	5000	13	0	0	0
300356	0	1	4446	98	9	1	0	1
300359	1	1	9449	5915	8	37	1	1
300360	0	1	31774	1300	13	13	0	0
300362	1	1	27546	0	12	37	1	0
300363	0	1	1440	400	8	1	0	1
300366	1	1	14295	300	12	13	0	1
300372	1	1	7898	3235	11	17	0	1
300373	0	0	34745	7000	12	13	0	0
300375	0	0	3779	4000	14	16	0	0
300376	1	1	247	150	11	1	0	0
300380	0	0	22289	2808	12	13	0	0
300381	1	1	8550	6000	12	13	0	1
300383	0	1	700	0	12	13	0	1
300384	0	0	16977	2160	11	37	1	0
300385	0	1	19416	1000	8	1	0	0
300387	1	1	35986	3593	12	16	0	1
300390	1	1	7591	300	12	15	0	0
300391	1	1	21561	600	11	1	0	1
300392	0	1	4968	3000	12	13	0	0
300393	0	0	13367	2000	14	19	0	0
300394	1	1	15471	8125	12	16	0	0
300395	0	1	6489	400	11	1	0	1
300398	0	0	337	0	12	9	0	0
300403	1	1	62715	0	12	16	0	1
300404	1	1	0	0	12	19	0	1
300407	1	1	56963	3500	16	13	0	0
300408	1	1	4998	200	12	9	0	1
300411	1	1	0	1440	17	16	0	0
300412	1	1	22951	1300	13	39	1	0
300415	1	1	43748	12500	15	13	0	1
300418	0	0	79720	1000	11	9	0	1
300420	1	1	5130	3400	12	17	0	0
300421	1	1	2613	0	9	9	0	0
300424	0	0	9755	7143	11	39	1	0
300426	0	0	0	0	8	1	0	1
300429	1	1	14529	3380	12	17	0	1
300433	0	0	12773	9	8	1	0	0
300434	0	0	24807	8386	12	39	1	0
300436	1	1	2115	0	10	15	0	0
300437	0	0	0	3000	11	19	0	1
300440	0	1	28249	8000	14	13	0	0
300444	0	0	447	800	12	17	0	0
300446	0	0	960	0	13	13	0	0
300451	0	1	375	0	16	13	0	1
300454	1	1	2359	0	9	19	0	1
300456	0	0	22530	4800	12	15	0	0
300458	1	1	13280	0	12	37	1	0
300460	0	0	690	16700	16	39	1	1
300462	1	1	1215	4000	10	9	0	1
300463	0	0	395	500	13	13	0	0
300465	0	1	0	0	9	2	0	0
300466	1	1	39360	12000	9	13	0	0
300469	1	1	12845	5000	12	13	0	0
300470	0	1	634	16155	12	17	0	0
300472	0	0	3846	0	12	17	0	0
300474	1	1	42923	4252	12	16	0	1
300475	1	1	0	8443	12	16	0	0
300476	0	1	0	0	12	19	0	0
300478	0	1	24524	10600	12	19	0	0
300483	0	0	87243	200	14	13	0	1
300484	1	1	30747	12000	13	13	0	1
300487	1	1	62364	5000	12	19	0	1
300488	1	1	2614	300	11	16	0	0
300492	1	1	0	0	12	5	0	0
300495	1	1	31357	7200	15	15	0	1
300498	0	0	17194	0	12	19	0	1
300499	1	1	1087	3826	11	15	0	0
300501	1	1	90	0	12	37	1	0
300502	0	0	861	1100	12	17	0	1
300503	1	1	49490	17000	14	13	0	1
300504	0	0	5199	4548	12	39	1	1
300506	0	1	213	0	12	13	0	0
300509	0	1	14132	0	10	2	0	1
300513	0	1	2260	8340	9	17	0	0
300516	1	1	51183	10000	14	39	1	1
300517	0	0	45354	7200	14	17	0	1
300525	1	1	79278	6516	13	0	0	1
300526	1	1	69042	19000	11	37	1	1
300527	0	0	0	16000	13	9	0	0
300529	0	1	34373	6240	12	13	0	1
300531	1	1	3379	0	11	17	0	1
300533	1	1	46443	3588	12	13	0	1
300535	0	0	2036	0	11	16	0	0
300539	1	1	25767	2000	9	19	0	1
300541	0	1	24888	700	12	19	0	1
300543	0	0	75	0	10	13	0	0
300545	1	1	20058	7630	11	15	0	0
300548	1	1	3594	1080	12	15	0	1
300549	0	0	63423	4000	12	15	0	1
300552	1	1	24606	600	12	15	0	1
300553	1	0	18975	0	9	17	0	0
300555	1	1	20751	7000	13	0	0	0
300557	0	1	31765	4800	12	28	0	0
300558	1	1	15302	1000	12	15	0	0
300560	1	1	12327	1000	11	39	1	1
300565	0	0	306	0	11	17	0	0
300566	0	1	17127	0	10	13	0	0
300567	1	1	18374	2900	12	1	0	0
300571	0	0	68820	13000	12	16	0	1
300572	1	1	0	6600	11	19	0	0
300574	0	0	38945	9000	12	346	1	0
300575	0	0	28804	3000	12	346	1	0
300576	1	1	14625	0	12	40	1	0
300577	0	0	46253	6500	12	37	1	1
300578	0	0	0	0	12	19	0	0
300579	0	0	26040	300	12	13	0	0
300581	0	1	41031	2411	12	17	0	1
300586	0	1	8775	600	9	2	0	0
300589	1	1	321	2000	16	9	0	1
300590	1	1	30837	6711	13	16	0	1
300591	0	0	954	0	9	19	0	1
300593	0	0	5737	4641	12	39	1	0
300594	1	1	82217	24000	8	16	0	1
300596	1	1	21616	400	12	15	0	1
300598	1	1	80166	2200	12	13	0	1
300599	0	1	0	0	8	19	0	0
300600	1	1	6821	160	12	13	0	0
300603	0	0	18501	400	10	19	0	0
300605	0	1	0	260	14	15	0	0
300606	0	0	16332	4848	9	0	0	0
300607	0	0	29452	2003	13	39	1	0
300608	1	1	6965	0	12	17	0	0
300611	1	1	34612	12000	14	39	1	0
300614	1	1	1565	0	12	17	0	0
300615	1	1	26334	0	10	1	0	1
300618	0	0	0	600	12	2	0	1
300620	0	1	2322	0	12	9	0	0
300621	1	1	36201	220	10	9	0	1
300622	1	1	6747	0	11	19	0	1
300624	0	0	0	10000	10	1	0	0
300625	0	0	13726	0	12	15	0	1
300629	1	1	2806	171	8	28	0	1
300633	0	1	48553	11000	9	5	0	1
300634	1	1	978	1190	11	17	0	0
300635	1	1	38743	10080	12	16	0	1
300638	1	1	0	3000	12	17	0	0
300644	1	1	46159	13000	16	16	0	1
300645	0	1	18147	0	11	0	0	0
300647	0	0	13874	7100	14	15	0	1
300648	0	1	13419	2400	9	28	0	1
300649	0	0	20442	2000	16	15	0	0
300651	1	1	5311	0	10	13	0	0
300654	1	1	254	498	9	39	1	0
300655	0	1	2108	1500	10	13	0	1
300657	1	1	24799	2400	12	13	0	1
300658	1	1	18299	8000	10	15	0	1
300660	0	0	11010	0	10	19	0	1
300661	0	1	56087	1500	14	2	0	1
300663	0	1	23453	1100	13	39	1	1
300665	0	1	10101	3744	8	1	0	0
300666	1	1	18009	6500	11	13	0	0
300670	0	1	8945	7800	12	13	0	0
300674	1	1	16689	352	10	1	0	0
300675	0	0	0	0	11	28	0	0
300682	0	0	6180	528	9	9	0	0
300686	0	0	0	700	13	39	1	0
300689	0	0	2577	0	12	16	0	0
300690	1	1	24536	1306	14	9	0	0
300692	1	1	51060	2725	9	13	0	0
300693	1	1	28804	1768	12	13	0	0
300696	1	1	13812	0	14	15	0	1
300697	0	1	25700	0	12	39	1	0
300698	1	1	14291	9800	10	13	0	1
300699	0	1	588	400	8	1	0	0
300700	0	1	16919	0	11	13	0	0
300701	1	1	45958	16000	12	39	1	1
300706	0	1	17289	2574	10	39	1	0
300707	1	1	29797	2000	13	17	0	0
300711	1	1	16417	5394	12	39	1	0
300714	0	1	0	0	9	19	0	0
300715	0	1	39570	7000	15	28	0	1
300717	1	1	0	1144	12	13	0	1
300719	0	1	12615	6000	12	13	0	0
300723	1	1	9219	1200	15	2	0	1
300732	1	1	8513	98	11	13	0	1
300740	0	0	4614	6000	9	2	0	1
300741	1	1	5557	1800	12	17	0	0
300743	0	0	41690	6300	14	2	0	1
300745	1	1	23765	50	11	17	0	0
300746	0	1	33403	12469	12	13	0	0
300750	1	1	6930	554	12	15	0	1
300751	0	0	10953	3000	10	19	0	1
300752	0	0	26475	3880	15	17	0	0
300753	0	1	40629	1223	12	13	0	1
300755	1	1	0	2400	12	19	0	0
300757	0	1	7872	2800	11	13	0	1
300758	1	1	26037	0	10	0	0	0
300759	0	0	10350	2500	8	13	0	1
300762	0	0	6150	1500	8	19	0	0
300763	1	1	960	0	12	16	0	0
300764	0	0	24333	1500	10	37	1	1
300766	1	1	10652	4000	10	17	0	1
300767	1	1	21175	128	12	13	0	0
300769	0	0	11117	2300	10	39	1	0
300771	0	1	3345	8000	11	13	0	1
300772	0	1	61813	31000	11	13	0	1
300776	1	1	21572	1751	13	13	0	0
300777	1	1	3732	918	11	17	0	1
300778	0	1	60	200	13	9	0	1
300779	0	0	27660	8004	12	16	0	0
300780	1	1	45400	3900	13	19	0	0
300784	0	0	26314	638	12	39	1	0
300788	0	1	3330	3920	12	13	0	0
300792	0	0	34531	3500	12	16	0	1
300793	1	1	15218	16872	14	40	1	1
300794	0	1	22662	2508	12	13	0	0
300795	0	1	7501	6803	12	39	1	1
300796	0	0	7838	0	9	13	0	0
300798	0	1	0	2000	8	346	1	1
300799	0	0	18101	10000	15	2	0	1
300802	1	1	1839	0	12	17	0	0
300803	1	1	567	0	10	17	0	0
300804	0	1	21569	5400	8	39	1	0
300806	0	1	62019	15000	12	40	1	0
300807	1	1	12597	4500	12	17	0	0
300810	1	1	39383	6500	12	1	0	0
300811	0	0	1779	1000	13	2	0	1
300812	0	0	23466	2400	14	9	0	0
300814	1	1	22411	10125	17	19	0	0
300816	1	1	24049	0	12	40	1	1
300819	0	0	8315	6300	12	19	0	1
300820	0	0	18615	192	12	0	0	1
300822	1	1	25669	2330	12	9	0	1
300823	0	0	29961	11000	12	13	0	1
300825	0	0	1971	12000	12	1	0	1
300826	1	1	981	550	8	1	0	0
300828	1	1	47142	12000	12	13	0	1
300830	1	1	63075	8850	12	17	0	1
300831	1	1	0	0	8	37	1	0
300833	0	0	0	0	13	9	0	1
300835	0	0	1074	0	10	13	0	0
300838	0	1	5376	4985	14	13	0	0
300840	1	1	10185	0	12	16	0	0
300841	1	1	60033	11500	14	13	0	1
300842	0	1	17863	4000	10	2	0	0
300843	1	1	150	0	12	17	0	0
300851	1	1	28314	1900	9	13	0	0
300855	0	0	15850	600	12	5	0	1
300857	0	1	7512	3000	13	13	0	1
300858	1	1	17976	0	12	9	0	0
300859	1	1	32178	12000	11	0	0	0
300862	1	1	23437	2500	9	13	0	0
300866	1	1	17413	1800	14	39	1	0
300867	0	0	5916	1312	12	17	0	0
300868	1	1	36010	0	8	19	0	1
300871	1	1	56520	7000	14	13	0	1
300872	1	1	5850	500	12	17	0	0
300876	0	1	39102	2600	12	13	0	0
300877	1	1	20358	997	11	13	0	1
300880	0	0	0	0	12	19	0	0
300884	1	1	63719	17000	12	13	0	1
300885	0	0	23725	0	12	40	1	0
300888	1	1	828	8050	11	17	0	0
300892	1	1	26906	3472	11	13	0	0
300894	0	0	24	0	8	9	0	0
300895	1	1	5918	0	15	39	1	1
300898	0	1	36669	11000	13	1	0	0
300901	1	1	4069	2000	10	13	0	1
300903	1	1	555	0	12	19	0	1
300905	1	1	31273	3000	11	13	0	1
300906	1	1	30439	1104	14	17	0	0
300909	1	1	13755	3300	12	16	0	0
300911	0	0	21310	3000	12	9	0	0
300913	1	1	26440	13000	11	9	0	1
300916	1	1	5865	0	14	17	0	0
300918	0	1	13825	0	8	39	1	0
300920	1	1	26013	6000	14	13	0	0
300923	0	0	702	2080	8	19	0	1
300924	1	1	7086	5887	12	346	1	0
300929	0	0	4281	1500	8	15	0	0
300936	0	0	43006	1300	12	37	1	1
300938	1	1	34587	3000	11	2	0	1
300939	1	1	0	8800	12	16	0	0
300940	0	1	10191	4200	10	9	0	1
300941	0	0	11948	8419	12	1	0	1
300942	0	0	4389	1030	12	346	1	1
300943	1	1	0	400	11	40	1	0
300944	1	1	0	0	9	5	0	0
300948	0	1	21609	900	12	13	0	0
300950	1	1	2625	100	10	13	0	0
300951	0	1	3723	550	8	13	0	1
300953	1	1	15223	3289	12	17	0	0
300956	0	1	2343	3301	12	1	0	1
300958	1	1	14466	11960	9	19	0	1
300959	1	1	663	17000	9	13	0	1
300961	1	1	49363	6602	10	16	0	1
300970	1	1	62132	4000	10	13	0	1
300974	1	1	25791	3000	12	13	0	1
300975	1	1	13484	1750	10	37	1	0
300981	0	1	29339	450	10	28	0	0
300983	1	1	225	0	12	19	0	1
300996	1	1	10942	0	11	19	0	1
300999	0	1	10728	4227	10	39	1	0
301000	1	1	5953	11000	9	1	0	0
301005	0	0	0	1540	12	13	0	0
301006	1	1	24971	9000	11	9	0	0
301007	1	1	1479	5000	10	15	0	0
301008	0	0	45465	3000	11	1	0	1
301012	1	1	36091	15028	12	13	0	0
301013	0	0	798	8000	12	13	0	1
301014	0	0	40727	15000	16	13	0	0
301020	0	0	1379	0	12	13	0	0
301022	1	1	0	0	9	19	0	0
301023	1	1	2934	0	9	17	0	0
301024	0	0	13	94	11	15	0	1
301025	0	1	651	0	11	9	0	1
301028	0	1	0	0	8	1	0	0
301029	1	1	20196	400	15	15	0	0
301031	1	1	352	6220	11	1	0	1
301032	1	1	11261	2300	11	9	0	0
301042	0	0	5337	0	11	13	0	1
301043	1	1	12747	700	10	0	0	1
301044	0	0	48024	3900	10	39	1	1
301045	0	0	0	0	12	1	0	0
301046	1	1	9931	28	12	39	1	0
301047	0	1	0	30000	17	13	0	1
301048	1	1	15649	0	9	19	0	1
301049	0	1	636	35000	16	13	0	1
301050	1	1	29302	1400	12	16	0	1
301051	1	1	52197	10200	12	19	0	1
301054	0	0	1541	5400	9	19	0	1
301059	1	1	19773	150	12	13	0	1
301062	0	0	0	0	8	9	0	0
301066	0	0	489	4500	12	1	0	1
301067	1	1	10251	0	10	37	1	0
301068	1	1	18	2000	10	9	0	0
301072	0	0	0	774	12	0	0	0
301073	1	1	0	0	14	9	0	1
301074	1	1	9351	1173	12	9	0	1
301078	0	0	2691	400	12	39	1	1
301081	0	0	17537	0	10	13	0	1
301084	0	0	2074	0	9	1	0	0
301085	1	1	12305	16000	11	0	0	1
301086	1	1	10375	6000	12	2	0	1
301088	0	0	13965	134	12	13	0	1
301089	1	1	28635	3793	12	2	0	0
301091	1	1	13024	8000	11	1	0	1
301092	1	1	12714	5189	12	15	0	0
301093	1	1	15828	3981	13	2	0	1
301094	0	0	40418	0	15	13	0	1
301095	1	1	11591	108	10	37	1	1
301096	1	1	51541	1200	13	9	0	0
301102	1	1	5337	0	12	9	0	1
301105	1	1	17263	0	12	5	0	1
301106	1	1	61398	25183	12	0	0	1
301107	0	0	4943	2400	8	2	0	1
301109	1	1	46737	200	12	1	0	1
301110	0	0	58942	8000	10	13	0	1
301114	1	1	25212	1800	10	16	0	0
301115	0	0	3170	0	8	17	0	0
301117	1	1	5337	0	16	19	0	1
301120	1	1	19094	5136	11	2	0	0
301123	1	1	36153	8500	12	13	0	0
301126	0	1	16363	98	12	1	0	1
301127	0	1	33590	800	17	16	0	1
301128	0	0	0	0	12	13	0	0
301129	0	1	6822	3129	11	13	0	1
301131	1	1	0	1050	12	17	0	0
301136	1	1	52129	14000	12	1	0	1
301138	1	1	12412	3804	12	15	0	0
301143	0	1	0	398	15	19	0	0
301145	1	1	13881	586	12	9	0	0
301149	1	1	15109	7000	13	9	0	0
301152	0	1	8187	700	12	19	0	0
301154	1	1	23555	0	12	17	0	0
301156	0	1	7260	40	9	2	0	1
301159	1	1	0	15933	12	16	0	1
301162	1	1	10242	0	9	9	0	1
301163	1	1	10423	5000	9	13	0	1
301164	1	1	27295	0	14	1	0	1
301165	1	1	63416	0	13	39	1	1
301168	0	0	5835	200	12	1	0	0
301169	0	0	25173	8700	12	39	1	1
301170	0	0	25648	2100	10	1	0	0
301171	0	0	10416	6000	13	2	0	1
301173	1	1	462	2340	9	16	0	0
301176	1	1	96	500	10	16	0	0
301177	1	1	3297	12088	12	16	0	0
301182	1	1	14120	5200	10	9	0	0
301183	1	1	7612	1620	12	17	0	1
301184	0	0	6621	30000	12	13	0	0
301185	0	0	11712	9000	12	39	1	0
301186	0	0	25703	5000	10	1	0	0
301188	1	1	18161	9932	10	19	0	1
301189	0	1	0	0	11	15	0	1
301192	1	1	33687	12480	10	346	1	1
301196	0	0	45264	7080	10	13	0	0
301199	0	0	1368	3228	11	13	0	0
301200	1	1	1128	2664	11	17	0	0
301201	1	1	59739	3000	11	13	0	1
301202	0	0	34585	2000	13	15	0	1
301203	1	1	7634	0	10	1	0	0
301214	0	0	15720	2560	12	17	0	0
301215	1	1	62799	19609	12	0	0	1
301218	0	0	38833	11000	11	13	0	1
301220	0	1	594	400	13	13	0	1
301230	0	0	2172	12000	12	9	0	0
301232	1	1	19707	400	13	2	0	0
301234	0	0	883	2000	10	9	0	1
301236	0	0	25305	5907	12	9	0	1
301238	0	0	44727	4800	12	15	0	0
301239	0	1	3303	8284	9	13	0	1
301240	1	1	20079	5060	12	17	0	0
301241	1	1	2053	2308	9	19	0	1
301243	1	1	1644	4000	14	39	1	0
301247	1	1	51410	6000	11	15	0	1
301250	0	0	0	2200	12	19	0	1
301252	0	1	606	2000	12	17	0	1
301253	0	1	0	3220	12	13	0	1
301255	1	1	13506	3560	12	17	0	1
301256	1	1	20396	500	12	17	0	1
301264	1	1	37388	10600	12	9	0	0
301266	0	0	0	12	8	9	0	1
301268	1	1	18393	6000	14	17	0	0
301270	0	1	19358	1800	15	9	0	1
301273	1	1	13821	0	12	0	0	1
301274	0	0	65805	12000	10	15	0	1
301275	1	1	40756	0	8	19	0	1
301278	0	1	41892	1735	10	9	0	0
301279	1	1	19099	400	12	1	0	0
301283	1	1	29417	12000	14	13	0	1
301284	0	1	44804	0	12	37	1	1
301285	0	0	27842	4686	12	13	0	0
301289	0	0	0	0	12	19	0	0
301290	0	0	7767	300	12	19	0	1
301293	0	0	0	1000	14	2	0	1
301295	1	1	11477	4473	11	17	0	0
301297	1	1	26223	9000	12	15	0	0
301298	0	1	15651	0	14	13	0	0
301299	1	1	8581	6000	12	13	0	0
301306	1	1	12633	1200	12	17	0	0
301307	1	1	0	0	10	1	0	0
301309	1	1	26463	7014	13	9	0	1
301310	1	1	7065	0	11	1	0	0
301312	0	1	2109	550	13	39	1	0
301317	1	1	15794	9000	8	28	0	1
301319	1	1	4728	2600	8	16	0	0
301323	1	1	1702	0	8	13	0	0
301332	1	1	9546	5884	12	13	0	0
301334	0	1	41997	11495	10	9	0	1
301335	0	0	30168	8000	14	16	0	1
301336	0	0	31242	25000	14	16	0	1
301337	1	1	867	10000	12	0	0	0
301343	0	0	6477	0	10	13	0	0
301346	1	1	134091	0	11	15	0	1
301347	0	0	10014	5000	13	2	0	0
301350	0	0	17047	1100	12	1	0	0
301352	0	1	13443	6000	12	37	1	1
301353	1	1	27450	5647	9	0	0	1
301354	0	1	1758	4000	10	19	0	1
301356	1	1	504	3840	9	13	0	0
301357	1	1	3876	0	11	17	0	1
301360	1	1	28692	5000	12	13	0	0
301362	1	1	19327	2283	12	16	0	0
301363	0	0	41170	14000	9	1	0	1
301365	1	1	20512	4800	12	13	0	1
301366	0	0	864	0	16	13	0	1
301367	0	0	21267	6000	8	1	0	1
301371	0	1	18758	7000	12	13	0	1
301373	0	0	11198	4244	12	13	0	0
301374	0	1	7579	3000	12	17	0	1
301376	0	1	22761	1680	8	19	0	0
301378	1	1	0	0	11	17	0	0
301379	1	1	10099	3500	11	1	0	1
301380	0	1	35529	0	12	13	0	1
301381	0	1	25077	0	10	19	0	1
301386	0	0	31690	4500	9	19	0	0
301387	0	0	28974	0	9	9	0	0
301388	0	0	1525	360	8	9	0	0
301390	1	1	35382	5600	9	1	0	0
301391	1	1	813	4100	10	1	0	1
301396	1	1	2061	50	12	13	0	1
301398	0	0	0	8000	12	13	0	1
301399	1	1	28860	8007	12	1	0	0
301402	1	1	50766	6000	12	1	0	1
301406	0	1	35373	6000	12	1	0	0
301407	1	1	29377	11117	9	9	0	0
301408	1	1	0	0	11	17	0	0
301410	1	1	565	10080	13	17	0	1
301411	1	1	21623	1500	9	37	1	1
301412	0	0	15181	14000	9	13	0	1
301414	1	1	68468	13000	11	40	1	1
301421	0	1	20474	7000	12	13	0	0
301422	1	1	9472	0	15	37	1	1
301424	0	0	0	100	12	15	0	1
301425	0	0	18587	2000	12	19	0	0
301426	0	1	91697	0	14	19	0	0
301427	0	0	12197	0	8	13	0	1
301428	1	1	23144	42	12	39	1	0
301431	0	1	0	14	12	17	0	1
301433	1	1	54168	1300	15	13	0	0
301434	0	0	0	0	12	19	0	0
301435	1	1	3626	166	11	1	0	0
301436	1	1	23991	5520	12	19	0	0
301437	1	0	9535	400	12	13	0	0
301439	0	0	10257	3056	12	17	0	0
301440	1	1	5976	0	10	1	0	0
301442	1	1	17914	0	12	2	0	0
301443	1	1	1057	0	9	1	0	0
301444	0	0	2349	5500	14	16	0	1
301446	0	0	12897	1800	12	1	0	1
301447	0	1	231	1995	11	19	0	0
301452	1	1	7155	0	12	19	0	1
301454	0	1	1347	0	14	13	0	0
301458	1	1	38670	15000	12	0	0	1
301465	0	1	0	4320	8	16	0	0
301467	1	1	20323	1300	16	17	0	1
301469	0	0	14572	3500	12	28	0	0
301471	1	1	15357	4226	12	39	1	0
301474	0	0	42282	11000	10	13	0	1
301475	0	0	204	1500	11	346	1	1
301476	1	1	7493	0	12	17	0	0
301477	0	0	12812	1250	12	19	0	1
301478	0	0	0	3000	12	15	0	1
301480	0	1	1035	0	9	16	0	0
301481	0	1	0	195	12	13	0	1
301482	1	1	43977	500	12	16	0	1
301483	1	1	4684	9000	11	2	0	1
301485	0	0	86242	8475	12	19	0	1
301487	0	1	1744	0	8	346	1	0
301488	0	0	54336	5000	8	9	0	1
301491	1	1	14847	200	12	15	0	0
301492	0	0	0	0	12	40	1	0
301494	0	0	21152	10000	12	13	0	1
301495	0	1	354	6000	12	13	0	0
301498	0	0	35770	7000	14	19	0	1
301502	1	1	4921	2000	12	37	1	1
301507	1	1	0	187	12	0	0	1
301509	1	1	14180	3000	11	16	0	0
301510	0	1	4622	2000	10	2	0	1
301513	1	1	31565	320	12	17	0	1
301514	0	0	50781	0	8	19	0	1
301516	0	0	174	0	12	13	0	1
301517	0	0	33618	13500	12	19	0	1
301519	0	1	8392	9245	11	40	1	1
301520	1	1	7402	4746	11	9	0	0
301521	1	1	17905	2409	14	16	0	0
301523	0	0	1347	0	8	19	0	1
301524	1	1	152	75	12	1	0	1
301527	1	1	10398	0	12	13	0	0
301532	0	1	1764	0	12	13	0	0
301538	1	1	38567	2000	12	2	0	1
301545	0	0	42231	10238	12	0	0	1
301546	1	1	33852	1209	14	39	1	0
301547	1	1	5955	0	10	0	0	1
301548	1	1	42	5200	12	39	1	1
301549	0	0	0	0	11	13	0	0
301554	0	0	51	0	11	16	0	0
301561	0	1	13647	2400	12	13	0	0
301562	0	0	54377	12000	14	13	0	1
301563	0	0	2640	5633	10	9	0	1
301564	0	0	35199	3000	8	1	0	0
301566	0	0	10709	8560	15	39	1	0
301567	1	1	9546	0	12	16	0	0
301568	0	0	21675	300	12	13	0	1
301569	0	1	1629	7675	12	19	0	0
301573	0	1	33165	934	15	15	0	0
301574	0	0	15062	1300	8	13	0	0
301581	0	0	0	0	7	1	0	0
301583	1	1	759	0	10	9	0	0
301584	0	1	0	4800	14	19	0	1
301588	0	0	1488	9700	12	13	0	0
301589	0	1	24425	0	12	13	0	1
301590	0	0	3711	4600	13	37	1	1
301594	1	1	5981	0	11	5	0	0
301596	1	1	46570	6800	14	1	0	0
301597	0	1	294	5000	10	13	0	1
301600	1	1	16890	0	12	19	0	1
301604	0	1	129	0	10	0	0	0
301605	1	1	45734	200	17	2	0	1
301608	1	1	11235	9000	12	19	0	0
301615	0	1	1461	400	11	13	0	0
301616	1	1	14866	1000	10	13	0	1
301619	0	1	40745	10000	10	13	0	1
301620	0	1	0	0	16	19	0	0
301622	0	1	6061	0	12	9	0	0
301626	1	1	2529	3000	11	19	0	1
301628	0	1	0	265	12	2	0	1
301630	0	1	0	0	9	1	0	0
301631	1	1	3624	313	9	1	0	0
301634	0	0	33285	800	13	16	0	0
301635	0	1	0	0	11	13	0	1
301636	0	0	13998	1985	17	39	1	1
301637	1	1	0	0	9	1	0	0
301640	0	0	10311	2746	15	16	0	0
301643	0	0	1833	0	9	17	0	0
301644	1	1	414	13000	12	13	0	1
301645	0	0	48288	0	14	0	0	1
301646	0	0	43779	26000	12	17	0	0
301648	0	0	0	1800	12	13	0	1
301649	1	1	40139	2191	8	9	0	0
301651	0	0	2026	6000	12	17	0	0
301652	0	0	22569	9000	12	2	0	0
301656	1	1	2454	0	9	19	0	1
301662	1	1	1257	200	11	1	0	0
301663	0	1	36739	4200	11	39	1	1
301664	1	1	1366	3000	18	13	0	1
301665	1	1	24621	685	8	37	1	1
301666	0	0	6521	0	11	2	0	1
301670	0	0	0	200	12	1	0	1
301674	0	0	14130	2000	12	2	0	0
301678	1	1	22920	0	11	17	0	0
301681	0	0	21804	0	12	13	0	1
301682	0	0	4800	360	11	2	0	1
301683	0	0	5074	5000	12	9	0	1
301686	0	1	14936	800	9	1	0	0
301687	1	1	10005	7570	13	39	1	1
301688	1	1	0	0	12	13	0	0
301691	1	1	4491	0	13	19	0	1
301693	0	1	0	0	10	13	0	1
301694	0	1	46491	98	13	1	0	1
301696	0	0	26496	0	12	17	0	0
301698	1	1	2647	900	10	37	1	1
301700	1	1	972	4200	12	16	0	0
301701	1	1	0	2500	13	16	0	1
301702	1	1	55365	0	12	1	0	1
301707	1	1	18806	2000	10	19	0	1
301708	0	1	1219	2000	12	13	0	0
301712	1	0	2517	4500	13	19	0	1
301713	0	0	25996	4000	12	13	0	1
301715	0	0	29522	1500	10	13	0	0
301716	1	1	257	634	9	16	0	0
301718	0	0	10445	0	17	13	0	1
301720	1	1	2136	0	12	16	0	0
301722	1	1	18121	3628	10	39	1	0
301728	0	0	32103	0	12	17	0	0
301729	1	1	36861	900	13	2	0	0
301733	0	1	20857	9120	12	17	0	1
301734	0	1	1797	700	14	9	0	0
301737	1	1	8551	0	12	2	0	1
301738	0	1	0	0	8	19	0	0
301739	0	0	14220	0	14	13	0	1
301741	0	1	14889	0	12	17	0	0
301744	0	0	6668	1615	10	39	1	0
301747	0	1	95	0	10	9	0	0
301751	0	1	0	1000	10	13	0	1
301752	0	0	5145	0	8	1	0	0
301756	1	1	68929	1050	11	13	0	1
301757	0	0	20865	5600	9	13	0	0
301760	0	1	26010	1300	13	2	0	0
301761	1	1	21123	1968	12	17	0	1
301763	0	1	0	0	11	17	0	0
301764	1	1	20	36	10	0	0	1
301767	0	0	2472	0	10	13	0	0
301772	1	1	25266	0	12	13	0	0
301773	1	1	7916	5000	9	13	0	0
301776	0	0	11741	10400	12	13	0	1
301777	1	1	8115	360	12	17	0	0
301782	0	1	1058	0	10	13	0	0
301784	1	1	20028	9000	8	5	0	1
301785	1	1	68358	0	8	40	1	1
301789	1	1	25339	3000	10	16	0	1
301790	1	1	21411	1148	8	13	0	1
301794	0	0	23469	10751	12	17	0	0
301796	0	1	23579	16500	12	16	0	0
301797	0	0	6309	9629	11	13	0	0
301798	0	1	6768	0	9	19	0	0
301800	0	1	0	0	9	9	0	0
301804	0	1	0	55	10	1	0	0
301805	0	0	579	8000	10	16	0	0
301806	0	0	13965	6000	12	1	0	1
301807	0	0	9148	3480	10	37	1	0
301808	0	1	0	0	16	13	0	1
301810	1	1	31489	11000	16	2	0	1
301813	0	1	1276	1720	8	19	0	1
301814	0	0	10370	0	10	19	0	1
301815	0	0	10620	75	12	346	1	1
301818	1	1	43366	600	8	16	0	1
301819	0	1	4569	0	12	346	1	1
301822	0	0	1383	1700	11	9	0	1
301831	0	0	13871	120	12	16	0	1
301835	1	1	5047	500	13	15	0	0
301837	0	0	38036	3600	12	17	0	0
301839	1	1	34735	7000	16	16	0	0
301840	0	1	82797	17398	12	0	0	1
301841	1	1	42294	3500	12	2	0	1
301844	0	1	31852	6000	12	346	1	1
301852	0	0	6641	1400	10	19	0	1
301854	1	1	9824	0	16	13	0	1
301855	1	1	14258	0	10	13	0	0
301861	0	0	20595	0	12	17	0	0
301863	0	0	4821	9000	14	28	0	1
301864	0	0	0	0	12	39	1	0
301867	1	1	26220	637	12	13	0	1
301869	0	0	65513	10000	14	13	0	1
301873	0	0	0	0	16	346	1	0
301874	0	0	4167	5588	9	19	0	1
301876	1	1	1086	1712	10	19	0	1
301877	1	1	1932	2000	8	2	0	1
301879	0	0	16931	1400	17	39	1	0
301880	1	1	7921	2000	12	2	0	1
301881	1	1	0	7000	12	1	0	1
301882	0	1	9383	6000	11	13	0	0
301883	0	0	8272	6000	12	13	0	0
301884	0	1	0	50	11	1	0	0
301886	1	1	14896	2400	9	37	1	1
301893	0	0	23322	400	12	2	0	1
301894	1	1	4380	0	12	39	1	0
301897	1	1	17166	15850	12	39	1	1
301902	1	1	19464	0	10	13	0	0
301915	0	1	1881	0	12	39	1	1
301916	1	1	9029	100	11	1	0	0
301917	0	0	2233	0	12	19	0	0
301918	0	0	33567	4000	12	16	0	0
301921	0	1	586	10000	12	39	1	0
301926	1	1	27914	2000	15	15	0	1
301928	1	1	8637	4913	12	17	0	1
301933	0	0	0	0	8	2	0	0
301934	1	1	14896	272	12	1	0	0
301936	0	1	2495	4000	10	13	0	1
301939	0	0	1002	690	12	17	0	1
301940	0	0	11743	5680	13	40	1	0
301941	0	0	7385	1470	14	13	0	1
301942	1	1	0	0	10	19	0	0
301945	0	0	11187	2000	12	13	0	1
301946	0	0	16648	3906	14	16	0	0
301948	0	1	25977	22274	12	19	0	0
301954	1	0	11011	6240	8	28	0	1
301957	1	1	225	0	12	0	0	0
301960	1	1	0	42	9	9	0	0
301970	1	1	10022	5400	12	1	0	0
301972	0	0	70239	4000	16	13	0	1
301975	1	1	18486	0	12	9	0	1
301976	1	1	16352	6000	12	16	0	0
301981	0	1	30643	9100	11	1	0	1
301986	0	1	6452	0	12	9	0	0
301987	0	0	660	0	10	2	0	1
301992	1	1	2137	3867	12	13	0	1
301994	0	1	8347	6040	12	9	0	0
301996	0	0	24105	5314	13	17	0	0
301998	1	1	23970	4000	12	0	0	0
302001	0	0	3351	0	10	13	0	0
302006	0	0	2046	2000	9	13	0	1
302010	1	1	11862	0	10	13	0	1
302011	0	0	1238	0	12	28	0	1
302012	0	0	24171	3896	15	17	0	0
302014	1	0	65536	3150	12	0	0	0
302016	0	0	12040	2300	12	13	0	1
302019	0	1	11755	7680	9	19	0	1
302020	0	1	24102	8000	7	13	0	1
302022	1	1	0	2526	16	19	0	1
302023	1	1	459	0	9	17	0	0
302024	0	0	15277	1900	8	13	0	0
302026	1	1	21761	3000	10	13	0	0
302027	1	1	1254	0	12	40	1	0
302029	0	1	34291	9000	12	13	0	1
302030	0	0	27057	6000	12	13	0	0
302031	0	0	27651	0	11	1	0	0
302032	0	0	26448	8000	12	39	1	1
302039	0	1	0	800	10	9	0	1
302042	1	1	1506	0	12	19	0	0
302044	1	1	46890	13000	14	9	0	1
302046	1	1	24387	1232	12	15	0	1
302048	0	0	15141	140	12	28	0	1
302050	0	0	13021	0	10	19	0	1
302052	1	1	8147	3000	12	40	1	0
302053	0	0	33204	1152	8	19	0	0
302054	0	1	23076	0	11	0	0	1
302058	1	1	11829	100	12	13	0	0
302059	0	0	0	0	12	13	0	0
302060	0	0	0	5000	12	2	0	1
302062	1	1	26355	0	12	1	0	0
302063	1	1	17973	5156	12	0	0	0
302064	0	1	0	0	12	19	0	0
302065	0	0	0	0	12	13	0	0
302067	0	1	10784	2000	12	28	0	0
302071	0	0	39917	1600	11	39	1	0
302072	1	1	29744	289	8	19	0	0
302073	1	1	15633	2505	8	16	0	0
302074	0	0	2949	0	12	17	0	0
302075	0	0	4557	1216	14	13	0	0
302076	0	1	155760	45000	14	13	0	1
302077	1	1	264	5000	12	39	1	1
302078	0	0	11478	0	8	9	0	0
302083	0	0	50916	9000	13	9	0	0
302086	0	0	1383	0	14	28	0	0
302087	0	1	40308	8640	16	13	0	0
302088	1	1	732	98	11	16	0	0
302092	0	0	14173	0	12	9	0	1
302095	0	1	15759	8400	12	13	0	0
302097	0	1	27627	8000	12	19	0	0
302100	0	1	24112	14000	8	13	0	0
302101	0	0	17205	3000	12	2	0	1
302109	0	0	15711	13000	13	16	0	1
302110	0	0	1791	1614	9	39	1	0
302114	1	1	1887	2900	12	15	0	1
302117	0	1	7563	900	8	13	0	0
302118	1	1	7414	0	9	39	1	0
302122	1	1	14042	1200	11	13	0	0
302123	1	1	3155	3132	12	17	0	0
302124	0	0	45399	5500	12	2	0	1
302126	0	1	0	5000	9	13	0	1
302127	0	0	0	0	16	16	0	1
302128	0	0	1795	4000	11	1	0	1
302129	0	1	0	14000	14	39	1	1
302131	1	1	4308	2400	10	0	0	0
302134	1	1	12462	85	14	19	0	0
302135	1	1	8532	2482	11	16	0	1
302139	0	0	0	0	8	1	0	0
302140	1	1	1976	2400	13	9	0	0
302141	0	0	57072	0	10	13	0	1
302142	0	0	36268	0	11	1	0	1
302147	0	1	7785	2870	13	13	0	1
302148	0	1	27504	4000	10	16	0	1
302150	0	1	4005	2400	12	0	0	0
302153	1	1	8070	1200	12	13	0	0
302154	0	0	28236	7000	12	39	1	1
302156	0	1	37972	5200	12	346	1	1
302158	1	1	63663	1000	12	15	0	1
302161	0	1	10099	3000	12	1	0	1
302163	0	0	15802	4650	12	1	0	0
302164	1	1	17802	7800	12	13	0	0
302166	1	1	18089	4053	12	16	0	0
302167	1	1	7665	6000	17	13	0	0
302171	0	1	228	0	12	1	0	0
302172	0	0	1275	2079	12	13	0	0
302177	1	1	51054	15250	12	1	0	1
302178	0	0	0	0	7	19	0	0
302180	1	0	10761	0	12	17	0	0
302185	0	0	32355	18000	11	16	0	1
302186	0	0	8241	0	12	0	0	0
302188	1	1	20460	1800	12	9	0	1
302191	0	0	14990	0	17	15	0	0
302193	0	1	7133	19500	11	346	1	1
302195	1	1	21083	9368	10	346	1	1
302196	0	0	12161	0	12	40	1	0
302199	0	0	1464	1000	10	39	1	1
302204	1	1	21762	5000	18	19	0	1
302207	0	1	21768	10704	12	9	0	0
302208	0	0	15362	7000	14	1	0	1
302210	0	0	933	753	12	28	0	1
302211	1	1	34011	800	12	17	0	1
302214	0	1	216	0	9	9	0	0
302220	0	0	23745	0	14	16	0	0
302221	1	1	29447	2000	14	37	1	1
302223	1	1	7668	0	10	17	0	0
302226	1	1	297	0	12	19	0	0
302227	1	1	19123	9677	12	39	1	0
302229	1	1	4574	1600	11	19	0	0
302230	0	0	49599	6444	12	1	0	1
302231	1	1	33135	1200	12	15	0	1
302234	1	1	15690	2600	12	5	0	1
302237	0	1	33677	11921	17	2	0	0
302240	0	0	9297	500	12	37	1	0
302241	0	1	1833	3000	11	1	0	1
302252	1	1	41023	0	13	19	0	0
302253	1	1	22499	0	12	9	0	0
302254	1	1	17841	0	12	13	0	0
302270	0	1	50271	7200	13	13	0	0
302272	1	1	19960	26000	12	39	1	1
302273	1	1	37030	3840	12	13	0	0
302277	1	1	24	500	13	15	0	0
302278	1	1	3399	1648	8	19	0	0
302279	1	1	8603	2500	13	13	0	0
302280	0	1	28264	300	9	1	0	1
302281	0	0	0	0	12	15	0	0
302289	0	1	180	0	11	28	0	1
302293	1	1	12811	6390	12	13	0	0
302297	0	1	31617	10000	12	13	0	1
302301	1	1	32883	7000	12	39	1	0
302302	1	1	4596	6000	12	39	1	1
302306	0	0	21740	7600	8	13	0	1
302309	1	1	33792	300	12	15	0	1
302310	1	1	45914	11477	12	39	1	1
302312	1	1	12027	1517	12	9	0	0
302317	0	0	1569	2700	12	19	0	1
302318	0	0	31341	7500	9	13	0	1
302320	0	0	22908	2328	12	1	0	0
302321	0	1	39233	404	15	39	1	1
302322	1	1	522	0	10	1	0	0
302323	0	1	795	2000	12	13	0	0
302324	1	1	1689	0	12	17	0	0
302329	0	0	9618	0	12	9	0	1
302336	0	1	45063	5000	14	346	1	0
302338	1	1	426	4000	12	39	1	1
302339	1	1	6739	900	12	2	0	1
302343	1	1	43510	5000	12	39	1	1
302346	0	0	427	7000	12	13	0	0
302347	1	1	15410	0	12	15	0	0
302348	1	1	43527	10000	12	13	0	1
302349	0	1	9492	3000	12	13	0	0
302352	0	0	1296	733	8	13	0	0
302356	0	1	381	0	12	13	0	0
302359	0	0	8824	13212	13	28	0	0
302360	1	1	1681	0	9	39	1	1
302361	0	0	8826	0	12	2	0	0
302362	0	0	32483	8000	14	13	0	1
302363	1	1	2604	0	13	17	0	1
302364	0	0	41595	20000	11	19	0	1
302366	1	1	2990	0	9	9	0	0
302369	0	0	6055	6668	11	39	1	1
302370	0	1	0	1000	10	13	0	1
302371	1	1	7112	2400	9	1	0	0
302373	0	1	803	0	8	13	0	0
302377	1	1	29141	18000	14	13	0	1
302379	1	1	30678	3000	13	13	0	1
302382	1	1	21233	0	10	2	0	0
302383	1	1	0	0	12	9	0	1
302386	1	1	17087	1576	12	9	0	0
302387	1	1	55396	8800	12	9	0	1
302389	0	1	12375	2150	12	13	0	0
302391	0	0	22173	5873	11	39	1	0
302392	1	1	54079	12000	12	13	0	1
302393	0	0	1482	0	10	28	0	0
302394	1	1	46545	0	11	17	0	0
302396	1	1	4569	375	11	15	0	0
302397	0	0	3435	0	11	28	0	1
302398	0	1	0	1100	14	2	0	1
302402	0	1	29319	5130	12	13	0	1
302404	0	0	21060	400	11	13	0	1
302405	0	1	1419	3840	12	39	1	0
302408	0	0	10167	299	9	5	0	0
302409	1	1	0	2350	11	13	0	1
302411	0	0	552	2100	17	39	1	1
302415	0	1	4366	1300	10	5	0	1
302416	0	0	2812	4500	11	39	1	0
302417	1	1	1821	0	10	37	1	0
302421	0	0	2346	800	11	17	0	0
302422	0	0	29728	606	12	13	0	0
302423	0	0	502	4572	12	16	0	0
302426	0	1	656	0	8	19	0	0
302427	0	0	5292	2300	11	19	0	1
302430	1	1	38859	364	11	9	0	1
302434	0	1	0	3000	12	39	1	0
302435	1	1	1491	3500	12	13	0	1
302439	0	0	0	0	13	9	0	1
302440	0	1	1656	0	11	28	0	0
302441	1	1	53796	8060	12	0	0	1
302442	0	0	77984	12000	12	13	0	1
302443	0	0	26163	0	8	9	0	0
302446	1	1	10707	5800	10	1	0	0
302449	1	1	11635	9800	11	13	0	0
302450	1	1	7389	5571	12	16	0	1
302451	0	0	176	3284	12	15	0	0
302452	1	1	33354	0	8	13	0	0
302454	1	1	0	0	17	15	0	1
302457	1	1	189	0	8	1	0	1
302458	0	0	21300	3000	12	17	0	0
302460	0	1	5220	0	8	19	0	1
302461	0	0	30420	4000	12	13	0	1
302463	0	0	10500	500	14	16	0	0
302465	0	1	35812	14500	12	13	0	1
302466	0	0	2279	2240	12	13	0	0
302468	0	1	825	0	13	0	0	0
302474	0	0	13197	174	12	9	0	1
302477	0	1	9474	3000	12	1	0	0
302478	0	1	7551	4950	12	19	0	1
302479	1	1	11646	2000	12	13	0	1
302481	1	1	1740	0	11	19	0	1
302483	1	1	22478	1017	12	17	0	0
302486	0	1	5995	4025	11	13	0	0
302487	0	1	13043	1000	14	13	0	0
302488	1	1	9173	1500	11	17	0	1
302496	0	0	22296	840	8	13	0	1
302497	0	1	1092	7200	11	13	0	0
302498	0	0	2206	9000	14	28	0	1
302503	0	0	20664	3300	10	13	0	1
302504	1	1	2895	0	13	13	0	0
302507	1	1	5887	124	10	0	0	1
302510	1	1	0	500	12	40	1	0
302511	0	1	5152	0	12	39	1	0
302512	0	1	585	3500	10	16	0	1
302514	0	0	14892	7500	12	16	0	1
302515	1	1	10403	8500	8	16	0	0
302519	1	1	12213	400	10	9	0	1
302521	1	1	42888	1600	12	40	1	1
302522	1	1	31214	13500	12	13	0	1
302525	0	0	22206	5000	12	9	0	0
302526	0	1	0	3960	12	0	0	0
302527	0	0	11899	8000	12	39	1	1
302528	0	1	2632	1800	10	17	0	0
302530	1	1	26801	3000	17	16	0	0
302532	0	1	0	864	11	17	0	0
302536	0	1	0	0	9	19	0	0
302538	1	1	9634	400	12	1	0	0
302542	0	1	1320	19000	11	13	0	0
302543	1	1	22047	3600	12	1	0	0
302544	1	1	34217	18028	12	13	0	1
302545	0	0	48056	11000	12	1	0	1
302547	1	1	15303	0	12	28	0	1
302548	1	1	22086	5000	17	17	0	0
302549	1	1	12485	9000	9	13	0	1
302551	0	1	28376	8000	11	16	0	1
302552	0	0	18126	3000	9	13	0	1
302553	0	0	10149	4680	12	0	0	0
302556	0	0	17697	0	11	1	0	1
302559	1	1	26774	11336	11	5	0	1
302560	1	1	4901	1500	11	19	0	1
302564	0	0	3897	6000	14	13	0	0
302565	0	1	20761	400	14	40	1	1
302568	1	1	35066	2100	12	1	0	0
302570	1	1	22375	4000	12	17	0	0
302572	1	1	0	0	11	13	0	0
302577	0	1	25803	0	9	5	0	1
302579	0	1	22691	4000	13	39	1	0
302580	1	1	20259	0	11	13	0	1
302582	1	1	27694	1000	9	9	0	0
302586	1	1	0	0	12	9	0	0
302587	1	1	16897	4550	12	13	0	0
302588	0	1	38211	3000	14	28	0	1
302589	0	0	0	0	10	19	0	0
302594	0	0	39219	14200	12	13	0	1
302596	1	1	2949	3131	12	17	0	1
302601	1	1	0	0	12	15	0	0
302603	0	0	0	0	10	15	0	0
302604	0	0	17717	2469	9	5	0	1
302607	0	1	8643	500	12	1	0	0
302609	0	1	9312	0	13	13	0	0
302610	0	1	1071	0	12	1	0	0
302611	1	1	906	0	12	19	0	1
302612	1	1	9828	3000	10	13	0	0
302616	0	1	4676	2416	11	15	0	1
302622	1	1	21888	0	9	9	0	1
302626	0	0	1197	0	7	37	1	1
302628	0	0	0	7000	16	15	0	1
302630	0	0	7039	4000	12	5	0	1
302632	0	0	0	0	12	16	0	0
302635	0	0	13362	5000	12	13	0	0
302637	1	1	25497	180	12	37	1	0
302639	0	1	21210	1000	9	13	0	0
302640	0	1	76059	3000	12	346	1	1
302641	1	1	39	0	12	13	0	0
302643	0	1	3673	0	16	15	0	0
302646	0	0	16773	1000	11	1	0	1
302649	0	0	11019	0	8	1	0	1
302650	0	0	12125	0	9	9	0	0
302652	0	0	31641	5000	15	39	1	1
302655	0	0	11577	0	9	13	0	0
302657	1	1	6307	396	8	17	0	0
302658	1	1	7195	2680	12	17	0	1
302660	1	1	824	0	12	19	0	0
302665	0	1	10307	0	16	17	0	0
302666	0	0	7362	1250	12	13	0	0
302669	1	1	3783	0	12	9	0	1
302672	1	1	28253	0	12	15	0	1
302674	0	0	42266	8000	12	17	0	1
302676	1	1	627	110	12	15	0	0
302681	0	0	15481	6000	12	13	0	1
302682	1	1	17496	1500	13	1	0	0
302683	0	1	0	1700	12	13	0	0
302685	1	1	11249	2433	12	13	0	0
302687	1	1	21813	3700	12	13	0	0
302690	0	0	942	3000	12	13	0	0
302691	1	1	15052	200	8	13	0	0
302693	0	1	24185	196	12	17	0	1
302694	0	0	22016	3500	14	13	0	0
302695	1	1	2079	5000	12	39	1	1
302696	0	0	80712	4000	16	2	0	0
302700	1	1	162	800	13	13	0	1
302702	0	1	52268	5500	13	39	1	1
302703	1	1	38811	14920	16	17	0	0
302704	0	0	0	24	13	0	0	1
302705	1	1	17694	0	12	19	0	1
302706	1	1	16941	3500	11	1	0	0
302707	1	1	29679	8147	13	17	0	0
302709	0	0	41158	6000	9	16	0	1
302712	1	1	36711	8000	12	13	0	1
302715	1	1	20856	10077	12	1	0	0
302716	1	1	18519	366	12	9	0	0
302718	1	1	63548	6500	10	13	0	0
302720	1	1	12955	5000	12	13	0	1
302721	0	0	5952	0	12	19	0	1
302722	0	1	22378	7000	12	17	0	0
302725	1	1	14854	4000	11	19	0	1
302727	1	1	8697	0	8	15	0	0
302732	1	1	33228	0	12	13	0	0
302733	0	1	28578	10629	10	16	0	1
302734	0	1	4652	3000	11	13	0	1
302736	0	0	3810	350	12	13	0	1
302738	1	1	28713	2500	16	16	0	0
302739	1	1	154	2000	11	1	0	0
302744	1	1	2694	285	13	13	0	0
302747	1	1	21750	2500	12	15	0	0
302751	1	1	7960	4553	12	1	0	0
302753	1	1	47697	10000	15	13	0	0
302757	1	1	11533	3308	8	13	0	1
302759	1	1	8835	6300	14	39	1	1
302761	1	1	17989	168	13	16	0	0
302762	0	0	4116	1000	10	37	1	1
302764	1	1	7657	6000	12	15	0	1
302769	0	1	0	6759	11	39	1	1
302771	1	1	43668	2500	12	15	0	1
302772	1	1	13691	8000	12	13	0	0
302774	0	0	14122	2500	14	1	0	0
302777	1	1	12406	5621	9	17	0	1
302778	1	1	8827	2800	9	9	0	0
302779	1	1	35298	7000	12	13	0	1
302789	0	1	31991	3290	13	0	0	0
302790	0	0	26091	125	11	39	1	0
302791	0	0	11655	5000	10	13	0	1
302792	1	1	1569	0	12	1	0	1
302801	0	1	36616	0	11	1	0	0
302804	0	1	22886	650	12	28	0	0
302806	0	0	7062	800	8	2	0	1
302808	0	1	1242	4000	14	13	0	1
302809	1	1	49227	1400	11	13	0	1
302810	0	1	48	4300	12	16	0	1
302812	0	0	13383	13000	12	13	0	1
302813	0	0	28832	0	11	13	0	1
302816	0	1	50553	28500	14	16	0	1
302820	0	0	35172	7000	12	1	0	1
302821	1	1	9507	6768	12	19	0	0
302822	0	1	0	4000	11	13	0	0
302823	0	1	24237	3680	11	13	0	1
302824	1	1	51289	9552	11	16	0	1
302825	0	1	56673	1500	14	2	0	1
302828	0	0	38486	9000	14	16	0	1
302830	1	1	1221	1625	12	39	1	0
302831	1	1	6568	3500	13	15	0	0
302839	0	0	0	8000	10	19	0	1
302841	0	0	426	0	12	13	0	0
302842	0	1	361	0	12	9	0	0
302844	1	1	14148	200	13	16	0	0
302845	0	1	37334	0	12	19	0	1
302846	0	0	960	167	11	19	0	0
302848	0	0	23641	9000	14	13	0	1
302850	0	1	32911	6400	12	0	0	1
302856	1	1	27171	3000	13	17	0	0
302858	0	0	8135	1500	10	37	1	1
302861	0	1	61906	16000	8	13	0	1
302862	1	1	40401	12000	12	16	0	0
302864	0	0	5235	0	14	1	0	0
302865	0	1	54960	14000	14	13	0	1
302866	1	1	16036	4900	11	0	0	1
302867	1	1	1092	0	12	13	0	1
302871	0	0	0	407	10	15	0	0
302872	1	1	3785	350	12	16	0	1
302876	1	1	9452	1200	13	13	0	1
302878	0	0	0	4320	16	1	0	1
302880	1	1	30356	4100	8	13	0	1
302881	1	1	61243	19000	12	5	0	1
302882	0	0	11608	4784	13	1	0	0
302887	0	0	11997	1500	13	16	0	1
302889	0	1	8751	0	12	39	1	1
302890	1	0	21045	7056	12	17	0	1
302891	1	1	31776	2060	12	13	0	1
302892	1	1	0	0	12	9	0	0
302893	1	1	0	0	14	1	0	0
302894	0	0	0	1000	12	9	0	0
302895	1	1	44	0	12	13	0	0
302897	0	1	33790	0	12	13	0	0
302899	0	1	34022	12000	12	28	0	0
302900	1	1	28743	11000	12	13	0	0
302901	0	0	14548	2020	12	15	0	1
302902	0	1	7743	500	9	9	0	1
302904	0	1	0	0	12	37	1	0
302906	1	1	25971	6000	9	1	0	1
302907	1	1	39422	6804	12	17	0	1
302910	0	0	23782	12000	12	28	0	0
302911	0	1	10014	0	12	9	0	1
302913	1	1	216	0	7	16	0	0
302914	0	1	102	0	8	19	0	0
302916	0	1	6676	2600	15	28	0	1
302918	0	0	14490	0	14	13	0	0
302920	0	1	1070	600	12	28	0	1
302925	0	0	3605	5000	9	0	0	1
302929	1	1	25653	0	10	37	1	0
302931	1	1	24572	5400	10	2	0	1
302932	1	1	4154	2131	14	39	1	1
302934	0	0	56196	6000	13	17	0	0
302936	1	1	11114	0	12	16	0	1
302942	1	1	18953	5350	13	39	1	0
302945	0	1	5589	960	8	1	0	0
302948	1	1	22242	406	9	13	0	0
302951	0	0	1003	480	12	19	0	0
302955	0	0	12000	9700	13	39	1	0
302957	0	1	0	0	8	13	0	0
302960	0	1	27275	5500	12	15	0	0
302961	0	0	18648	218	12	1	0	0
302968	1	1	4531	1169	11	13	0	1
302969	0	1	8337	5000	14	13	0	0
302970	0	0	6054	938	14	0	0	1
302973	0	0	83814	25000	13	13	0	1
302975	1	1	46749	6000	12	16	0	0
302979	0	0	17038	3000	12	19	0	0
302983	0	0	7707	0	10	13	0	1
302986	0	1	0	0	10	1	0	0
302989	0	0	15002	1300	14	16	0	0
302997	1	1	50760	14000	12	13	0	1
303000	0	0	22361	0	12	15	0	0
303002	0	0	15347	2000	12	13	0	0
303003	0	0	6435	4888	11	28	0	1
303005	1	1	28553	4600	8	37	1	1
303008	0	0	11142	5000	13	15	0	1
303009	0	0	0	0	8	19	0	0
303013	1	1	4086	0	11	28	0	1
303017	0	0	59642	14415	12	16	0	1
303019	0	0	6813	6922	10	13	0	0
303020	0	1	68233	11483	14	16	0	0
303021	1	1	19614	7292	13	13	0	1
303022	0	1	27090	1200	10	2	0	1
303024	0	1	26873	363	12	13	0	0
303025	1	1	19798	2000	8	13	0	1
303027	0	0	36697	1500	12	13	0	1
303028	1	1	20543	0	13	13	0	0
303030	0	0	0	0	12	19	0	0
303034	0	1	0	0	9	19	0	0
303038	0	1	16194	3000	11	17	0	0
303040	1	1	33858	0	12	39	1	0
303041	1	1	45063	0	13	16	0	0
303042	0	0	283	340	14	13	0	1
303045	1	1	36247	2000	11	13	0	1
303046	1	1	62844	19566	10	0	0	1
303048	0	0	31590	3752	13	13	0	1
303049	0	0	0	15000	12	19	0	1
303050	1	1	30300	0	11	19	0	0
303051	1	1	29539	6000	12	0	0	0
303052	0	0	8427	70	12	13	0	1
303053	1	1	32452	4362	14	15	0	0
303055	0	1	3484	2577	8	13	0	0
303057	1	1	22206	6500	12	1	0	0
303062	1	1	381	0	10	13	0	0
303065	0	0	11916	14000	12	13	0	1
303066	0	0	37875	11898	13	19	0	1
303069	0	1	51379	63000	12	13	0	0
303070	1	1	33632	0	16	16	0	0
303072	1	1	19008	2400	12	0	0	0
303075	0	0	738	0	11	17	0	0
303077	1	1	2184	500	10	9	0	1
303079	0	0	0	320	13	16	0	0
303083	1	1	43749	5250	8	13	0	1
303085	0	0	138	1440	13	13	0	0
303086	1	1	7787	1600	12	17	0	0
303087	1	1	2051	600	8	16	0	0
303090	1	0	18955	500	12	17	0	0
303091	1	1	135	11000	12	16	0	0
303092	1	1	27513	5628	9	17	0	1
303093	1	1	4468	800	12	9	0	0
303094	1	1	1998	1782	10	39	1	0
303097	1	1	7652	8000	13	13	0	1
303099	1	1	37953	0	12	0	0	1
303101	1	1	35523	9570	12	17	0	0
303102	0	1	1947	0	9	1	0	0
303104	1	1	0	144	12	13	0	1
303106	1	1	256	0	13	2	0	0
303107	0	0	47031	0	11	19	0	1
303108	1	1	29177	4000	16	13	0	1
303109	0	1	43710	400	10	37	1	1
303110	0	0	2694	0	12	17	0	0
303113	1	1	896	1631	15	16	0	0
303114	0	1	34828	300	8	1	0	1
303122	0	0	0	0	11	17	0	1
303123	0	0	11795	7664	10	13	0	1
303124	1	1	41391	18000	11	13	0	1
303125	0	0	0	2400	12	0	0	1
303129	1	1	8692	135	12	16	0	0
303131	0	0	41787	12688	10	1	0	0
303135	0	1	7213	0	11	0	0	0
303137	1	1	4447	2888	9	13	0	0
303138	1	1	13698	1200	11	13	0	1
303139	0	1	7533	9800	17	9	0	1
303140	1	1	54141	0	14	17	0	1
303141	0	0	33246	2400	12	13	0	0
303143	0	0	26049	262	12	9	0	1
303150	0	0	8919	10000	10	9	0	1
303155	0	1	20364	18240	12	9	0	1
303156	1	1	4452	0	12	0	0	0
303159	0	1	31343	6000	14	19	0	0
303160	1	1	5190	0	14	37	1	1
303161	0	1	32504	6807	12	1	0	1
303162	0	1	864	800	12	1	0	0
303163	0	1	9432	0	12	1	0	0
303164	0	1	110	0	15	19	0	1
303165	0	0	4113	9000	12	13	0	0
303166	0	1	1674	286	12	39	1	0
303167	1	1	28876	2000	12	15	0	0
303169	1	1	61858	400	15	39	1	1
303172	1	1	1458	630	11	13	0	0
303173	1	1	14592	0	9	9	0	0
303177	1	1	57982	2000	8	1	0	1
303178	1	1	31719	9500	9	9	0	0
303179	1	1	23126	0	8	19	0	1
303180	1	1	4827	0	11	19	0	0
303183	0	1	30456	0	13	2	0	0
303184	0	0	9438	0	8	1	0	0
303191	1	1	6	6000	12	16	0	0
303192	1	1	1293	2200	10	13	0	0
303194	1	1	28665	4000	12	16	0	0
303195	0	0	618	0	9	17	0	0
303197	0	1	546	250	12	19	0	1
303198	1	1	10284	0	12	15	0	0
303199	0	1	186	1992	10	15	0	0
303200	0	0	37879	8830	8	39	1	1
303201	0	1	786	0	8	9	0	0
303202	1	1	15883	1200	11	19	0	0
303203	1	1	0	0	12	39	1	1
303204	0	1	19641	4000	8	2	0	1
303206	0	0	34371	20000	13	2	0	1
303207	0	1	11964	1837	13	2	0	0
303209	0	1	12838	0	12	28	0	0
303210	1	1	45497	0	9	9	0	1
303211	0	0	0	0	9	19	0	0
303212	0	1	36499	2900	12	37	1	0
303214	0	1	0	4000	12	13	0	1
303215	1	1	9483	6300	12	17	0	0
303217	0	0	3584	742	12	17	0	0
303218	1	1	9799	6400	12	346	1	1
303220	1	1	10353	4000	12	0	0	0
303223	1	1	8850	12000	14	19	0	1
303225	1	1	3250	1800	11	13	0	1
303228	0	0	37	0	10	19	0	0
303229	1	1	775	502	12	17	0	0
303230	0	0	906	0	12	17	0	0
303238	0	0	35544	0	14	9	0	0
303239	0	0	1026	0	11	16	0	0
303242	1	1	12459	2700	10	13	0	0
303243	0	1	5129	3300	12	13	0	1
303244	0	0	29869	0	12	19	0	0
303245	0	0	36255	13000	12	13	0	1
303247	1	1	8361	10700	10	19	0	1
303250	1	1	11643	0	11	1	0	0
303252	0	1	19320	132	12	15	0	0
303256	1	1	14200	0	12	13	0	0
303257	1	1	5718	3100	8	13	0	0
303260	1	1	21972	274	12	1	0	0
303262	1	1	4027	2577	10	16	0	1
303266	1	1	21112	7000	13	1	0	1
303267	0	1	25517	0	11	9	0	1
303268	0	0	28210	3350	14	16	0	0
303269	0	0	14536	2200	11	13	0	0
303270	1	1	7440	0	12	39	1	0
303271	1	0	25849	5500	10	2	0	1
303275	1	1	228	0	12	13	0	0
303276	0	0	6636	9658	12	19	0	0
303283	0	0	1731	50	9	1	0	1
303285	0	0	1731	1100	12	13	0	1
303287	0	0	297	2000	11	13	0	0
303288	0	0	59849	3147	14	9	0	0
303290	0	0	1065	470	12	13	0	0
303291	0	1	21498	3000	13	13	0	0
303294	0	0	29135	10000	9	13	0	1
303299	1	1	22668	0	11	0	0	1
303300	1	1	35749	4500	13	13	0	1
303301	0	0	7800	5000	10	16	0	1
303302	0	1	8353	119	11	1	0	0
303303	0	1	0	0	11	16	0	0
303304	0	0	1392	645	12	15	0	0
303305	0	0	13849	10000	12	19	0	1
303307	1	1	54985	5868	12	13	0	1
303308	0	0	1494	3800	12	17	0	0
303309	1	1	23814	9300	12	13	0	1
303313	0	0	0	0	10	17	0	0
303315	0	0	0	0	12	15	0	0
303316	1	1	32056	11000	12	1	0	1
303317	1	1	34399	3600	17	16	0	1
303318	0	1	56699	12000	12	13	0	1
303320	0	0	45105	3000	12	13	0	1
303326	1	1	0	0	12	17	0	1
303328	0	1	12356	3602	13	13	0	0
303330	0	0	31348	0	9	1	0	0
303331	0	0	25181	5556	15	39	1	0
303332	0	0	55872	800	11	13	0	1
303335	1	1	927	0	11	15	0	0
303337	1	1	6904	400	11	16	0	0
303338	0	0	4794	335	9	13	0	0
303341	0	1	23531	4000	10	13	0	0
303342	0	1	41661	616	14	13	0	1
303343	1	1	2601	1000	12	13	0	0
303346	0	1	1890	0	18	16	0	0
303347	1	1	30684	10000	12	37	1	1
303350	1	0	15743	0	12	28	0	0
303352	0	0	55754	15360	8	28	0	1
303354	0	0	13910	1560	16	17	0	1
303355	0	0	37476	6319	13	16	0	0
303356	1	1	43237	4000	14	39	1	1
303357	1	1	3123	2000	10	16	0	0
303360	1	1	49050	0	14	9	0	1
303366	1	1	33219	600	12	1	0	1
303369	0	0	8080	0	9	13	0	1
303370	0	0	2004	0	12	1	0	0
303372	1	1	61710	5130	14	0	0	1
303376	1	1	22563	7000	12	13	0	0
303377	0	0	17525	0	11	17	0	0
303379	0	0	108542	8000	17	13	0	1
303380	1	1	9756	2164	12	13	0	0
303381	0	0	0	1300	14	13	0	1
303382	1	1	18231	98	13	39	1	0
303384	0	0	7497	4800	12	19	0	1
303385	0	0	8034	1489	12	13	0	1
303386	1	1	8312	8300	16	2	0	0
303388	0	1	0	9000	11	19	0	1
303389	0	1	23909	0	14	0	0	0
303390	1	1	53769	4000	12	16	0	1
303391	0	0	0	0	10	1	0	0
303392	1	1	33809	7079	12	39	1	0
303394	0	0	34	5200	11	13	0	1
303398	0	0	26538	20000	17	28	0	0
303399	1	1	22632	900	7	16	0	1
303401	0	1	6345	509	11	1	0	0
303402	0	1	4125	0	12	17	0	0
303406	1	1	42759	3000	12	17	0	0
303409	0	1	35167	5000	11	1	0	0
303410	1	1	11116	400	12	9	0	0
303411	0	0	17161	554	10	13	0	0
303412	0	0	31464	0	11	1	0	1
303413	1	1	54039	1200	12	15	0	1
303415	0	1	7441	0	12	9	0	1
303418	0	1	6568	10056	9	1	0	1
303420	0	1	15537	0	11	19	0	0
303422	1	1	25833	2000	12	16	0	0
303423	1	1	0	0	9	9	0	0
303424	0	0	0	0	10	39	1	0
303427	1	1	19262	0	10	346	1	0
303428	0	0	8195	2224	12	9	0	1
303430	1	1	42888	0	12	28	0	1
303431	1	1	0	3000	12	40	1	1
303434	0	0	3434	1600	9	1	0	1
303436	0	1	64370	10000	12	13	0	1
303443	1	1	72	14305	12	16	0	0
303445	0	0	1961	1000	11	13	0	1
303455	0	1	1300	502	13	13	0	1
303456	0	0	1538	3360	16	13	0	0
303457	0	1	36065	5550	12	0	0	1
303458	1	1	52130	10400	12	13	0	0
303459	1	1	12481	3000	13	17	0	1
303464	1	1	712	0	11	37	1	0
303466	0	1	77815	6000	12	13	0	1
303468	0	0	2969	3500	12	17	0	1
303469	1	1	47833	2000	12	15	0	1
303470	0	0	0	0	8	9	0	0
303476	1	1	23070	2000	12	13	0	0
303478	0	0	5154	0	13	19	0	0
303482	0	1	0	3976	12	1	0	0
303483	0	1	18259	500	14	13	0	1
303485	1	1	0	6000	14	19	0	0
303486	1	1	22788	0	11	17	0	1
303487	1	1	17719	6500	9	13	0	0
303488	1	1	5462	0	12	17	0	0
303491	0	1	93	0	12	17	0	0
303493	0	0	5076	500	12	19	0	1
303497	0	0	0	0	10	0	0	1
303506	0	1	0	0	12	17	0	1
303507	0	0	17531	0	12	9	0	1
303508	0	1	19235	0	12	2	0	0
303510	0	1	30887	6000	9	19	0	0
303517	1	1	2007	600	12	19	0	1
303520	0	0	0	0	10	346	1	1
303521	1	1	27670	5500	9	2	0	1
303522	1	1	43239	2061	14	39	1	1
303523	0	1	14018	9417	12	0	0	1
303525	0	0	16897	8000	11	13	0	1
303526	0	1	124612	1200	14	0	0	1
303528	1	1	0	0	9	19	0	0
303530	0	1	0	0	11	17	0	0
303532	1	1	34564	200	13	13	0	0
303533	0	0	49787	0	17	19	0	1
303535	0	1	3778	1800	11	9	0	1
303538	0	1	12534	600	11	13	0	1
303540	1	1	16038	5000	12	13	0	1
303542	0	1	10623	10000	12	13	0	0
303545	1	1	11655	1200	13	13	0	1
303547	0	0	9009	3500	14	1	0	0
303550	1	1	36432	0	14	16	0	0
303551	0	0	28353	4000	16	2	0	1
303559	0	0	22845	2200	12	39	1	0
303561	1	1	30138	1880	12	15	0	0
303563	0	0	22424	1000	17	17	0	1
303566	0	1	12596	1855	12	13	0	1
303567	0	0	4419	0	11	13	0	0
303570	0	0	6542	1490	11	16	0	0
303571	0	1	44151	3000	12	28	0	1
303572	1	1	0	0	12	15	0	0
303573	1	1	44131	12000	11	16	0	1
303574	1	1	10554	0	12	17	0	0
303575	0	0	7528	0	12	2	0	0
303580	1	1	42138	8500	9	16	0	1
303581	0	1	1760	90	15	13	0	1
303582	0	1	20773	800	11	1	0	1
303583	0	1	0	0	14	1	0	0
303589	1	1	7980	0	12	19	0	1
303591	0	1	4378	500	12	13	0	1
303592	0	1	0	0	12	19	0	0
303594	1	1	36224	11760	13	346	1	1
303597	0	0	69399	0	14	16	0	1
303599	0	1	24654	1000	12	9	0	1
303601	0	1	5308	100	9	2	0	1
303605	1	1	234	0	13	17	0	0
303608	0	0	0	1500	11	15	0	1
303611	1	1	13629	2200	12	16	0	0
303613	0	0	16563	22233	12	16	0	1
303614	0	0	2538	3400	10	2	0	0
303615	0	1	2115	0	12	19	0	0
303616	0	0	16917	9747	12	9	0	0
303617	1	1	30090	8000	12	1	0	0
303618	0	0	14039	13099	15	17	0	0
303623	1	1	9915	0	12	13	0	0
303624	0	1	84265	0	13	13	0	0
303627	1	1	990	8280	13	16	0	1
303630	1	1	1446	0	9	17	0	1
303632	0	0	15507	800	11	1	0	1
303633	0	1	2042	0	11	13	0	1
303634	1	1	10545	4616	11	16	0	1
303636	1	1	15414	0	11	13	0	0
303640	0	0	26592	0	12	17	0	0
303642	1	1	35772	1955	12	2	0	0
303643	0	1	0	1900	9	13	0	1
303644	1	1	5376	10133	14	13	0	0
303646	1	1	54288	15600	12	13	0	1
303651	1	0	2284	10000	12	15	0	0
303656	0	1	22911	750	10	19	0	0
303670	0	0	4174	126	12	1	0	0
303673	1	1	30537	8500	12	37	1	1
303675	0	0	157	300	12	1	0	0
303677	0	0	7794	36600	12	19	0	1
303680	1	1	43085	10000	13	13	0	0
303682	1	1	0	300	12	19	0	0
303684	0	0	3786	0	11	17	0	0
303685	0	0	5516	0	9	15	0	0
303686	0	0	23733	0	8	2	0	1
303687	0	0	12620	0	12	9	0	0
303689	1	0	1287	0	12	13	0	0
303690	1	1	10275	15600	8	19	0	1
303693	1	1	35249	7500	12	2	0	0
303694	0	1	34614	10000	14	19	0	1
303695	1	1	20900	0	8	17	0	0
303697	0	1	0	0	9	346	1	0
303699	1	1	12324	6500	12	13	0	0
303700	1	1	25308	0	10	19	0	0
303701	0	0	37879	0	9	16	0	1
303707	0	0	26682	2500	11	19	0	1
303709	1	1	21574	300	12	17	0	0
303710	1	1	30541	7000	9	1	0	1
303711	1	1	0	200	12	28	0	0
303712	1	1	28566	3500	10	13	0	1
303715	0	0	21879	6260	14	15	0	1
303716	0	0	38175	8000	11	13	0	1
303717	0	1	24075	13000	12	13	0	0
303718	0	1	0	0	12	2	0	0
303719	0	1	3561	75	14	15	0	0
303720	0	1	4980	2000	12	13	0	0
303722	1	1	72000	8640	8	13	0	1
303723	0	0	25670	15000	14	13	0	1
303729	0	0	23547	6000	12	28	0	1
303731	0	0	20553	155	11	1	0	0
303732	1	1	22415	4800	12	15	0	0
303734	1	1	4459	268	11	9	0	0
303740	0	0	36113	4600	13	13	0	0
303741	1	1	1362	1000	11	19	0	1
303745	1	1	0	2000	11	16	0	0
303746	1	1	13806	0	16	346	1	0
303749	0	0	0	75	13	39	1	0
303756	0	1	7835	9000	13	13	0	0
303757	1	1	1818	2200	12	37	1	1
303764	1	1	7413	0	8	1	0	0
303766	0	1	0	4203	12	40	1	0
303768	1	1	23787	4726	12	39	1	0
303771	0	1	30038	6000	14	39	1	1
303772	0	0	13600	7500	11	39	1	1
303778	0	0	32415	7500	12	13	0	1
303779	0	1	0	9000	12	1	0	1
303784	0	0	16281	1380	12	0	0	1
303785	0	1	13815	224	9	28	0	0
303786	0	0	12510	6000	10	39	1	1
303793	0	1	40444	10400	11	13	0	1
303795	0	1	9651	3500	12	13	0	0
303797	1	1	2577	0	11	1	0	0
303799	1	1	3990	600	12	19	0	1
303800	1	1	30888	4800	10	13	0	0
303802	1	1	7988	0	12	1	0	0
303803	1	1	1999	3350	12	39	1	1
303804	1	1	32129	7000	12	13	0	1
303806	1	1	14040	2000	12	16	0	1
303807	1	1	38712	5000	15	15	0	0
303810	1	1	4402	0	13	19	0	1
303811	0	0	0	0	11	17	0	0
303815	0	0	6726	0	11	17	0	0
303821	0	0	26937	1200	12	13	0	0
303822	1	1	38498	5500	12	2	0	0
303824	0	0	0	98	12	1	0	0
303825	0	0	8502	0	9	1	0	0
303826	0	0	16254	2144	12	13	0	0
303828	0	0	0	0	12	19	0	0
303830	1	0	0	0	14	37	1	1
303835	0	0	6081	0	11	17	0	0
303836	0	0	57312	2100	9	13	0	1
303837	1	1	6204	0	12	28	0	0
303841	1	1	43041	0	10	13	0	0
303843	1	1	26072	1600	11	39	1	1
303848	0	0	8736	0	11	17	0	0
303850	1	1	12471	1600	8	13	0	1
303852	0	0	453	4500	11	1	0	1
303854	0	0	6879	5109	13	13	0	1
303857	1	1	34377	3296	12	0	0	0
303858	1	1	7294	0	12	13	0	1
303859	0	1	2775	20000	16	16	0	1
303861	1	1	38926	4000	13	16	0	1
303863	1	1	18739	0	15	15	0	0
303865	0	1	29080	2000	9	13	0	1
303869	0	0	19737	6000	8	17	0	1
303873	1	1	423	0	12	39	1	0
303875	0	1	269	892	11	1	0	1
303876	1	1	34290	0	12	13	0	0
303881	0	1	28107	0	12	13	0	1
303886	0	1	6985	0	10	13	0	0
303887	0	0	0	0	14	17	0	1
303890	1	1	45741	2000	16	39	1	1
303894	0	0	34905	2000	11	13	0	1
303895	1	1	15920	250	12	9	0	0
303900	0	0	251	1000	12	2	0	1
303901	0	1	0	0	11	19	0	0
303902	0	0	40692	2500	12	0	0	1
303904	0	0	62451	3194	14	13	0	1
303905	1	1	45537	9000	14	13	0	1
303906	0	1	9874	883	9	1	0	0
303911	1	1	27469	5000	12	13	0	0
303916	1	1	9425	1279	10	1	0	1
303918	0	1	24072	0	12	17	0	0
303919	0	1	43912	6512	11	39	1	1
303921	0	0	19358	4899	12	28	0	1
303922	0	1	37505	15717	13	17	0	1
303923	1	1	384	3000	12	17	0	0
303924	0	0	0	0	11	19	0	1
303925	1	1	16233	1000	12	13	0	0
303928	0	1	0	0	8	1	0	0
303929	0	1	21	350	14	13	0	1
303931	0	1	88454	8100	11	9	0	1
303932	0	0	30630	10000	14	13	0	1
303936	0	1	69	375	12	19	0	0
303939	0	0	1725	1452	10	2	0	1
303941	1	1	11410	0	11	15	0	0
303944	0	0	12424	0	10	19	0	1
303947	0	1	2196	300	9	19	0	0
303948	1	1	67389	4800	8	9	0	1
303950	0	1	18484	36000	12	28	0	1
303951	0	0	1528	0	10	28	0	1
303954	0	0	2073	3000	13	13	0	1
303956	1	1	25494	14000	13	9	0	0
303958	0	0	21777	0	12	9	0	0
303959	0	1	2079	1800	12	13	0	0
303960	0	0	669	5250	10	15	0	0
303961	0	0	21549	3750	12	1	0	1
303963	1	1	3109	0	12	28	0	0
303964	1	1	6375	5000	13	19	0	1
303965	1	1	28975	14000	12	0	0	1
303968	0	1	10638	4000	13	16	0	0
303969	0	0	2160	0	11	9	0	0
303970	1	1	8861	2674	17	16	0	0
303971	1	1	16517	1000	10	13	0	1
303975	1	1	290	0	10	9	0	0
303978	1	1	10058	15000	12	17	0	1
303980	0	0	210	2448	9	16	0	1
303982	0	1	0	200	16	13	0	1
303984	1	1	438	0	12	9	0	0
303986	1	1	0	0	13	13	0	0
303989	0	1	37071	371	12	39	1	1
303993	1	1	15038	500	15	13	0	0
303996	1	1	8004	2000	11	16	0	1
303998	1	0	1449	0	12	15	0	1
303999	1	1	39687	10000	15	37	1	1
304000	1	1	3990	5570	16	17	0	0
304008	1	1	3985	0	12	17	0	0
304009	0	0	0	0	12	19	0	0
304012	1	1	14523	6000	11	16	0	1
304013	0	0	0	550	11	19	0	0
304014	0	0	2018	0	11	17	0	1
304015	0	0	19104	0	12	9	0	0
304016	0	1	24541	4000	10	13	0	1
304018	0	1	33368	12	12	40	1	0
304020	0	1	39	522	10	17	0	0
304022	0	0	26009	3000	12	39	1	0
304024	0	1	35559	5000	12	13	0	0
304025	1	1	30229	13000	12	13	0	1
304027	1	1	15318	1322	12	13	0	0
304028	1	1	4470	0	11	9	0	0
304030	0	1	9481	3000	11	28	0	1
304032	0	0	16200	7395	12	39	1	1
304034	0	1	324	10000	8	1	0	1
304036	1	1	14699	1000	12	9	0	0
304037	0	1	33497	481	16	39	1	0
304039	0	0	0	0	12	39	1	1
304040	0	1	0	0	11	19	0	0
304041	0	0	7381	136	12	16	0	0
304042	0	0	3735	500	12	13	0	1
304043	1	1	1873	1440	10	9	0	1
304045	0	1	20373	18200	9	346	1	0
304048	1	1	0	0	9	16	0	1
304050	0	1	5442	0	10	13	0	0
304052	1	1	43190	18000	16	16	0	1
304056	1	1	54335	575	12	2	0	1
304058	1	0	0	0	9	13	0	0
304059	1	1	11175	3300	12	37	1	0
304060	0	0	636	1100	12	17	0	1
304061	1	1	18489	4000	9	19	0	1
304062	0	0	31196	5000	12	346	1	0
304063	1	1	51423	10880	10	1	0	1
304064	1	1	23409	1056	11	0	0	0
304065	0	1	33282	1200	10	13	0	1
304068	0	0	30662	12000	12	16	0	1
304070	1	1	0	0	12	19	0	0
304072	0	0	18288	7443	12	39	1	1
304074	1	1	554	7000	15	15	0	0
304083	1	1	0	0	10	9	0	0
304085	0	0	34266	8000	11	0	0	1
304087	0	1	4606	1012	12	0	0	0
304088	1	1	26789	6240	14	17	0	0
304089	1	1	3666	0	13	9	0	0
304091	1	1	27474	950	14	2	0	0
304093	1	1	15353	1200	12	13	0	0
304094	0	1	27	4000	12	13	0	1
304095	1	1	3999	0	14	1	0	0
304097	1	1	1320	0	11	17	0	0
304098	0	1	60	275	11	28	0	1
304100	0	0	28029	1957	14	9	0	1
304103	1	1	0	0	16	15	0	1
304104	1	1	16324	1292	12	9	0	1
304105	0	0	31035	0	10	19	0	0
304106	1	1	72244	16800	14	13	0	0
304108	0	0	66996	7149	12	13	0	1
304109	1	1	14669	1680	13	15	0	1
304111	1	1	3051	0	11	17	0	0
304112	0	1	1086	3000	13	15	0	0
304115	0	0	3198	5650	14	17	0	1
304116	1	1	37374	341	10	1	0	1
304120	0	0	31881	0	12	17	0	1
304125	0	1	13759	8000	13	17	0	1
304130	0	0	11961	2560	12	17	0	0
304131	0	0	2868	9000	12	1	0	0
304132	0	0	24347	3000	16	346	1	0
304133	0	0	13266	0	10	9	0	1
304135	0	0	0	2600	16	13	0	1
304140	0	1	27417	11000	14	13	0	0
304141	0	1	4140	0	9	13	0	0
304144	0	0	63760	7000	10	19	0	1
304148	0	0	8380	1400	13	13	0	0
304151	1	1	4204	6000	14	39	1	1
304153	1	1	24364	500	14	17	0	0
304154	1	1	11006	1500	10	346	1	0
304156	0	1	192	1200	13	16	0	1
304157	1	1	0	0	14	1	0	1
304158	0	0	4321	0	12	15	0	0
304159	0	0	23500	2000	12	39	1	1
304160	1	1	969	0	14	17	0	0
304161	0	0	0	0	13	346	1	1
304163	0	0	1533	0	13	39	1	0
304164	1	1	1230	0	14	13	0	1
304169	1	1	9369	1500	10	1	0	1
304170	0	0	0	3000	12	17	0	0
304172	1	1	30762	2980	13	16	0	1
304173	1	1	24645	8800	12	15	0	1
304175	1	1	57732	5000	12	0	0	1
304177	0	0	0	4668	12	40	1	0
304178	1	1	54577	4900	12	13	0	1
304180	0	1	2832	1035	10	13	0	0
304185	1	1	28528	250	10	13	0	0
304187	0	0	15939	0	8	13	0	0
304189	0	0	4005	184	12	13	0	1
304191	1	1	0	5044	8	17	0	1
304193	1	1	17382	3570	12	17	0	1
304194	0	0	37629	0	16	9	0	0
304197	1	1	2913	0	10	17	0	0
304199	1	1	34136	5400	11	17	0	1
304201	0	0	22959	2000	12	17	0	1
304202	0	0	6282	1500	12	2	0	0
304203	0	0	33970	4500	8	1	0	1
304204	0	1	9651	0	12	346	1	0
304208	1	1	15789	122	14	17	0	0
304210	0	1	18116	1487	12	13	0	0
304212	1	1	21233	1200	12	13	0	0
304215	1	1	52991	7000	10	15	0	1
304219	0	0	7110	400	12	2	0	0
304222	0	0	42952	12480	15	37	1	0
304223	0	1	13785	60	14	15	0	1
304224	1	1	73054	30000	12	13	0	1
304225	0	1	43887	4500	12	39	1	1
304231	1	1	25070	0	12	17	0	0
304234	1	1	25499	3000	12	15	0	1
304235	0	0	12093	5000	10	39	1	1
304237	1	1	0	360	16	17	0	0
304238	0	0	351	197	11	39	1	0
304243	0	1	216	2800	12	17	0	0
304244	1	1	24399	5300	11	16	0	0
304246	0	0	3423	3000	8	13	0	0
304248	0	1	4851	3000	11	2	0	1
304249	1	1	2107	3500	11	9	0	0
304250	1	1	10970	0	10	9	0	1
304259	1	1	915	0	12	9	0	0
304262	1	1	25390	6370	12	39	1	0
304265	0	1	50328	8000	14	9	0	1
304268	0	0	23560	0	11	19	0	1
304271	1	1	23868	0	12	17	0	1
304275	1	1	54180	5100	17	0	0	0
304276	0	0	9588	0	10	16	0	0
304278	1	1	2895	5000	14	19	0	1
304281	1	1	8207	0	12	9	0	0
304282	0	0	4476	0	12	17	0	0
304289	0	0	33180	5800	14	39	1	0
304290	0	1	7240	0	12	17	0	0
304293	0	0	24466	1000	12	37	1	0
304297	0	0	18283	6000	16	1	0	0
304301	0	0	26049	220	12	39	1	0
304303	0	1	113	0	9	13	0	1
304307	1	1	50916	23395	12	346	1	0
304309	1	1	22080	4741	12	37	1	0
304311	1	1	0	0	10	9	0	1
304312	1	1	88174	10000	12	13	0	1
304314	1	1	38019	10584	14	13	0	0
304318	1	1	1302	120	12	1	0	0
304319	0	1	69594	11000	12	13	0	1
304321	0	0	20711	1120	12	13	0	0
304322	1	1	3026	0	9	17	0	0
304324	1	1	25695	0	8	19	0	1
304325	0	0	443	0	12	37	1	0
304329	0	0	21091	2000	12	17	0	0
304334	0	0	8033	4200	17	19	0	1
304335	0	0	25497	14159	8	13	0	0
304338	1	1	6933	1440	12	9	0	0
304339	0	1	24344	3200	11	28	0	0
304340	0	1	0	0	12	37	1	0
304341	1	1	75075	8500	12	19	0	1
304342	1	1	39761	10032	13	15	0	0
304343	0	1	3030	0	10	2	0	1
304344	1	1	32112	1700	9	1	0	0
304345	1	1	8958	6754	12	0	0	1
304349	0	0	0	140	9	1	0	0
304350	1	1	7146	0	9	1	0	0
304351	0	0	13130	3500	12	15	0	1
304352	1	1	7979	0	13	19	0	0
304355	0	1	20515	2000	14	13	0	1
304357	1	1	363	0	8	19	0	0
304358	0	0	11070	4200	12	28	0	1
304359	1	1	11520	1200	10	9	0	1
304366	1	1	3522	600	12	15	0	1
304367	0	1	17110	8000	11	1	0	0
304368	0	1	0	0	12	13	0	0
304371	0	1	666	0	10	17	0	0
304374	1	1	64173	0	9	19	0	1
304376	1	1	0	0	11	17	0	0
304379	0	0	96447	20400	12	13	0	1
304382	1	1	16120	0	14	19	0	1
304384	1	1	1941	4250	15	13	0	1
304385	1	1	35349	5200	12	1	0	0
304388	1	1	1488	3000	10	9	0	1
304393	0	0	17848	5000	10	13	0	0
304394	0	0	25193	4000	14	13	0	1
304395	0	1	45043	3000	14	1	0	1
304398	0	1	51131	9000	12	13	0	1
304399	0	0	38941	10500	16	19	0	0
304401	1	1	22550	900	13	37	1	1
304403	0	1	26735	8000	15	1	0	0
304407	0	0	20409	8000	11	16	0	1
304409	0	0	9695	2900	12	2	0	1
304412	1	1	86187	15808	12	13	0	1
304416	1	1	612	0	12	19	0	0
304417	0	0	7038	8265	10	13	0	1
304420	1	1	666	0	12	16	0	0
304422	1	1	332	15000	12	13	0	1
304423	0	0	1859	0	12	346	1	0
304430	0	1	29113	5200	10	39	1	1
304432	1	1	0	0	12	9	0	0
304433	0	0	36250	12520	12	9	0	0
304437	1	1	1365	0	11	15	0	0
304438	1	1	42501	1200	12	2	0	1
304446	1	1	29081	3000	13	39	1	1
304451	0	0	13105	750	12	9	0	0
304453	0	0	49408	600	10	1	0	1
304455	1	1	45	0	9	17	0	0
304458	1	1	15976	2600	14	16	0	0
304460	1	1	71509	10000	13	40	1	1
304462	0	0	744	5306	12	39	1	0
304463	0	0	0	1100	11	19	0	1
304487	1	0	33206	0	12	13	0	0
304491	1	1	8730	3674	12	39	1	0
304492	1	1	15748	444	12	39	1	0
304493	0	1	0	600	14	346	1	0
304496	0	0	6786	1570	11	13	0	0
304497	0	1	255	4184	11	37	1	0
304499	1	1	1011	2000	15	15	0	1
304502	0	0	75771	9200	13	13	0	0
304503	1	1	25537	5000	8	39	1	1
304506	0	1	0	0	12	9	0	1
304509	0	1	0	0	12	13	0	1
304510	0	0	0	3000	11	2	0	1
304511	0	0	27663	6000	11	1	0	0
304512	1	1	0	600	10	9	0	1
304513	0	0	213	0	11	17	0	0
304514	1	1	5841	0	11	9	0	0
304516	0	0	9081	600	11	17	0	0
304517	1	1	34613	9000	12	39	1	1
304518	0	0	28565	10500	12	9	0	0
304519	1	1	20625	4900	11	1	0	0
304520	0	1	7218	0	13	13	0	0
304525	1	1	6923	0	10	13	0	1
304526	1	1	3525	2240	12	13	0	0
304528	0	1	377	3000	12	39	1	1
304529	0	0	12432	2496	10	19	0	1
304534	0	0	23187	7915	12	13	0	1
304536	0	1	0	8000	17	39	1	1
304538	1	1	11244	0	17	13	0	1
304539	0	0	2289	0	7	13	0	0
304546	0	1	9720	0	15	17	0	1
304548	0	1	4797	150	11	13	0	1
304549	0	0	1254	2400	11	28	0	1
304550	1	1	45213	4700	11	39	1	1
304551	0	0	363	60	10	39	1	0
304552	0	1	670	3359	12	13	0	1
304553	0	0	8073	472	11	1	0	1
304556	0	1	583	0	11	2	0	0
304558	1	1	16772	9200	10	13	0	1
304560	1	1	9411	7500	12	13	0	1
304561	1	1	1470	450	12	37	1	0
304562	0	0	0	6020	12	15	0	1
304564	1	1	28753	8000	12	13	0	0
304565	0	1	2790	862	12	19	0	0
304567	0	0	35214	7336	11	13	0	0
304568	1	1	7407	0	12	15	0	1
304569	0	0	2472	3000	12	39	1	0
304570	1	1	83	140	9	39	1	0
304571	1	1	0	4000	14	39	1	1
304573	0	1	3375	3200	8	13	0	0
304577	0	1	2199	0	12	1	0	0
304584	0	1	15479	0	12	17	0	0
304585	0	0	32943	170	10	16	0	1
304592	0	1	1776	837	12	13	0	0
304595	0	0	5371	0	12	28	0	1
304596	0	0	6423	5000	17	2	0	1
304597	0	0	18442	2000	13	37	1	0
304598	1	1	24756	30	14	13	0	1
304599	0	0	35325	1200	12	28	0	1
304600	1	1	13255	0	12	15	0	0
304602	0	0	0	0	15	16	0	0
304606	1	1	28327	3000	10	5	0	1
304607	1	1	45971	0	13	39	1	0
304608	1	1	36760	8736	11	17	0	1
304610	1	1	789	0	9	37	1	1
304611	0	0	549	1530	12	17	0	0
304612	0	0	18828	3200	12	1	0	0
304613	0	1	5226	1642	12	0	0	0
304617	1	1	38121	7760	14	1	0	0
304618	1	1	12461	7000	12	0	0	0
304619	0	1	5700	3000	9	13	0	1
304621	0	1	0	0	8	9	0	0
304623	0	0	8163	0	8	1	0	0
304626	0	0	3162	938	12	13	0	0
304627	1	1	0	0	11	5	0	1
304630	0	0	1701	0	11	9	0	0
304631	0	0	12607	4680	10	13	0	0
304633	0	0	0	0	12	19	0	0
304634	1	1	51170	15000	12	13	0	1
304636	0	0	32187	800	12	13	0	1
304637	0	1	45424	7000	10	13	0	0
304643	1	1	7588	4800	10	19	0	1
304644	1	1	12549	0	8	19	0	0
304647	1	1	3314	326	12	1	0	0
304652	0	1	35406	6000	12	39	1	1
304654	0	0	35350	2000	9	13	0	0
304658	0	0	3066	0	12	13	0	0
304660	0	0	294	16639	8	16	0	1
304661	0	0	31434	0	12	19	0	0
304662	0	0	0	800	8	2	0	0
304663	0	0	52514	2700	8	2	0	1
304665	0	1	0	157	8	13	0	1
304669	0	1	0	0	12	13	0	1
304671	1	1	50088	20557	12	0	0	1
304672	1	1	41742	15000	12	1	0	1
304673	1	1	915	0	12	17	0	1
304676	0	0	22112	6000	12	13	0	0
304680	1	1	0	1300	12	16	0	0
304681	1	1	0	4800	12	17	0	1
304682	0	1	33456	5000	12	39	1	0
304684	0	1	10374	300	11	13	0	1
304685	0	0	30181	3000	16	39	1	0
304688	0	1	5166	0	12	9	0	1
304690	1	1	41767	3000	12	1	0	1
304691	1	1	2148	0	13	17	0	0
304694	0	0	97	800	15	15	0	1
304695	1	1	4102	5450	9	13	0	1
304699	0	1	219	800	9	19	0	0
304700	0	1	90	10400	12	13	0	0
304701	1	1	0	3000	11	9	0	1
304702	1	0	30041	1880	9	0	0	0
304706	0	0	1982	0	10	19	0	0
304709	1	1	82677	0	14	19	0	1
304713	1	1	77944	11000	13	13	0	0
304715	1	1	0	3000	12	9	0	1
304716	1	1	19414	7700	13	39	1	1
304717	0	1	90	2000	13	17	0	1
304718	1	1	20688	300	8	13	0	0
304719	0	0	7842	3640	13	0	0	1
304721	0	0	14567	2460	14	15	0	0
304722	1	1	72468	0	11	0	0	1
304723	0	0	2908	98	12	1	0	1
304724	1	1	42982	4500	12	19	0	1
304727	0	1	1750	315	12	39	1	0
304729	1	1	3263	0	8	13	0	0
304732	1	0	16143	3500	10	13	0	0
304733	0	0	8697	0	9	1	0	0
304734	0	0	0	0	14	16	0	0
304736	0	0	13481	0	12	13	0	0
304738	1	1	22487	0	14	13	0	0
304740	0	1	1335	18000	17	15	0	0
304742	0	1	87	0	12	19	0	1
304745	0	1	0	0	12	37	1	0
304746	0	1	435	1014	11	9	0	1
304747	0	0	0	1100	9	13	0	1
304748	0	1	0	0	10	0	0	0
304749	0	1	46098	20	15	13	0	1
304753	1	1	3375	0	13	16	0	1
304757	0	0	13393	6080	13	39	1	0
304759	1	1	948	3000	14	15	0	0
304763	1	1	0	0	12	16	0	0
304768	0	1	39423	7900	12	13	0	0
304769	0	1	18925	200	11	346	1	1
304770	0	0	83	350	12	16	0	0
304774	0	0	29082	0	8	19	0	0
304775	0	1	27844	6800	12	2	0	1
304778	1	1	16629	700	12	17	0	0
304780	0	0	0	300	9	39	1	0
304781	0	1	0	4000	12	19	0	1
304783	1	1	12582	100	12	37	1	0
304784	1	1	2929	6000	12	28	0	0
304791	1	0	10530	2817	9	16	0	1
304792	0	1	65604	11200	12	1	0	1
304793	0	0	29964	6000	11	13	0	1
304795	0	0	18663	8000	12	28	0	0
304797	1	1	19739	3000	16	37	1	1
304798	0	0	14521	340	10	16	0	0
304803	0	1	0	7200	12	17	0	0
304804	0	0	11679	4600	14	16	0	0
304805	0	0	5387	0	10	16	0	0
304809	1	1	120	0	12	16	0	0
304811	0	0	19740	260	12	19	0	1
304812	0	1	6603	0	8	19	0	1
304813	1	1	13859	2100	12	39	1	0
304816	1	1	21840	8038	16	0	0	1
304820	0	1	2778	7198	14	15	0	0
304821	1	1	28050	4000	13	17	0	0
304823	1	1	36600	2616	10	1	0	0
304827	0	0	9207	6000	12	9	0	0
304835	0	0	4308	0	14	1	0	0
304838	0	1	21120	98	12	13	0	1
304839	1	1	9923	500	17	15	0	1
304840	0	0	81153	12769	12	16	0	1
304841	0	0	0	2000	12	15	0	1
304842	1	1	7378	4000	12	17	0	1
304843	0	0	22999	6682	12	16	0	0
304844	1	1	290	0	12	0	0	0
304846	1	1	36597	5200	16	16	0	0
304848	0	0	11476	1000	12	37	1	1
304852	0	1	6759	350	8	39	1	0
304853	0	1	5697	2900	11	39	1	1
304856	0	0	0	0	12	19	0	0
304858	1	1	58848	9000	15	15	0	1
304859	0	0	27914	3360	12	19	0	1
304861	1	1	29864	3400	13	16	0	1
304865	1	1	13198	900	12	17	0	0
304867	1	1	10885	2000	11	9	0	0
304868	1	1	19959	1700	9	1	0	0
304869	0	1	1170	200	8	28	0	1
304870	0	0	6446	0	12	16	0	0
304871	1	1	2421	1500	12	1	0	1
304872	1	1	0	0	8	15	0	0
304873	0	0	40038	98	12	1	0	0
304877	1	1	25611	0	16	19	0	0
304880	1	1	9640	12000	11	37	1	1
304883	0	0	2658	700	12	9	0	1
304887	0	0	0	300	13	16	0	1
304889	1	1	11196	0	14	13	0	1
304891	0	1	13135	2000	8	5	0	1
304897	0	0	0	0	10	0	0	0
304899	0	1	13241	8160	12	39	1	0
304900	0	0	20691	2000	12	9	0	0
304905	0	0	38102	6400	11	13	0	1
304907	1	1	26458	0	12	9	0	1
304911	0	0	611	3800	13	2	0	0
304912	1	1	31474	5200	14	16	0	1
304913	0	0	10765	3000	9	17	0	1
304918	0	1	44316	7800	13	16	0	1
304920	1	1	11190	6670	12	15	0	0
304924	0	0	23878	20	12	39	1	0
304925	1	1	0	0	12	0	0	0
304928	0	1	14718	2300	11	13	0	0
304929	1	1	5082	35	12	16	0	0
304931	1	1	24830	160	8	1	0	0
304932	0	1	35137	4500	12	2	0	1
304935	1	1	22716	627	9	9	0	0
304936	0	1	22746	4000	10	13	0	1
304940	1	1	2181	0	9	17	0	0
304941	0	1	26383	5600	12	13	0	0
304942	0	1	15203	0	12	13	0	1
304943	1	1	69459	0	12	13	0	1
304945	0	0	3195	0	10	16	0	0
304946	1	1	744	600	13	17	0	1
304948	1	1	5966	3352	12	5	0	0
304950	0	0	27726	5000	12	19	0	1
304951	0	0	7245	5000	9	13	0	0
304953	0	0	4128	0	12	9	0	0
304954	1	1	30326	0	12	2	0	0
304958	0	0	15116	360	12	0	0	1
304963	1	1	24892	11000	12	1	0	1
304967	0	0	39228	0	11	13	0	1
304968	1	1	37708	5000	14	17	0	1
304970	0	0	16665	9550	12	13	0	1
304973	0	0	0	0	12	19	0	0
304976	1	1	2783	100	8	13	0	0
304978	0	1	29318	4800	12	346	1	1
304984	1	1	33513	5000	13	9	0	0
304985	0	1	3008	100	12	15	0	1
304987	1	1	4384	0	11	19	0	0
304989	0	0	162	10000	12	16	0	1
304996	1	1	15813	2500	9	16	0	0
304998	0	0	53049	9749	12	0	0	0
305001	0	0	17539	360	10	13	0	1
305003	0	0	642	4028	12	15	0	0
305004	1	1	30132	3000	12	39	1	0
305009	0	0	30	0	14	15	0	1
305012	0	0	17305	1359	11	5	0	1
305013	0	0	3060	0	17	1	0	0
305014	1	1	27092	7000	11	13	0	0
305015	0	1	45	200	10	2	0	0
305016	1	1	0	0	8	9	0	0
305019	1	1	8616	0	12	13	0	1
305020	0	1	8529	0	13	0	0	0
305023	0	1	20607	3000	14	28	0	0
305029	1	1	59349	19670	12	13	0	1
305030	1	1	47532	1373	9	13	0	1
305032	0	1	20039	15	12	40	1	1
305034	0	0	27954	200	12	28	0	0
305038	1	1	0	754	9	17	0	0
305039	1	1	0	1200	14	1	0	1
305042	1	1	20877	5000	13	17	0	0
305043	1	1	0	0	12	19	0	0
305045	1	1	9550	670	12	17	0	1
305047	1	1	201	4700	12	16	0	0
305051	0	1	5314	2080	12	28	0	0
305052	1	1	29691	0	12	1	0	0
305053	1	1	46494	1500	12	16	0	1
305056	1	1	11703	4800	12	37	1	0
305061	0	1	11276	1000	14	13	0	1
305062	0	1	0	98	12	13	0	0
305067	0	1	27557	27746	12	37	1	1
305068	0	0	31131	360	16	9	0	0
305069	0	0	53031	9076	8	0	0	1
305071	1	1	117	4277	11	1	0	0
305072	0	1	98	0	12	13	0	0
305073	0	1	25340	7000	12	5	0	1
305074	1	1	7407	3300	12	13	0	0
305075	1	1	210	8331	12	16	0	0
305078	0	0	20416	5680	12	39	1	0
305080	0	1	201	0	9	13	0	1
305081	1	1	6567	2000	12	13	0	0
305084	1	1	3285	0	8	1	0	0
305085	1	1	6845	0	12	13	0	1
305086	0	0	0	0	11	37	1	1
305087	0	1	4142	9000	11	39	1	0
305089	0	1	2286	2000	14	17	0	0
305090	1	1	0	0	14	9	0	1
305093	0	1	56748	4000	15	9	0	0
305094	1	1	19096	4000	12	17	0	1
305095	0	1	2878	1600	8	13	0	1
305099	1	1	84426	15000	13	13	0	1
305101	1	1	9916	7000	10	16	0	0
305107	0	0	11037	6000	12	17	0	1
305108	0	0	17223	4500	10	13	0	1
305114	1	1	0	4485	11	19	0	1
305115	0	1	1643	1900	13	2	0	1
305119	0	0	0	0	12	13	0	1
305122	1	1	6845	4900	12	16	0	0
305123	1	1	7379	4000	16	5	0	1
305125	1	1	20485	0	8	19	0	0
305131	1	1	1074	0	11	17	0	1
305137	1	1	9283	5000	12	13	0	0
305138	1	1	16590	6000	14	17	0	0
305142	1	1	11911	1100	14	2	0	1
305146	0	0	40253	140	11	13	0	0
305147	1	1	1390	1800	12	17	0	1
305149	1	1	25021	6000	12	39	1	1
305151	1	1	6828	2500	9	9	0	1
305154	1	1	0	0	9	9	0	0
305155	1	1	45	2144	8	13	0	1
305156	1	1	10848	0	12	0	0	1
305159	0	0	34011	5200	13	13	0	0
305160	0	0	39323	8000	8	13	0	0
305165	1	1	29640	0	12	19	0	0
305168	0	0	0	3000	9	346	1	0
305170	0	0	0	14080	12	28	0	1
305171	0	0	9837	1300	13	19	0	0
305172	0	1	1560	0	11	0	0	1
305176	1	1	43929	1660	16	15	0	1
305179	0	0	4965	0	12	9	0	0
305181	1	1	14953	900	13	9	0	1
305182	0	1	35444	10500	12	16	0	0
305184	0	0	8907	0	10	28	0	1
305191	0	1	8913	0	8	9	0	0
305194	0	0	46243	14000	13	39	1	1
305196	0	1	0	2330	12	37	1	1
305197	0	1	33	0	12	13	0	0
305207	0	1	23541	7340	12	39	1	1
305211	1	1	3948	1300	10	37	1	1
305212	0	0	6689	2012	12	37	1	0
305214	1	1	2901	0	8	1	0	0
305222	1	1	16320	0	12	15	0	1
305223	0	0	0	0	12	2	0	0
305224	0	0	67741	5280	11	17	0	1
305226	0	1	1484	190	12	0	0	1
305229	1	1	22080	8	8	1	0	1
305231	1	1	94715	14000	12	13	0	1
305232	1	1	0	5000	14	17	0	0
305233	1	1	37456	1600	12	9	0	1
305235	0	0	16476	0	12	19	0	0
305239	0	0	933	320	17	15	0	0
305242	0	0	57357	129	13	9	0	1
305243	0	0	12459	0	12	17	0	0
305246	0	0	15467	5000	10	13	0	1
305251	1	1	43447	9000	8	9	0	1
305252	1	1	104	3500	14	9	0	1
305256	1	1	8487	10000	11	39	1	1
305260	0	1	6798	0	12	19	0	0
305261	1	1	0	0	12	17	0	0
305264	0	0	402	0	10	15	0	0
305268	1	1	28349	299	12	13	0	0
305269	1	1	1274	16700	14	13	0	1
305274	0	1	84	0	10	2	0	1
305276	0	0	33750	7000	14	13	0	0
305277	0	0	27805	9870	12	2	0	0
305283	0	1	24389	4000	10	17	0	0
305284	1	1	22816	0	12	9	0	0
305286	1	1	24894	14000	12	13	0	1
305287	0	0	9078	20000	11	39	1	1
305288	0	0	8157	2900	12	9	0	1
305289	0	0	9373	3000	12	17	0	0
305290	0	0	19707	4692	11	1	0	0
305291	0	0	17976	1000	13	16	0	1
305292	0	0	2320	2500	8	39	1	0
305296	1	1	21705	3500	12	17	0	0
305297	0	0	0	0	8	19	0	1
305300	0	1	25483	300	11	37	1	0
305306	0	0	0	8000	12	13	0	0
305308	0	1	55296	5000	8	19	0	1
305310	1	1	3405	870	12	1	0	0
305311	0	0	0	0	12	16	0	0
305312	1	1	117	0	9	17	0	0
305314	0	1	42174	3640	12	39	1	0
305318	0	0	13173	0	12	13	0	0
305321	0	1	435	3200	11	1	0	0
305322	0	1	0	0	12	13	0	0
305326	0	0	21325	1200	10	13	0	0
305328	0	0	0	7192	12	13	0	0
305329	1	1	18393	4500	12	16	0	0
305331	1	1	4212	0	10	13	0	0
305332	1	1	2752	4300	9	17	0	1
305341	1	1	39125	4500	12	13	0	0
305343	0	0	3433	350	8	17	0	0
305344	1	1	41820	3000	16	19	0	1
305345	1	1	544	130	15	15	0	1
305348	0	0	10353	3033	11	13	0	0
305352	1	1	484	0	11	9	0	1
305353	0	0	37641	0	8	19	0	1
305354	1	1	54109	0	15	19	0	0
305355	0	0	16648	8000	16	13	0	1
305357	1	1	1465	0	12	9	0	0
305359	1	1	21880	5000	11	13	0	0
305361	1	1	3782	900	12	39	1	0
305363	0	1	2066	0	13	13	0	1
305365	0	0	33909	84	13	13	0	0
305366	0	0	40968	3967	13	1	0	0
305370	1	1	25551	1211	10	16	0	1
305373	1	1	0	0	13	15	0	0
305376	0	0	9800	6400	10	1	0	0
305377	0	0	16651	7150	10	13	0	1
305379	0	0	15621	8645	11	17	0	0
305382	0	0	32901	2000	12	15	0	0
305383	0	1	0	80	12	13	0	0
305385	1	1	10885	7000	10	2	0	1
305387	0	0	23211	6000	12	5	0	1
305393	0	0	17082	1314	12	37	1	1
305394	0	0	13305	0	8	9	0	0
305395	0	0	12663	0	9	37	1	0
305396	1	1	0	6300	12	39	1	1
305397	0	1	610	1058	10	28	0	0
305398	1	1	4704	1000	14	15	0	1
305400	1	1	0	0	12	16	0	1
305401	1	1	31440	1564	9	0	0	1
305403	1	1	21793	1651	12	39	1	0
305404	0	1	16712	390	10	9	0	0
305406	1	1	29524	4000	12	1	0	0
305407	0	0	30306	4600	12	19	0	1
305408	1	1	36967	3060	12	19	0	1
305409	1	1	4087	0	12	15	0	0
305410	0	0	15075	400	8	1	0	0
305411	1	1	5337	2580	9	9	0	0
305416	1	1	18823	7000	12	16	0	1
305420	1	1	39747	4700	10	16	0	0
305427	0	0	27628	0	12	0	0	0
305431	0	0	20715	0	12	9	0	0
305441	1	1	3117	0	12	17	0	0
305444	0	0	14304	6802	12	17	0	0
305447	0	1	19065	5000	12	19	0	0
305449	0	0	9620	516	12	2	0	0
305451	1	1	17646	0	14	17	0	0
305453	1	1	3720	1400	18	13	0	1
305457	0	0	8793	5161	12	16	0	0
305459	1	1	23757	1800	12	37	1	1
305462	1	1	19380	600	13	37	1	0
305463	0	0	0	62	9	1	0	0
305465	0	0	2447	5000	12	17	0	0
305466	1	1	10627	800	10	19	0	0
305467	1	1	13425	2400	8	19	0	0
305470	0	0	9840	3000	12	19	0	0
305471	0	1	11793	0	12	13	0	1
305475	1	1	3435	1942	10	16	0	0
305478	0	1	22941	5385	9	9	0	0
305482	0	0	43551	9000	14	19	0	0
305485	1	1	21726	0	12	17	0	0
305487	0	1	27138	3000	15	13	0	1
305489	0	1	17896	200	13	13	0	0
305493	0	1	3749	1729	11	9	0	0
305499	1	1	19481	9000	12	15	0	1
305502	1	1	8231	2927	12	17	0	0
305504	0	1	77388	6000	8	9	0	1
305505	0	1	1830	10307	14	39	1	1
305507	0	1	0	104	8	19	0	0
305508	0	0	0	0	8	19	0	0
305509	1	1	53349	16800	12	13	0	1
305511	1	1	12618	0	12	13	0	1
305512	0	1	1125	800	11	13	0	1
305520	0	1	64578	8280	15	13	0	1
305523	0	1	3967	300	9	13	0	0
305524	1	1	24938	3200	12	2	0	0
305527	1	1	162	77	8	39	1	1
305531	1	1	16743	3342	9	13	0	0
305534	1	1	44574	3000	12	1	0	0
305536	1	1	14508	2500	16	17	0	1
305538	0	1	16735	500	16	13	0	0
305539	0	1	2621	0	10	13	0	0
305540	0	0	16692	7800	12	16	0	0
305543	1	1	5017	0	12	13	0	0
305547	1	1	20494	3000	12	39	1	1
305550	0	0	43293	9000	8	13	0	1
305553	1	1	0	0	12	17	0	0
305554	0	1	25168	5800	12	15	0	1
305555	1	1	22375	1024	16	16	0	0
305557	1	1	34023	5022	9	1	0	0
305558	0	0	0	600	12	39	1	1
305559	1	1	5652	800	12	16	0	0
305561	0	0	2179	1100	12	39	1	1
305564	0	1	3630	300	12	28	0	0
305565	1	1	0	80	14	15	0	1
305566	0	1	0	125	9	13	0	1
305568	1	1	17081	5500	12	346	1	0
305570	0	1	2143	3000	12	28	0	0
305572	1	1	16464	3200	8	15	0	0
305576	0	0	5172	1000	12	15	0	0
305577	1	1	28910	13000	12	15	0	1
305580	0	0	64594	20000	9	1	0	1
305582	0	1	12861	0	10	28	0	0
305584	0	0	12861	864	8	13	0	1
305588	0	0	34215	10500	14	1	0	1
305589	0	1	37774	0	8	1	0	0
305590	0	0	22239	0	10	13	0	1
305591	1	1	7896	6390	10	13	0	1
305592	0	1	18125	6000	12	15	0	1
305593	1	1	9395	0	9	17	0	0
305596	1	1	35925	1200	12	0	0	1
305597	1	1	9843	7000	12	13	0	1
305599	1	1	16995	4000	12	13	0	1
305605	0	0	2502	0	10	1	0	0
305608	0	1	33927	1500	12	19	0	1
305611	0	1	162	13000	10	13	0	1
305614	0	0	5217	0	10	13	0	0
305616	0	0	0	0	8	19	0	0
305617	0	1	11010	800	15	13	0	0
305621	0	1	0	0	10	15	0	0
305622	1	1	72118	8000	12	13	0	1
305627	1	1	1530	0	11	17	0	0
305628	1	1	8193	0	12	2	0	0
305629	1	1	44522	3000	13	1	0	0
305631	0	1	3784	6000	9	1	0	0
305636	1	1	38563	2500	8	13	0	1
305637	0	1	48243	895	14	39	1	1
305638	1	1	0	0	11	1	0	0
305639	0	1	0	0	8	1	0	0
305643	0	1	14985	2200	13	13	0	1
305646	1	1	0	0	16	40	1	1
305647	0	0	4137	0	8	19	0	0
305649	0	1	13333	225	9	39	1	0
305651	0	1	12804	0	12	28	0	1
305655	1	1	20120	8000	9	13	0	0
305656	0	0	3984	0	12	39	1	1
305657	0	1	66	1000	10	2	0	1
305661	1	1	25562	3000	13	15	0	1
305662	0	0	21042	0	8	1	0	0
305663	0	1	9823	6500	12	28	0	1
305664	1	1	32418	0	12	37	1	1
305665	0	0	25022	10000	10	0	0	0
305666	0	0	9258	0	12	13	0	1
305667	1	1	0	0	12	15	0	0
305669	1	1	15138	3912	12	9	0	0
305670	0	0	4776	1760	12	37	1	1
305673	1	1	16632	0	13	9	0	0
305676	0	0	0	2202	10	9	0	0
305677	0	0	34721	1000	12	19	0	1
305679	1	1	8757	2160	10	9	0	0
305681	0	1	2919	0	12	17	0	0
305684	1	1	12520	7600	12	17	0	0
305686	0	0	268	297	12	16	0	0
305687	1	1	25047	4200	11	39	1	1
305688	0	1	162	0	11	39	1	0
305689	0	0	279	220	12	9	0	1
305692	1	1	4937	0	12	5	0	0
305693	1	1	7588	1000	12	39	1	1
305694	1	1	27916	425	12	1	0	0
305695	0	1	0	3204	12	0	0	0
305696	0	0	0	8500	18	13	0	1
305697	1	1	34040	5154	8	16	0	1
305701	1	1	27809	3000	12	16	0	0
305703	1	1	42857	2500	12	15	0	1
305704	1	1	36786	0	11	13	0	1
305709	1	1	29855	1500	11	13	0	1
305711	0	1	294	3000	11	19	0	1
305714	0	1	41892	1600	15	15	0	1
305715	1	1	10067	900	8	1	0	1
305716	0	1	0	0	7	19	0	1
305718	0	1	10135	0	10	28	0	0
305719	0	0	46623	2000	15	17	0	1
305723	1	1	23696	3000	11	13	0	0
305724	1	1	0	0	8	17	0	0
305725	1	1	5047	6039	11	9	0	0
305729	0	0	17603	0	8	28	0	1
305733	0	0	640	4600	12	13	0	0
305735	0	0	1533	500	11	40	1	0
305736	1	1	21564	4500	12	16	0	1
305737	1	1	45276	11000	12	16	0	0
305738	0	1	23851	8000	13	40	1	0
305739	1	1	8634	5000	11	1	0	0
305741	0	0	32942	12000	12	39	1	1
305745	1	1	18687	1500	12	19	0	0
305747	1	1	2550	0	10	2	0	1
305748	0	0	0	0	12	9	0	0
305749	1	1	2748	2700	12	2	0	1
305750	0	0	40171	11699	17	39	1	0
305751	1	1	30993	0	10	19	0	1
305753	1	1	3242	0	16	19	0	0
305754	0	1	22513	5	8	9	0	0
305755	0	1	37502	0	12	13	0	1
305757	0	0	42515	2400	12	39	1	1
305758	1	1	14991	1900	14	19	0	1
305760	1	1	2259	0	10	9	0	0
305761	0	0	12158	0	12	17	0	0
305763	0	0	369	0	11	13	0	0
305765	0	0	19263	5000	13	2	0	1
305766	0	1	8109	2426	10	13	0	0
305770	1	1	26563	0	11	16	0	0
305771	1	1	29283	2500	14	16	0	0
305772	0	0	11576	3000	11	1	0	1
305773	0	1	4624	400	13	13	0	0
305774	0	1	36913	11000	11	13	0	0
305775	0	0	19659	350	12	19	0	0
305778	1	1	1182	4800	13	17	0	1
305779	0	1	21435	4000	13	0	0	0
305780	1	1	0	0	12	15	0	1
305783	0	0	47871	0	10	37	1	1
305784	1	1	6661	4186	12	39	1	0
305787	1	1	26415	1200	12	0	0	1
305788	0	1	42021	22000	11	13	0	1
305789	1	1	2250	0	11	17	0	0
305790	0	0	15687	1700	17	15	0	1
305791	0	0	26698	12381	17	13	0	1
305793	0	0	17598	18000	15	13	0	0
305797	0	0	16454	4400	10	5	0	1
305800	0	0	6995	0	10	13	0	0
305801	1	1	2348	570	11	17	0	0
305802	0	1	26088	6000	12	13	0	1
305804	0	0	0	0	12	13	0	0
305807	0	0	5826	2095	12	5	0	0
305808	1	1	4365	0	14	17	0	1
305809	1	1	10872	0	12	39	1	0
305810	1	1	4839	1000	10	16	0	0
305811	1	1	0	3600	14	0	0	0
305813	1	1	41225	0	12	17	0	0
305814	1	1	4521	0	10	16	0	1
305815	0	0	22318	0	13	16	0	1
305822	1	1	3261	0	12	37	1	0
305824	0	0	19857	700	11	16	0	1
305825	0	0	6099	2536	9	0	0	1
305828	1	1	27732	4200	16	39	1	1
305832	1	1	57149	7488	12	13	0	0
305834	0	0	30435	8000	12	13	0	1
305839	0	0	2545	999	9	13	0	1
305843	0	0	25542	0	10	19	0	0
305845	0	0	1211	6500	8	13	0	1
305847	1	1	28417	5400	11	1	0	0
305850	0	0	15665	5600	12	17	0	0
305851	1	1	16922	5044	11	13	0	0
305857	1	1	18154	2418	8	19	0	0
305858	1	1	48795	2868	14	5	0	0
305861	1	1	18075	0	10	19	0	0
305862	0	0	6265	0	13	19	0	0
305863	1	1	19717	3500	10	16	0	0
305864	0	1	14982	8700	11	37	1	1
305866	1	1	21917	6000	12	17	0	0
305868	1	1	13422	0	11	19	0	1
305869	0	0	49146	10000	11	13	0	0
305873	0	1	37421	500	12	15	0	1
305875	0	1	0	6000	12	39	1	0
305877	1	1	4378	3200	12	17	0	0
305878	0	1	0	0	11	40	1	0
305880	0	1	5439	1430	14	9	0	1
305887	0	1	8570	7000	14	13	0	1
305889	1	1	0	0	12	19	0	0
305891	1	1	42877	900	15	13	0	1
305892	0	1	14680	3300	8	1	0	1
305893	1	1	17727	400	12	9	0	1
305894	1	1	19851	4000	12	13	0	0
305896	0	0	672	1200	9	19	0	1
305898	1	1	14754	1300	9	1	0	1
305900	0	0	711	0	12	1	0	0
305901	1	1	9166	0	16	17	0	0
305903	0	0	0	14000	16	13	0	1
305904	0	1	678	0	13	28	0	0
305905	0	1	14682	1472	15	15	0	0
305906	1	1	60730	14700	13	5	0	1
305908	1	1	38774	500	13	15	0	1
305910	1	1	30004	8000	9	1	0	0
305911	1	1	8819	2645	12	5	0	0
305912	0	1	99	3000	12	13	0	1
305913	1	1	28762	8000	12	0	0	0
305918	1	1	62820	11980	13	40	1	0
305921	0	0	2970	0	12	19	0	1
305925	0	0	13006	465	10	16	0	1
305927	0	1	21706	8190	12	39	1	1
305928	1	1	20415	1200	14	15	0	1
305930	1	1	1986	200	12	9	0	0
305931	1	1	26260	0	11	15	0	0
305932	1	1	1569	800	10	16	0	0
305939	1	1	22677	0	8	9	0	1
305940	0	0	648	1200	12	37	1	0
305944	0	0	93869	0	14	37	1	1
305945	0	0	486	1200	12	13	0	1
305952	1	1	0	0	12	9	0	0
305953	1	1	954	1277	10	13	0	1
305965	0	1	26346	7050	12	13	0	0
305967	0	0	0	2000	11	13	0	1
305970	0	1	20641	7000	11	13	0	1
305977	0	1	11518	8137	12	39	1	0
305978	0	0	13722	0	11	5	0	0
305980	0	0	0	0	12	40	1	0
305983	0	0	1711	0	12	346	1	0
305985	1	1	40837	850	11	13	0	0
305987	0	0	0	0	12	16	0	0
305989	0	0	8268	10400	14	13	0	1
305990	1	1	10701	90	12	15	0	1
305997	1	1	41388	4000	11	1	0	0
305998	0	0	0	0	12	17	0	0
305999	0	1	5035	0	12	17	0	1
306004	0	1	5551	400	11	13	0	0
306007	1	1	8902	3000	12	1	0	0
306014	0	0	11286	1200	12	16	0	1
306018	1	1	35142	0	10	40	1	0
306019	1	1	10695	9323	15	13	0	1
306020	0	0	1359	300	10	17	0	1
306023	1	1	20769	6430	12	16	0	0
306024	0	0	1452	0	11	39	1	1
306027	1	1	12340	4000	11	37	1	1
306029	0	0	49635	11531	11	39	1	1
306034	0	1	0	0	8	13	0	0
306036	1	1	17540	0	12	15	0	0
306038	1	1	65574	0	11	13	0	0
306046	0	1	2127	0	12	9	0	1
306047	0	0	19347	2000	13	15	0	0
306055	0	1	1371	5400	10	2	0	1
306056	1	1	0	165	12	19	0	1
306059	0	1	0	1375	12	2	0	0
306065	0	0	9993	0	12	17	0	0
306066	0	0	7209	0	14	19	0	1
306068	1	1	13206	1750	13	39	1	1
306071	1	1	0	0	12	17	0	0
306073	0	0	44309	1109	11	16	0	0
306076	0	0	2746	300	12	13	0	0
306079	0	0	30158	12000	9	1	0	1
306080	0	0	4468	4232	9	17	0	0
306081	0	0	0	500	12	1	0	1
306083	0	0	48783	4990	16	0	0	0
306084	1	1	15135	1000	10	16	0	1
306086	0	0	35796	0	10	13	0	1
306087	1	1	21801	2400	12	2	0	1
306089	0	0	13251	0	12	13	0	0
306092	1	1	23565	900	12	0	0	1
306093	1	1	5949	2600	12	13	0	0
306096	1	1	195	750	10	17	0	1
306097	1	1	36477	0	12	1	0	0
306099	0	0	65362	5000	12	40	1	1
306101	0	1	0	2800	12	13	0	1
306103	1	1	35200	8290	13	9	0	1
306104	0	0	0	0	8	15	0	0
306105	0	0	32624	30000	12	13	0	1
306106	0	0	12050	1500	12	13	0	0
306110	0	0	0	0	10	1	0	0
306111	0	0	46633	125	12	13	0	1
306113	0	0	11619	3216	12	9	0	0
306114	0	0	19827	4595	12	13	0	0
306115	0	1	8416	0	13	19	0	1
306117	0	1	3059	3600	10	13	0	0
306121	0	1	17669	600	11	1	0	1
306122	0	0	11612	3744	13	17	0	1
306123	0	1	2248	0	10	9	0	1
306132	0	0	2850	0	10	2	0	1
306136	0	0	20335	6900	13	13	0	1
306137	0	1	6990	1569	12	39	1	0
306140	0	0	0	15000	12	13	0	1
306141	0	1	0	0	9	19	0	0
306142	1	1	35402	0	10	1	0	1
306145	0	1	27544	0	12	13	0	0
306146	1	1	5227	3986	10	39	1	0
306152	1	1	30687	1400	10	39	1	1
306153	0	1	18402	25	10	1	0	0
306154	0	1	5013	500	12	13	0	1
306155	1	1	6425	0	12	9	0	0
306157	1	1	16151	0	11	9	0	0
306159	1	1	10838	31	12	9	0	0
306163	0	0	11987	5600	12	13	0	0
306164	0	1	24531	6000	12	13	0	0
306165	0	1	6879	0	12	17	0	0
306166	1	1	606	4000	13	19	0	1
306167	0	1	28479	5400	12	2	0	1
306171	0	1	13674	60	12	0	0	0
306173	1	1	13299	1720	12	9	0	0
306175	1	1	26084	0	12	28	0	0
306176	0	1	120	0	8	17	0	0
306179	0	0	15624	20000	13	13	0	1
306181	1	1	2817	421	12	9	0	0
306184	0	1	5973	0	8	13	0	0
306186	1	1	7521	13500	16	16	0	1
306187	1	1	0	18000	8	37	1	0
306188	0	1	24899	11000	12	16	0	1
306191	0	0	23467	6000	14	19	0	1
306194	1	0	300	425	11	15	0	0
306195	0	0	4071	300	11	17	0	0
306196	1	1	6466	400	16	16	0	0
306198	0	0	12542	98	12	13	0	0
306201	1	1	8435	4251	12	39	1	0
306204	1	1	10289	1200	13	15	0	0
306206	0	0	53353	2000	12	39	1	1
306208	0	0	18804	1200	12	17	0	1
306209	0	0	12840	250	12	1	0	0
306211	1	1	117	120	12	16	0	1
306213	0	0	14106	2988	12	17	0	0
306215	0	0	19739	2200	8	13	0	1
306218	0	0	35548	4000	13	39	1	0
306220	1	1	0	98	10	1	0	0
306223	1	1	48344	0	12	13	0	1
306225	0	0	1047	12000	12	13	0	1
306226	0	0	17040	7000	12	1	0	1
306227	0	0	20773	7848	10	13	0	0
306229	0	0	4288	3000	10	13	0	0
306232	0	0	1946	2500	11	13	0	0
306233	1	1	0	3200	14	15	0	1
306234	0	1	4485	4163	8	9	0	0
306236	1	1	17339	1117	14	13	0	0
306237	1	1	31653	0	14	17	0	0
306239	1	1	9834	10027	12	13	0	0
306241	0	1	522	1000	13	28	0	1
306242	0	1	1223	120	8	1	0	0
306247	0	0	27	4697	12	13	0	1
306249	0	1	0	7800	11	17	0	1
306250	0	1	36839	0	12	39	1	0
306252	1	1	23491	800	15	39	1	0
306256	0	0	21931	8000	12	13	0	0
306262	0	0	34539	8903	12	0	0	1
306263	0	0	0	0	12	16	0	0
306264	0	0	222	0	11	1	0	0
306266	1	1	18360	500	12	13	0	0
306267	1	1	20891	0	9	1	0	0
306270	0	0	15893	0	8	19	0	1
306272	0	0	2613	2200	10	39	1	1
306276	0	0	24600	13440	10	19	0	0
306277	0	1	0	0	12	13	0	0
306278	1	1	6634	0	8	1	0	0
306279	1	1	214	2250	13	16	0	0
306282	0	1	37272	3900	16	1	0	0
306283	1	1	28476	1750	11	0	0	1
306285	0	0	4722	5000	11	2	0	0
306286	0	0	684	6000	12	39	1	1
306291	0	0	20118	1500	15	13	0	1
306292	0	0	3358	1684	11	16	0	0
306294	0	0	34029	7000	12	9	0	1
306295	0	0	0	0	7	19	0	1
306296	0	0	3385	110	10	16	0	1
306297	1	1	20771	3538	10	39	1	1
306302	0	0	18702	0	11	1	0	0
306305	0	0	13314	229	13	16	0	0
306308	0	0	8431	5300	12	13	0	1
306309	1	1	12399	2666	15	13	0	1
306311	0	0	19407	10500	12	19	0	1
306313	1	1	14445	5000	14	15	0	1
306314	0	1	13414	0	13	17	0	0
306316	1	1	2949	0	10	19	0	1
306319	1	1	45	0	12	17	0	0
306320	1	1	543	0	8	9	0	0
306321	0	1	17471	850	10	13	0	1
306323	0	0	3057	5720	12	39	1	0
306328	0	0	13749	0	11	2	0	1
306330	1	1	15176	888	12	28	0	0
306331	0	0	0	0	11	9	0	0
306335	0	0	732	0	12	37	1	1
306336	1	1	21308	98	12	1	0	0
306337	0	0	463	0	12	19	0	0
306339	0	1	0	133	14	2	0	1
306342	0	1	21386	6000	12	17	0	1
306343	0	1	12	0	9	39	1	1
306344	0	1	17032	0	12	13	0	1
306347	0	0	1326	600	15	15	0	1
306348	0	0	13744	7000	11	13	0	0
306356	0	1	10878	2800	12	19	0	0
306360	1	1	0	0	14	17	0	0
306363	0	0	7660	135	10	13	0	0
306364	0	1	0	7740	16	28	0	1
306366	0	1	41773	6000	12	13	0	0
306373	0	1	33472	6000	12	13	0	1
306374	0	0	6902	98	12	13	0	0
306375	1	1	6913	8000	13	346	1	1
306376	0	1	36785	5401	14	13	0	1
306383	1	1	17555	4800	15	2	0	0
306387	1	1	1475	5000	13	19	0	1
306388	0	0	14475	0	12	17	0	0
306393	1	1	46800	6888	13	13	0	1
306394	0	0	18643	6000	9	13	0	1
306397	0	0	0	0	12	9	0	0
306398	1	1	5460	4593	12	16	0	0
306399	0	1	0	0	11	13	0	1
306400	0	1	11074	1186	12	39	1	0
306402	0	1	69	6000	15	13	0	1
306403	0	0	8393	2992	9	1	0	0
306404	0	0	35784	3500	12	0	0	1
306406	0	1	13974	500	12	13	0	1
306408	0	0	1191	3000	10	19	0	1
306411	1	1	6111	4000	13	2	0	1
306414	0	0	7805	3200	11	13	0	1
306416	1	1	0	0	9	19	0	0
306418	0	1	0	0	12	28	0	0
306420	0	0	6873	3460	12	28	0	0
306424	1	1	21619	4000	12	16	0	0
306425	1	1	12614	5000	12	346	1	1
306430	0	1	21705	200	11	15	0	1
306431	1	1	17650	0	10	19	0	0
306432	0	1	7176	6000	9	19	0	1
306435	1	1	38271	1100	9	13	0	1
306445	1	1	8127	0	10	9	0	0
306450	1	1	42152	0	12	9	0	0
306452	1	1	11250	4200	10	9	0	0
306453	1	1	2952	0	12	13	0	1
306458	0	0	375	0	9	19	0	0
306459	0	1	9096	5000	8	13	0	0
306463	0	0	48896	1500	12	16	0	1
306465	0	1	0	0	9	2	0	1
306466	0	0	46	0	12	19	0	0
306470	0	1	13755	240	12	9	0	0
306471	1	1	693	3629	8	16	0	1
306472	0	0	6938	128	12	17	0	0
306473	0	1	50295	7900	12	1	0	1
306476	1	1	69682	3000	10	28	0	1
306478	0	0	8572	4300	9	13	0	0
306480	1	1	33885	1500	15	0	0	1
306482	0	1	0	3800	11	19	0	1
306487	0	1	1287	3000	12	13	0	0
306489	0	1	0	0	12	346	1	0
306491	1	1	9024	360	16	19	0	1
306494	0	1	6473	2400	12	0	0	0
306495	0	1	22683	0	9	13	0	0
306496	1	1	933	5720	12	16	0	0
306497	0	0	13011	1600	15	13	0	1
306498	1	1	4673	119	12	28	0	0
306500	0	0	14601	1500	12	1	0	1
306503	0	1	7992	3621	8	2	0	1
306507	0	1	1182	230	12	13	0	0
306510	1	1	13683	7900	12	17	0	1
306511	0	1	6000	2500	12	2	0	1
306516	1	1	18852	600	12	16	0	0
306520	1	1	11910	0	12	15	0	1
306522	0	0	20274	109	13	15	0	0
306526	1	1	25296	9000	12	15	0	1
306530	0	1	6615	0	13	13	0	0
306531	0	0	54386	5800	13	9	0	1
306537	1	1	47563	300	16	19	0	0
306541	0	1	59611	9812	13	9	0	1
306543	0	1	7596	17000	13	1	0	1
306544	1	1	18694	6220	9	0	0	1
306547	0	1	1228	1500	16	13	0	1
306548	0	1	7698	98	11	9	0	1
306550	1	1	26396	11705	9	13	0	0
306551	1	1	58230	10800	12	40	1	0
306552	0	1	0	0	12	28	0	0
306553	0	0	30279	0	8	16	0	1
306555	0	1	4827	0	12	9	0	0
306559	0	1	1286	0	10	19	0	0
306567	1	1	7757	4410	8	39	1	1
306573	1	1	556	2135	10	39	1	1
306575	0	0	18848	1624	8	39	1	0
306579	0	0	12600	4100	9	13	0	1
306586	0	0	7461	400	14	15	0	0
306587	1	1	27967	8040	13	15	0	0
306589	0	0	0	6000	13	1	0	0
306590	0	1	13680	4000	12	13	0	0
306591	1	1	34685	7500	14	37	1	1
306597	0	0	33846	4500	12	16	0	0
306602	0	0	0	0	8	19	0	1
306603	0	0	183	1200	10	39	1	0
306604	1	1	15117	0	8	19	0	0
306607	1	1	20636	1000	11	9	0	1
306612	0	1	25444	17000	11	5	0	1
306615	1	1	14859	112	11	28	0	1
306617	0	0	15049	0	12	0	0	1
306618	1	1	2631	0	12	9	0	0
306620	0	1	4039	0	12	13	0	0
306621	1	1	0	30	11	1	0	0
306622	1	1	17099	0	12	19	0	1
306625	0	1	1696	600	11	13	0	1
306627	0	0	5121	3850	12	13	0	0
306628	0	1	1935	1020	12	17	0	0
306633	1	1	24804	2000	12	37	1	0
306634	0	0	0	0	12	1	0	0
306637	1	1	12556	1704	10	1	0	0
306638	0	1	0	9000	12	13	0	1
306639	1	1	2868	600	11	13	0	0
306641	1	1	3150	5720	9	19	0	1
306642	1	1	22576	3360	11	5	0	0
306643	1	1	13105	0	12	17	0	0
306644	1	1	28373	600	8	1	0	0
306645	0	1	0	800	13	13	0	1
306646	1	1	24802	0	9	40	1	0
306647	1	1	0	3200	10	19	0	0
306650	0	0	31704	0	13	17	0	0
306651	1	1	17857	2000	12	13	0	1
306652	1	1	19506	300	12	1	0	0
306658	0	1	0	7800	12	19	0	0
306662	1	1	7953	0	12	40	1	1
306663	1	1	4461	0	12	13	0	0
306665	1	1	23552	6000	12	13	0	0
306666	0	0	0	0	9	9	0	1
306667	0	0	0	0	10	9	0	0
306668	1	1	0	170	12	19	0	0
306669	1	1	11169	0	9	1	0	1
306671	1	1	7155	3600	12	13	0	1
306672	1	1	9330	3500	9	13	0	1
306674	1	1	8403	2700	12	2	0	0
306678	0	0	13742	0	12	28	0	1
306680	1	1	3195	0	13	9	0	0
306681	0	1	6164	5811	12	346	1	0
306682	0	0	0	0	13	16	0	0
306683	1	1	0	0	12	17	0	0
306687	1	1	13029	452	14	0	0	0
306690	0	0	76911	1200	16	1	0	1
306695	0	0	24462	6000	13	13	0	1
306697	1	1	16374	14000	12	13	0	1
306699	0	0	0	600	12	19	0	1
306701	0	0	7288	300	11	13	0	1
306702	0	1	8609	3120	12	13	0	0
306704	1	1	9309	800	13	28	0	1
306705	0	0	544	5500	10	39	1	0
306706	0	1	3406	364	11	28	0	0
306708	1	1	32694	4000	14	19	0	1
306713	0	0	22490	0	13	13	0	1
306714	0	1	0	0	8	9	0	0
306719	1	0	4941	4320	14	15	0	0
306723	1	1	10401	340	18	37	1	0
306725	0	0	4692	112	12	15	0	0
306726	0	1	4869	98	12	2	0	1
306727	1	1	36850	4963	9	9	0	0
306729	0	0	933	1800	12	39	1	0
306734	0	0	1437	0	12	17	0	1
306735	1	1	0	0	10	19	0	1
306740	0	0	0	2262	10	13	0	0
306741	0	0	426	320	10	17	0	1
306742	0	0	246	655	12	17	0	0
306743	1	1	66	0	8	1	0	0
306746	0	0	77760	3200	10	0	0	1
306749	0	1	0	6000	17	19	0	1
306751	0	1	5229	6000	12	0	0	1
306752	0	0	1098	800	17	15	0	1
306754	1	1	3801	490	10	37	1	1
306755	0	1	4207	12000	10	28	0	1
306757	0	0	6305	5440	13	13	0	0
306761	0	1	48	0	16	9	0	1
306762	0	0	2658	5400	7	19	0	0
306764	0	0	4993	600	8	1	0	0
306765	1	1	588	368	12	13	0	0
306770	0	1	21547	4440	10	13	0	0
306772	1	1	32633	1500	12	1	0	1
306773	1	1	17194	5000	15	15	0	0
306774	0	0	1205	0	11	13	0	1
306776	0	1	5072	268	11	1	0	1
306780	1	1	23199	10000	12	13	0	1
306781	0	1	47356	6000	16	15	0	1
306783	0	1	18888	1600	11	13	0	1
306785	0	0	52638	4000	13	13	0	1
306787	0	0	49804	800	9	13	0	1
306790	0	1	43612	7259	8	1	0	1
306792	1	1	18415	0	12	28	0	1
306795	0	0	33179	1248	10	2	0	0
306800	1	1	6873	322	12	19	0	0
306801	0	0	58545	4160	12	39	1	1
306802	0	1	39030	10000	14	13	0	0
306803	0	0	3649	50	11	1	0	0
306807	0	0	71036	10000	17	13	0	1
306809	0	0	0	0	12	9	0	1
306814	1	1	9435	0	12	28	0	0
306815	0	1	3714	0	12	28	0	0
306822	0	0	8104	5600	12	40	1	1
306824	0	1	13643	4000	13	15	0	1
306826	0	0	19948	1600	12	13	0	1
306827	1	1	4258	0	11	16	0	1
306828	0	1	2828	0	16	13	0	1
306832	0	1	3162	0	11	13	0	0
306833	0	1	33250	3600	10	1	0	0
306834	1	1	21313	8000	12	5	0	0
306836	0	0	25668	7200	10	16	0	0
306837	1	1	864	2000	13	16	0	0
306839	1	1	31719	10636	11	17	0	0
306841	0	0	16827	6000	10	13	0	0
306842	0	1	160	0	11	19	0	0
306845	0	0	1680	102	11	1	0	0
306847	0	0	20694	14000	12	5	0	0
306850	1	1	26148	476	12	1	0	1
306851	1	1	0	0	13	0	0	0
306852	0	1	0	0	8	19	0	0
306853	0	0	0	0	17	9	0	0
306855	0	1	8418	2120	10	13	0	0
306856	0	0	10876	7000	12	40	1	1
306859	0	1	9198	600	11	1	0	0
306860	0	0	0	4800	11	19	0	1
306865	0	0	0	0	11	2	0	1
306866	1	1	468	2400	8	1	0	0
306869	0	0	0	0	8	19	0	0
306871	0	0	26016	2100	10	39	1	1
306873	0	0	5271	1280	11	1	0	0
306875	1	1	762	2800	9	39	1	1
306878	1	1	46855	3000	12	5	0	1
306882	0	0	6652	6500	12	13	0	0
306884	1	1	44	1900	11	17	0	0
306885	1	1	357	4000	13	9	0	1
306887	1	1	37689	10000	12	16	0	1
306888	1	1	5355	7072	12	17	0	0
306889	0	1	26508	0	12	9	0	0
306892	1	1	12114	6200	16	13	0	0
306894	1	1	12728	0	11	9	0	0
306897	1	1	1668	0	10	13	0	0
306898	0	0	15835	4500	14	19	0	1
306900	0	0	39597	2500	14	1	0	0
306903	1	1	14265	14000	12	15	0	1
306907	0	0	14860	860	12	346	1	1
306908	0	0	14283	0	12	9	0	0
306910	0	0	0	1900	8	17	0	0
306911	0	0	2250	0	12	28	0	1
306914	0	0	107	0	10	5	0	1
306917	1	1	0	0	10	0	0	0
306918	1	1	13385	0	12	17	0	0
306919	0	1	36690	300	9	13	0	0
306920	0	0	43797	3000	16	16	0	1
306922	1	1	35714	3720	12	40	1	1
306925	0	0	387	300	10	9	0	0
306926	0	1	3324	5330	11	15	0	0
306927	1	1	2907	4500	16	15	0	0
306930	1	1	2394	0	12	2	0	0
306932	1	1	10883	85	13	16	0	0
306935	0	0	18591	2469	13	9	0	0
306938	1	1	0	0	8	16	0	0
306947	0	0	25980	4000	16	13	0	0
306948	0	1	10676	400	11	15	0	0
306949	1	1	26292	0	17	19	0	1
306951	0	0	37644	9980	16	37	1	0
306953	1	1	6212	1300	14	9	0	1
306955	0	0	39564	2309	9	9	0	1
306958	0	1	1251	0	10	1	0	1
306960	0	0	0	0	17	40	1	1
306963	1	1	11079	8500	11	0	0	1
306965	1	1	30619	8000	11	39	1	1
306970	0	0	11767	1042	10	1	0	0
306971	0	0	15036	2700	12	39	1	0
306973	1	1	43313	6000	17	40	1	1
306974	1	1	17577	7000	12	39	1	1
306980	0	1	174	300	16	15	0	0
306982	1	1	38639	11500	11	37	1	1
306985	0	1	40181	6240	11	13	0	0
306986	0	1	0	6866	10	1	0	0
306989	1	1	7944	2620	14	13	0	1
306993	0	1	30080	100	12	17	0	0
306994	0	0	4003	2500	12	37	1	1
306995	0	1	0	0	9	346	1	0
306996	1	1	1197	335	12	17	0	0
306997	1	1	13002	0	12	19	0	0
307000	0	1	30841	2700	10	39	1	1
307001	0	0	10513	8464	12	16	0	0
307003	0	1	3276	0	12	9	0	0
307004	0	0	29265	7020	12	17	0	1
307006	0	0	51831	14000	13	13	0	1
307007	1	1	1464	6848	7	19	0	1
307011	0	1	3732	0	12	28	0	0
307012	1	1	19877	4600	12	13	0	0
307014	0	0	3838	575	11	16	0	0
307015	0	1	717	98	8	1	0	1
307016	0	1	72623	990	9	19	0	0
307017	1	1	21240	1000	10	17	0	0
307018	0	0	26877	3440	12	0	0	0
307020	1	1	5195	4760	10	9	0	0
307023	0	0	16851	5000	8	16	0	0
307024	0	1	8786	9040	12	28	0	1
307025	1	1	31040	370	11	346	1	1
307033	1	1	31230	6500	10	1	0	0
307036	0	1	0	98	8	1	0	1
307037	0	0	16324	0	10	1	0	0
307038	0	0	7799	0	8	9	0	1
307040	0	0	992	0	11	19	0	1
307041	1	1	7440	0	12	19	0	0
307044	0	1	13756	16000	11	2	0	1
307045	0	1	16471	0	12	5	0	0
307047	0	0	7172	4000	12	15	0	1
307049	0	1	62589	12000	13	16	0	1
307052	0	0	3710	2400	12	39	1	1
307053	1	1	19193	0	12	19	0	0
307059	0	1	0	5770	16	19	0	0
307063	0	0	8654	0	12	9	0	1
307064	0	0	28785	1300	12	13	0	0
307065	0	0	7247	0	12	37	1	0
307066	0	1	9704	1100	12	13	0	0
307067	1	1	6930	3360	12	15	0	0
307068	0	0	30068	0	14	19	0	0
307071	0	1	4941	5000	11	28	0	1
307072	1	1	13755	0	11	19	0	1
307073	0	1	30386	2100	9	19	0	0
307074	0	0	15929	6000	10	0	0	1
307078	0	1	0	4000	12	13	0	1
307086	1	1	4699	0	14	19	0	1
307087	1	1	1614	0	9	9	0	1
307090	0	0	5894	200	10	13	0	1
307091	1	1	0	0	9	17	0	0
307096	0	0	1522	3500	12	17	0	1
307098	1	1	18305	4500	10	16	0	0
307106	1	1	30807	5000	10	2	0	1
307107	1	1	19853	0	14	16	0	0
307108	0	0	2178	0	14	9	0	1
307115	1	1	16701	0	11	39	1	1
307119	0	1	468	3800	16	2	0	1
307120	0	0	32463	0	14	0	0	0
307125	1	1	10937	1300	11	2	0	1
307128	0	0	2166	7600	12	13	0	0
307132	1	1	51768	15000	16	16	0	1
307133	0	0	385	0	16	16	0	0
307136	0	1	12534	3200	12	16	0	1
307138	1	1	762	0	10	9	0	0
307140	1	1	3807	1200	12	39	1	0
307141	0	0	5670	8000	11	13	0	0
307142	1	1	366	0	12	9	0	1
307144	0	1	6083	3100	12	15	0	0
307146	0	1	2592	11000	12	13	0	0
307150	1	1	16557	0	12	28	0	0
307153	1	1	0	2285	9	19	0	1
307157	1	1	1879	1500	12	16	0	0
307162	0	1	142	10000	9	1	0	1
307163	1	1	25362	13984	13	19	0	1
307164	0	1	44261	300	11	1	0	0
307170	1	1	17500	2114	12	13	0	0
307171	0	1	0	246	12	13	0	0
307172	1	1	789	6000	12	19	0	1
307173	0	1	30696	0	12	13	0	0
307174	1	1	9900	8317	12	16	0	0
307177	1	1	3934	0	12	9	0	0
307180	0	1	8175	5000	12	1	0	1
307181	1	1	5887	5900	10	37	1	0
307183	0	0	0	15000	12	13	0	1
307184	0	1	6603	4800	14	19	0	0
307185	0	0	27813	0	12	0	0	1
307187	0	0	2175	1398	12	1	0	0
307190	0	0	6924	196	8	40	1	1
307191	1	1	28773	4860	12	37	1	1
307192	1	1	30761	5000	13	16	0	1
307193	1	1	2529	15504	12	16	0	1
307195	1	1	32891	6000	12	13	0	1
307196	0	0	0	0	9	9	0	0
307198	1	1	336	900	10	15	0	0
307199	1	1	14241	0	11	37	1	0
307201	0	0	61650	0	9	13	0	1
307202	0	0	6273	0	8	19	0	1
307206	0	1	216	2520	14	17	0	0
307209	0	0	9459	1000	11	13	0	1
307211	1	1	6458	1422	12	13	0	0
307213	1	1	37878	6380	16	17	0	1
307224	0	1	25116	3000	15	13	0	1
307227	1	1	0	162	12	19	0	1
307228	1	1	30964	6084	12	13	0	0
307232	1	1	16608	1100	12	37	1	0
307233	1	1	41472	1352	15	19	0	1
307236	0	0	31445	2900	12	39	1	1
307240	1	1	14711	1000	9	1	0	1
307241	1	1	32184	3353	17	39	1	1
307242	1	1	4524	0	14	16	0	0
307243	1	1	24404	0	11	0	0	0
307245	0	0	10190	7475	14	17	0	0
307248	0	1	17219	4500	12	39	1	1
307250	1	1	16887	10000	12	40	1	0
307251	0	0	321	0	12	1	0	0
307254	1	1	26684	4000	13	39	1	0
307256	1	1	16324	9000	11	2	0	1
307262	0	1	50928	9000	13	13	0	0
307265	1	1	0	0	10	17	0	0
307266	1	1	5460	0	12	17	0	1
307267	0	1	1515	0	9	13	0	1
307272	0	1	6965	680	15	1	0	0
307274	0	1	15146	0	10	40	1	0
307275	1	1	44018	12000	12	13	0	0
307279	0	0	39274	9600	11	39	1	1
307284	0	1	28413	0	10	19	0	0
307286	1	1	0	4400	10	13	0	0
307287	1	1	555	0	9	1	0	0
307289	1	1	1923	1470	8	17	0	0
307295	0	1	57561	16000	12	13	0	1
307296	1	1	46086	8000	8	28	0	1
307297	0	0	13072	3740	11	13	0	0
307300	1	1	49783	8000	10	15	0	1
307302	1	1	3794	0	12	9	0	0
307305	0	0	0	0	10	17	0	1
307306	1	1	25149	3000	11	39	1	1
307307	1	1	27931	0	12	13	0	0
307310	0	1	25500	0	9	17	0	1
307311	0	1	8977	2200	11	39	1	0
307315	1	1	20331	2400	10	1	0	1
307316	0	1	0	700	12	2	0	1
307318	1	1	12208	0	12	13	0	1
307323	0	1	21954	5000	12	13	0	0
307326	0	1	542	0	12	28	0	0
307327	1	1	18756	1236	12	1	0	0
307329	0	0	0	0	8	13	0	0
307331	0	0	8526	3500	17	9	0	0
307333	0	0	40578	6303	13	17	0	1
307335	1	1	5966	5200	15	19	0	0
307341	0	0	26868	7488	10	39	1	1
307342	0	0	15207	0	11	17	0	1
307344	0	0	1308	0	14	17	0	1
307345	0	0	2876	7400	13	5	0	0
307352	0	0	11433	4500	12	16	0	0
307359	1	1	30101	0	8	16	0	0
307361	1	1	5140	2840	12	16	0	0
307362	1	1	11012	2000	12	28	0	0
307365	0	1	21525	5100	14	39	1	0
307366	1	1	38032	7800	12	16	0	0
307367	0	0	12486	10000	12	1	0	0
307370	0	0	3489	3200	10	16	0	1
307373	0	0	3651	3000	13	13	0	1
307375	0	0	0	0	8	13	0	1
307378	0	1	88	0	12	19	0	0
307381	0	0	8937	600	12	28	0	1
307383	1	1	5159	2500	12	2	0	0
307388	1	1	30624	1950	12	17	0	0
307394	1	1	33059	7000	16	17	0	0
307396	1	1	59451	0	13	37	1	1
307397	0	1	39629	10500	10	19	0	0
307398	0	0	28308	10000	13	16	0	0
307399	0	1	0	4000	10	13	0	1
307403	0	0	10432	0	12	17	0	0
307404	0	1	6299	3000	12	13	0	0
307405	1	1	26543	800	13	2	0	1
307407	0	0	1401	700	11	39	1	1
307409	1	1	0	200	12	15	0	0
307413	0	0	5449	2500	11	15	0	1
307416	1	1	2112	0	12	39	1	0
307418	1	1	16949	2400	16	1	0	1
307419	0	1	132	0	15	2	0	0
307420	1	1	0	910	12	5	0	1
307421	1	1	924	0	12	17	0	0
307422	1	1	1605	520	8	19	0	1
307425	0	0	900	6000	12	37	1	1
307427	1	1	20683	0	9	17	0	1
307428	0	1	17574	5000	12	13	0	1
307429	1	1	7396	0	11	17	0	0
307433	0	1	23252	75	12	13	0	1
307436	1	1	3347	348	12	39	1	1
307442	1	1	39720	8400	12	1	0	0
307443	0	0	0	7116	12	39	1	0
307444	1	1	68772	1000	12	15	0	1
307445	1	1	30951	3096	12	39	1	1
307449	0	1	6675	8694	12	17	0	1
307456	0	0	255	0	9	0	0	0
307459	1	1	43243	1175	12	39	1	1
307463	0	0	27408	1302	12	16	0	0
307465	0	0	0	0	10	17	0	0
307466	0	0	10473	5004	13	16	0	0
307469	0	0	0	0	12	37	1	0
307472	0	0	3081	0	9	2	0	1
307473	0	0	44514	172	12	15	0	1
307476	0	0	66810	2047	15	0	0	1
307477	1	1	43735	700	11	13	0	0
307481	0	1	63275	14000	12	13	0	0
307482	1	1	13212	200	11	13	0	1
307485	1	1	12858	6000	12	16	0	1
307487	0	0	8493	27000	16	0	0	0
307488	0	0	50907	6722	15	39	1	1
307495	0	0	18552	7000	12	17	0	0
307500	1	1	13585	1000	9	17	0	0
307501	1	1	267	0	12	15	0	0
307502	1	1	3291	98	10	1	0	1
307503	0	0	0	0	11	2	0	1
307504	0	0	21635	1800	12	15	0	1
307506	0	0	138	600	12	13	0	0
307512	0	1	0	7200	13	16	0	0
307514	1	1	30515	4500	8	13	0	0
307515	0	0	0	0	8	1	0	0
307516	0	1	7566	7000	14	13	0	0
307519	0	1	1367	600	9	2	0	1
307520	1	1	29384	10000	12	17	0	0
307521	1	1	11088	690	10	19	0	1
307524	0	1	10592	0	12	0	0	1
307525	1	1	20602	2500	10	16	0	0
307529	1	1	0	8000	9	9	0	0
307530	1	1	24425	4364	12	1	0	1
307531	0	0	16445	1958	12	2	0	0
307533	0	1	381	0	12	28	0	0
307534	0	0	33956	6000	12	17	0	0
307535	0	0	12435	10379	9	9	0	0
307536	0	0	573	0	12	37	1	0
307537	0	0	46653	13140	11	19	0	1
307538	0	1	3090	1000	15	13	0	0
307539	0	0	0	0	12	0	0	1
307540	0	1	11445	1193	12	39	1	0
307542	1	1	17127	3204	14	16	0	0
307544	1	1	87387	2560	12	0	0	0
307545	0	1	5046	0	12	28	0	0
307547	1	1	30875	0	13	19	0	0
307548	1	1	13396	5000	12	17	0	0
307549	0	0	22298	3300	12	13	0	1
307550	0	0	16344	1404	11	19	0	1
307552	1	1	11965	3000	11	17	0	1
307553	0	0	258	0	11	13	0	0
307555	1	1	1505	0	12	13	0	0
307556	0	1	798	1800	12	15	0	1
307557	1	1	13550	7340	10	9	0	1
307558	0	1	27	0	15	28	0	1
307559	0	0	4707	6283	14	1	0	1
307562	0	0	1575	3840	8	19	0	0
307567	0	1	894	0	11	17	0	0
307569	0	1	50262	3200	12	13	0	1
307572	0	0	6132	8000	12	13	0	0
307573	0	0	23578	1700	12	39	1	0
307577	1	1	12945	16800	12	19	0	1
307580	1	1	3990	1800	11	15	0	1
307582	0	0	22919	7000	11	17	0	1
307585	1	1	8269	3700	12	346	1	1
307587	0	0	1373	400	12	19	0	0
307588	1	1	32110	200	13	15	0	1
307589	0	1	29301	1300	9	39	1	1
307590	1	1	102	470	9	37	1	1
307592	1	1	38442	0	12	9	0	1
307599	1	1	26742	5000	12	346	1	1
307602	0	0	89	1240	15	15	0	0
307604	1	1	17052	4000	8	13	0	0
307608	1	1	47244	10000	9	13	0	1
307611	1	1	36957	11000	11	13	0	1
307616	0	1	0	25000	10	28	0	1
307617	0	0	3093	0	12	13	0	1
307621	1	1	35691	1500	12	13	0	0
307622	0	0	183	0	10	16	0	0
307623	0	0	19092	8000	10	39	1	0
307624	1	1	29651	4000	12	19	0	1
307625	1	1	7506	0	12	17	0	0
307626	0	0	13060	3200	14	13	0	0
307627	1	1	32421	200	12	39	1	1
307630	0	0	26771	390	12	1	0	0
307631	0	0	43563	0	9	19	0	1
307632	0	0	31492	6000	12	13	0	1
307634	1	1	28694	5241	13	15	0	1
307636	1	1	9513	9000	12	17	0	0
307640	1	1	71693	5200	13	2	0	1
307643	1	1	0	8000	13	16	0	1
307647	0	1	11447	2500	10	2	0	1
307649	0	1	14435	3840	12	17	0	0
307650	1	1	33086	6700	13	39	1	1
307653	1	1	3729	1100	12	1	0	0
307657	1	1	0	0	8	13	0	0
307658	1	1	6309	2000	15	1	0	1
307664	1	1	6471	0	12	28	0	1
307665	1	1	5193	0	12	40	1	1
307668	0	0	2961	0	10	28	0	0
307670	1	1	2040	0	12	16	0	1
307672	1	1	21629	475	12	5	0	0
307676	0	0	48620	0	14	39	1	1
307678	0	1	24415	0	12	15	0	1
307680	0	0	5875	5632	13	1	0	1
307681	0	1	0	0	12	39	1	1
307683	0	1	0	0	13	9	0	0
307684	0	1	28542	0	9	19	0	0
307685	0	1	10570	0	14	346	1	0
307686	0	0	189	0	11	19	0	0
307687	0	0	0	0	8	5	0	1
307688	1	1	23127	9000	12	346	1	0
307694	0	1	22417	2500	12	13	0	1
307695	0	1	28857	10	12	13	0	1
307696	1	1	35637	1200	12	9	0	1
307697	0	1	1050	1500	9	1	0	0
307703	0	1	0	11000	13	19	0	0
307704	0	0	41364	6800	10	13	0	1
307706	0	0	16916	6000	12	13	0	0
307712	0	1	36025	0	14	40	1	0
307714	1	1	0	100	12	19	0	0
307716	1	1	6833	1000	12	37	1	0
307717	1	1	38711	2736	12	13	0	0
307718	0	1	0	0	12	17	0	0
307719	1	1	0	200	11	0	0	1
307723	0	0	11951	4500	11	2	0	1
307725	1	1	0	200	12	39	1	0
307726	0	1	2316	0	12	28	0	1
307727	1	1	34764	7000	12	13	0	0
307729	0	0	1524	2900	12	15	0	1
307732	1	1	34873	0	9	19	0	0
307736	0	1	541	6000	11	39	1	0
307737	0	0	17763	1302	11	13	0	0
307741	1	1	56706	7800	9	13	0	0
307745	0	1	16078	8000	10	2	0	1
307748	0	1	0	0	11	9	0	1
307754	0	0	1459	0	12	17	0	0
307755	0	1	0	0	14	19	0	0
307758	0	0	17293	352	12	1	0	0
307759	1	1	20076	500	12	1	0	0
307761	0	0	7610	597	11	28	0	0
307763	0	0	1773	1600	12	13	0	1
307765	0	0	24738	130	11	28	0	0
307771	1	1	49980	5000	11	1	0	0
307772	0	1	18096	0	10	28	0	0
307773	1	1	24278	1685	11	39	1	0
307776	0	1	3620	400	11	13	0	1
307777	0	0	0	0	8	1	0	0
307780	0	1	1848	600	12	13	0	1
307781	1	1	26358	3000	14	2	0	0
307784	0	0	24327	11740	12	9	0	1
307790	0	1	588	4000	12	13	0	0
307791	1	1	3456	1947	14	16	0	0
307792	0	1	0	14500	12	2	0	1
307793	1	1	27513	0	11	1	0	0
307795	0	0	2756	0	11	17	0	0
307801	0	1	20133	1906	12	1	0	0
307802	0	1	41527	7000	12	13	0	0
307803	0	1	21129	0	8	0	0	0
307804	0	0	4965	3000	11	39	1	1
307809	1	1	10721	4067	12	1	0	0
307810	1	1	28661	9000	11	17	0	1
307811	0	0	29874	6340	12	13	0	0
307812	1	1	6525	6380	12	19	0	1
307813	0	0	11297	200	16	16	0	0
307816	0	0	24012	9291	12	37	1	0
307818	0	1	15342	400	11	19	0	0
307819	0	0	72	88	8	1	0	0
307821	1	1	4623	700	10	5	0	0
307823	0	0	46761	6000	13	40	1	0
307825	1	1	8917	1814	12	16	0	0
307826	1	1	30380	310	10	0	0	0
307827	0	0	7909	0	7	17	0	1
307830	1	1	9558	2400	12	9	0	0
307831	1	1	35244	500	12	13	0	0
307833	1	1	10053	0	12	17	0	0
307836	1	1	34703	7325	13	19	0	0
307841	0	1	17108	5600	10	28	0	1
307843	0	0	1501	0	14	13	0	0
307845	1	1	11323	0	13	17	0	0
307846	1	1	2622	1000	10	16	0	1
307850	0	0	456	20	12	13	0	0
307851	0	0	2507	1102	12	13	0	1
307852	1	1	13128	2178	11	16	0	0
307854	0	0	0	2000	8	2	0	1
307858	0	1	3501	5000	12	37	1	1
307860	0	0	28475	1591	13	37	1	0
307861	0	1	7035	6000	16	28	0	0
307863	0	1	23688	0	12	13	0	1
307865	0	1	26964	2958	14	0	0	1
307867	1	1	12841	1500	11	9	0	0
307868	0	1	0	0	12	19	0	0
307871	1	1	17571	12800	10	16	0	1
307873	0	0	34242	10000	12	1	0	0
307874	0	0	37065	3000	12	15	0	1
307877	0	0	10875	0	11	19	0	0
307878	0	0	55035	0	14	9	0	0
307879	1	1	3849	600	11	13	0	0
307880	0	0	0	2412	10	13	0	1
307882	1	1	13650	17300	12	16	0	1
307886	1	1	25662	12000	11	346	1	1
307889	0	0	25828	4500	12	16	0	1
307895	0	0	4357	0	12	13	0	0
307896	1	1	0	0	12	16	0	0
307899	0	0	18366	0	13	0	0	0
307900	0	0	23027	1356	12	39	1	0
307901	0	1	0	978	12	13	0	0
307902	0	1	24276	1683	12	13	0	1
307905	1	1	54469	1440	12	0	0	0
307906	0	0	29520	900	12	15	0	1
307911	1	1	28068	50	17	37	1	0
307914	1	1	25564	0	8	19	0	0
307916	0	0	26274	0	12	16	0	0
307921	1	1	22851	2360	12	39	1	0
307923	1	1	1625	250	10	17	0	0
307924	1	1	5848	0	12	9	0	0
307927	0	0	29256	0	11	16	0	0
307930	0	0	0	1000	8	1	0	1
307933	0	0	13571	12000	13	16	0	1
307937	1	1	17919	0	11	40	1	0
307941	0	1	858	5000	12	2	0	1
307946	1	1	6202	0	12	39	1	0
307949	0	0	34726	2000	10	13	0	0
307951	0	1	0	0	14	2	0	0
307952	0	1	42328	8000	10	16	0	1
307956	0	0	16379	2000	12	5	0	1
307959	1	1	6138	168	11	0	0	1
307960	0	1	42672	11500	12	13	0	1
307968	1	1	13091	1000	12	16	0	0
307969	1	1	20400	3120	12	1	0	0
307971	1	1	8893	0	12	16	0	0
307976	0	0	0	0	9	39	1	0
307977	0	1	1005	120	11	13	0	0
307978	0	1	0	0	17	9	0	0
307979	0	1	19481	6636	12	0	0	0
307980	0	0	2253	2500	12	13	0	1
307984	1	1	17718	4000	12	13	0	0
307985	1	1	15567	0	12	19	0	0
307986	0	0	1791	0	10	39	1	0
307991	0	0	11049	800	8	13	0	1
307992	1	1	0	6700	12	16	0	0
307993	0	0	15153	0	12	19	0	0
307995	1	1	0	1708	10	16	0	0
307997	1	1	21852	215	12	13	0	0
307998	1	1	9660	0	14	19	0	0
308001	1	1	29646	5000	12	17	0	1
308002	0	0	21978	7000	13	39	1	1
308004	0	1	34918	533	10	1	0	0
308008	1	1	13741	500	12	17	0	1
308011	1	1	13020	0	8	19	0	1
308014	1	1	30	40	12	1	0	0
308017	0	0	16257	492	10	39	1	0
308020	0	1	37826	5000	12	13	0	1
308021	0	1	0	1168	12	13	0	1
308022	0	0	1354	0	8	15	0	1
308026	0	1	2922	7935	10	17	0	1
308027	0	0	15115	4300	12	0	0	0
308029	0	0	23895	4300	12	13	0	0
308031	1	1	18834	13000	13	15	0	0
308032	0	1	358	2800	11	19	0	0
308033	0	0	60477	9600	16	16	0	1
308034	1	1	23493	3600	12	13	0	0
308035	1	1	15935	13551	10	39	1	1
308037	0	1	35068	4500	9	13	0	1
308039	0	0	366	400	11	2	0	0
308042	0	0	23300	9000	9	1	0	1
308044	0	1	28233	7500	12	13	0	0
308047	0	0	8093	134	12	15	0	0
308050	0	0	1275	5280	11	19	0	1
308053	0	0	27239	2700	12	13	0	1
308054	0	0	11074	0	11	40	1	0
308055	0	0	42549	1277	12	2	0	1
308058	1	1	11101	0	11	19	0	1
308062	1	1	0	0	9	15	0	0
308067	1	1	18918	2000	9	28	0	0
308068	1	1	18700	12000	12	5	0	0
308069	1	1	259	4120	13	16	0	0
308071	1	1	4461	1500	12	17	0	0
308073	1	1	7585	0	11	40	1	1
308074	1	1	29517	3000	11	16	0	1
308079	0	1	1062	450	10	39	1	0
308080	0	0	2166	0	10	17	0	1
308082	1	1	34272	4000	12	17	0	0
308085	0	1	463	8000	12	13	0	0
308087	0	0	10425	1500	12	39	1	1
308090	1	1	51070	6500	13	9	0	1
308091	1	1	55146	5000	12	15	0	1
308104	1	1	2916	9000	12	39	1	0
308105	0	0	11382	821	12	1	0	0
308110	1	1	0	0	16	19	0	1
308111	0	1	0	7600	11	13	0	0
308112	1	1	55499	0	9	37	1	0
308114	1	1	45177	1998	11	1	0	1
308117	0	0	42633	98	12	1	0	0
308118	1	1	27678	4000	13	16	0	1
308119	1	1	6852	4800	12	19	0	1
308121	0	1	3239	0	8	1	0	1
308130	0	0	2650	175	12	1	0	1
308133	1	1	13398	3600	12	15	0	0
308134	0	1	0	1725	13	39	1	1
308137	0	0	9177	0	14	13	0	0
308140	0	0	1234	960	12	13	0	0
308141	0	1	177	1400	8	1	0	0
308145	0	0	11743	0	12	13	0	0
308147	1	1	77	0	9	19	0	0
308148	1	1	14617	2400	14	39	1	0
308151	1	1	41307	2615	14	9	0	0
308163	0	1	1138	1400	11	19	0	1
308168	1	1	33078	2400	10	13	0	0
308170	0	1	720	162	10	1	0	0
308172	1	1	11008	0	8	40	1	0
308175	1	1	0	3640	14	2	0	0
308176	1	1	0	1980	10	0	0	1
308177	0	0	5406	6000	12	9	0	0
308180	0	0	1548	0	8	9	0	0
308184	1	1	22552	4730	12	13	0	0
308185	0	0	39992	16000	14	16	0	1
308186	1	1	0	100	13	39	1	0
308187	0	1	3195	780	12	19	0	1
308188	1	1	2400	325	8	37	1	1
308189	1	1	20553	450	12	15	0	0
308191	0	1	0	30	10	1	0	1
308192	0	0	11449	1120	12	5	0	1
308195	1	1	2349	3000	12	17	0	1
308199	0	0	11367	4685	12	2	0	0
308203	1	1	12850	3451	11	13	0	1
308204	0	1	27519	0	11	9	0	0
308206	1	1	15526	15000	12	5	0	0
308209	0	0	2451	400	12	2	0	0
308210	0	0	32383	9527	9	16	0	1
308211	0	0	22654	1200	13	9	0	0
308215	0	0	4196	0	10	19	0	1
308218	1	1	22709	0	10	19	0	1
308219	1	1	927	410	8	13	0	0
308222	1	1	2379	800	15	16	0	0
308224	1	1	16062	7560	10	346	1	0
308225	0	0	13068	5484	11	17	0	1
308226	1	1	18234	0	14	15	0	0
308230	1	1	74603	4000	12	9	0	1
308231	0	1	8764	3004	8	9	0	0
308232	1	1	0	0	11	37	1	0
308236	1	1	23272	0	12	19	0	0
308237	0	1	1380	0	12	19	0	0
308238	0	0	2452	0	8	13	0	1
308241	1	1	6252	256	11	0	0	1
308243	0	0	49	10400	10	19	0	0
308246	1	1	22052	130	9	9	0	1
308247	0	0	3432	1000	12	15	0	0
308249	0	0	25752	7500	14	19	0	1
308250	0	0	65134	13696	14	13	0	0
308251	0	1	7176	952	11	13	0	0
308253	1	1	1659	400	11	1	0	0
308256	0	0	16002	0	8	13	0	0
308257	0	1	26973	0	9	1	0	1
308258	0	0	319	540	12	13	0	1
308259	1	1	642	5000	15	1	0	1
308261	1	1	24895	873	14	2	0	0
308264	1	1	33747	6466	12	13	0	0
308268	0	0	0	0	10	16	0	0
308271	0	1	0	6500	11	13	0	0
308274	0	0	0	0	12	39	1	0
308280	1	1	17409	999	12	13	0	0
308285	0	1	2304	0	16	13	0	1
308286	0	1	12927	1900	12	9	0	1
308290	0	1	21779	10000	12	13	0	1
308294	1	1	2502	0	12	0	0	1
308295	0	1	15181	500	12	5	0	0
308296	1	1	5676	0	8	17	0	1
308299	0	0	1080	0	10	9	0	0
308301	1	1	7422	200	12	37	1	0
308302	1	1	11528	4000	9	1	0	0
308304	0	0	469	200	10	2	0	0
308308	0	0	15037	0	12	13	0	1
308309	1	1	2564	3341	13	13	0	1
308310	0	1	22489	0	12	19	0	0
308311	0	1	7898	0	12	13	0	1
308312	0	0	0	2144	8	13	0	1
308314	0	0	7265	2200	12	19	0	1
308315	1	1	55434	9600	12	37	1	1
308317	1	1	12506	1318	9	40	1	0
308319	0	1	1470	0	11	17	0	1
308321	1	1	16318	6456	11	16	0	0
308322	1	0	9797	3442	10	0	0	0
308323	1	1	10581	7200	14	17	0	1
308329	1	1	17559	2836	12	39	1	0
308337	0	0	3702	5000	11	15	0	1
308342	0	0	28374	12500	13	9	0	1
308344	0	1	970	200	9	28	0	0
308346	1	1	16485	800	9	1	0	1
308347	0	0	3658	3000	14	13	0	1
308352	0	1	1921	1500	11	13	0	0
308355	1	1	13821	0	17	13	0	1
308357	0	0	0	308	16	17	0	0
308358	1	1	0	1500	9	19	0	0
308359	1	1	2760	4000	13	28	0	0
308361	1	1	26845	5162	12	2	0	1
308362	0	0	243	2445	12	16	0	0
308364	1	1	22243	0	12	17	0	0
308365	1	0	11009	240	12	9	0	0
308367	0	1	37421	8000	12	9	0	1
308369	1	1	50835	3000	14	17	0	0
308373	0	1	560	994	11	1	0	0
308374	0	0	0	1000	13	13	0	1
308375	1	1	1100	2900	12	13	0	1
308376	1	1	37590	6000	12	346	1	0
308377	0	0	24544	0	13	16	0	0
308378	1	1	40	0	10	19	0	0
308379	1	1	56964	0	8	19	0	1
308381	0	0	2865	800	12	17	0	0
308382	0	1	0	0	9	17	0	0
308383	0	1	62424	2500	11	13	0	0
308385	0	1	2281	0	9	13	0	1
308387	0	0	2832	7567	9	13	0	1
308392	0	0	34190	2000	10	2	0	1
308393	0	1	44070	896	12	13	0	0
308394	1	1	1026	0	11	17	0	0
308395	0	0	31336	0	12	5	0	0
308396	1	1	13099	5000	13	13	0	0
308397	1	1	5267	3300	12	13	0	0
308400	1	1	28261	4400	15	2	0	1
308403	1	1	27480	7000	12	13	0	0
308408	1	1	0	0	11	40	1	0
308409	1	1	32119	1000	15	19	0	0
308410	1	1	34102	0	12	1	0	0
308414	0	1	10020	7000	12	15	0	0
308416	1	1	1711	2000	9	39	1	1
308418	1	1	14658	3300	10	9	0	0
308422	1	1	20383	40	12	15	0	0
308424	1	1	45343	500	12	1	0	1
308426	1	1	1440	3000	12	17	0	0
308431	0	0	3237	0	13	28	0	1
308434	1	1	9410	0	10	2	0	1
308436	0	0	720	2500	14	16	0	1
308440	0	0	28254	2000	12	13	0	0
308441	0	1	0	0	10	13	0	0
308442	1	1	40425	1500	16	13	0	0
308443	1	1	5878	5400	12	39	1	0
308445	0	0	0	420	8	1	0	1
308448	1	1	19682	0	12	1	0	0
308450	0	1	8009	0	9	13	0	1
308458	0	0	18567	3921	9	39	1	0
308464	0	0	22927	706	12	13	0	0
308468	0	1	34293	0	10	346	1	0
308469	0	0	28443	5412	8	17	0	0
308472	0	0	41834	8000	14	13	0	0
308474	0	0	29258	3000	11	17	0	1
308475	0	0	1987	0	12	13	0	0
308476	1	1	7374	3000	9	13	0	1
308478	1	1	39126	2430	15	19	0	1
308485	0	0	13217	0	12	13	0	0
308490	0	0	395	2490	11	13	0	0
308491	0	0	23683	213	12	39	1	1
308492	0	1	1707	700	12	13	0	0
308493	1	1	5076	0	9	9	0	1
308494	1	1	0	0	12	19	0	0
308498	0	1	35530	5000	12	1	0	0
308499	0	0	12021	0	10	13	0	0
308501	0	0	13280	3500	8	13	0	0
308504	0	0	9981	0	14	13	0	0
308508	1	1	0	2000	12	17	0	0
308509	0	1	2106	4444	10	16	0	0
308510	1	1	26535	2344	10	13	0	0
308511	0	0	25669	3500	9	9	0	1
308512	0	1	1947	9400	11	19	0	1
308515	0	0	16458	0	8	19	0	1
308516	1	1	0	0	11	9	0	0
308517	1	1	55746	9100	10	16	0	1
308518	1	1	0	0	12	17	0	0
308525	1	1	0	0	8	19	0	0
308530	1	1	11392	0	10	13	0	1
308532	1	1	1161	1200	12	9	0	1
308534	0	0	11228	200	12	19	0	0
308539	0	0	37145	6000	12	13	0	1
308540	0	0	9206	3438	11	39	1	0
308542	0	1	458	2223	12	39	1	0
308545	0	0	37646	460	11	13	0	0
308548	1	1	18993	120	8	19	0	1
308550	0	0	297	0	14	15	0	0
308553	1	1	10649	1800	10	39	1	0
308555	1	1	50997	15120	8	17	0	1
308556	0	1	458	2500	12	17	0	0
308558	1	1	16130	5500	12	17	0	0
308562	0	1	11146	2000	11	1	0	0
308565	1	1	16107	5200	14	17	0	0
308569	1	1	26510	1350	12	15	0	0
308570	1	1	6760	2500	12	16	0	0
308572	0	1	1240	15000	14	13	0	1
308574	0	0	39573	9900	14	19	0	1
308579	1	1	31521	900	10	16	0	0
308580	1	1	16878	1800	11	16	0	0
308581	0	0	44538	4000	10	13	0	1
308583	0	1	29710	0	12	346	1	0
308585	0	1	12911	300	12	13	0	1
308589	1	1	15083	3000	9	5	0	1
308590	0	0	340	12800	13	2	0	0
308591	1	1	12568	1800	12	19	0	0
308596	1	1	0	0	10	13	0	0
308600	0	1	41781	4060	9	13	0	0
308602	1	1	24524	9800	12	13	0	1
308603	0	0	12954	0	11	28	0	0
308605	0	1	9269	2250	10	39	1	0
308608	1	1	19263	3500	12	39	1	0
308617	1	1	997	0	11	19	0	0
308618	1	1	0	4000	12	16	0	1
308619	1	1	9201	9000	10	39	1	1
308622	0	0	3117	4020	9	1	0	0
308623	0	0	53103	8000	12	1	0	1
308624	1	1	8523	4778	10	19	0	0
308625	1	1	0	150	10	19	0	1
308627	0	1	5064	0	11	28	0	1
308628	1	1	3132	0	11	9	0	0
308630	1	1	45468	0	12	19	0	1
308633	0	1	0	0	8	19	0	0
308635	1	1	0	0	12	13	0	0
308637	1	1	5674	0	12	17	0	0
308643	0	0	9300	4000	10	1	0	1
308644	0	0	30756	8400	9	13	0	1
308646	0	0	17062	1185	12	0	0	1
308650	1	1	39717	4810	12	39	1	1
308654	1	1	30580	3000	13	0	0	0
308655	0	1	1681	0	14	346	1	0
308656	0	0	64	1900	15	39	1	0
308662	1	1	2669	0	15	15	0	0
308663	1	1	519	7323	12	9	0	1
308666	0	0	0	6800	11	17	0	0
308671	0	0	18931	979	15	13	0	0
308672	1	1	21881	7630	10	13	0	0
308673	0	0	948	0	11	2	0	1
308675	0	1	0	2780	8	19	0	1
308679	1	1	59124	9000	8	19	0	1
308682	0	1	29223	3640	12	1	0	0
308685	1	1	4017	1600	8	9	0	0
308686	1	1	12641	0	12	346	1	0
308690	1	1	73265	16800	10	13	0	1
308694	1	1	0	2107	8	13	0	1
308699	0	1	16319	10000	16	16	0	1
308702	1	1	18376	1158	12	39	1	0
308703	0	1	1593	300	12	2	0	1
308705	1	1	20035	9600	11	16	0	1
308707	1	1	52916	11500	9	13	0	0
308712	0	0	14997	178	12	19	0	1
308713	0	0	5598	8800	12	15	0	0
308714	0	0	2124	0	14	15	0	0
308715	0	1	35547	7000	10	13	0	1
308716	0	1	0	80	12	13	0	1
308720	0	0	0	0	12	9	0	0
308724	1	1	1713	890	12	19	0	1
308726	0	1	38292	10000	12	13	0	0
308728	0	0	0	0	14	16	0	1
308729	1	1	0	6100	12	13	0	0
308730	1	1	23556	92	12	16	0	0
308733	1	1	34525	1600	12	13	0	0
308734	0	0	0	0	12	1	0	0
308736	1	1	23346	9000	13	17	0	1
308738	0	0	25294	9600	10	19	0	0
308741	1	1	0	2938	12	17	0	1
308743	0	0	20560	7230	16	1	0	1
308744	1	1	14499	4000	12	39	1	1
308749	1	1	2349	1200	14	28	0	1
308751	0	0	17250	0	8	1	0	0
308752	0	0	11216	2200	10	13	0	1
308754	0	0	3301	14000	14	39	1	1
308758	0	0	30884	5000	17	40	1	1
308759	1	1	27168	12000	12	16	0	0
308760	1	1	5361	0	12	9	0	1
308766	0	0	26541	9525	12	5	0	0
308767	1	1	4431	6000	12	13	0	1
308768	0	0	53112	8000	11	39	1	1
308769	1	1	22743	5000	12	0	0	1
308770	1	1	646	0	10	17	0	1
308773	0	0	38804	5000	11	28	0	1
308774	0	0	22452	4000	10	9	0	0
308778	1	1	19662	0	9	17	0	0
308780	1	1	5280	0	11	13	0	1
308786	1	1	3750	1280	12	15	0	0
308787	0	1	44730	9675	8	19	0	1
308789	1	1	28556	0	12	13	0	1
308792	0	1	7503	8320	17	13	0	0
308793	1	1	33192	0	16	13	0	1
308794	0	0	15708	0	10	9	0	0
308797	0	0	24096	0	9	13	0	1
308798	0	0	8289	20	12	37	1	0
308800	1	1	4947	2855	10	0	0	1
308801	0	1	582	0	9	17	0	1
308805	0	1	3725	0	11	13	0	1
308806	0	1	9632	162	9	39	1	0
308807	0	1	0	0	8	2	0	0
308808	0	0	14219	5300	8	17	0	0
308809	1	1	43609	8400	11	13	0	1
308810	0	1	1374	96	12	13	0	1
308811	0	1	930	12000	11	2	0	1
308815	0	0	939	0	12	9	0	0
308816	1	1	13089	408	12	0	0	0
308817	1	1	10366	520	12	9	0	0
308818	1	1	5260	8500	12	13	0	1
308819	1	1	47921	13000	10	19	0	1
308820	1	1	14378	5117	8	1	0	1
308821	0	1	23313	3200	12	39	1	0
308824	0	0	49303	2600	12	13	0	1
308825	0	1	0	0	12	13	0	0
308826	0	1	4398	0	10	28	0	0
308827	1	1	6775	400	14	13	0	1
308828	1	1	22974	800	12	1	0	0
308832	1	1	55390	9464	12	13	0	1
308836	0	0	1623	500	11	17	0	1
308837	1	1	5422	2500	12	13	0	0
308839	0	1	11866	9266	12	39	1	1
308840	0	0	654	1100	12	9	0	0
308844	0	0	8043	200	12	9	0	1
308847	0	0	1398	2500	11	19	0	1
308855	1	1	8496	13819	17	39	1	1
308860	1	1	30171	7000	10	13	0	1
308861	0	1	10777	10500	8	40	1	1
308862	1	1	45558	0	9	1	0	0
308863	0	1	9990	0	12	15	0	0
308865	1	1	1933	1000	11	1	0	1
308869	0	0	0	0	9	2	0	0
308870	0	0	327	0	12	9	0	0
308874	1	1	14219	2500	13	16	0	0
308876	1	1	8655	0	10	9	0	0
308882	0	1	6965	7280	13	13	0	0
308884	1	1	18246	0	11	9	0	0
308885	1	1	3538	670	12	39	1	1
308886	0	1	0	0	14	13	0	0
308887	0	0	0	14500	15	28	0	1
308890	1	1	10711	10000	12	346	1	0
308893	1	1	2166	0	11	39	1	0
308894	1	1	10602	1340	13	17	0	0
308897	1	1	693	325	13	16	0	0
308899	1	1	30753	6000	15	9	0	1
308901	1	1	12652	784	13	19	0	1
308907	1	1	4953	6700	11	1	0	0
308908	0	0	13673	6000	12	39	1	1
308911	1	1	1113	3259	9	39	1	0
308915	1	1	8580	5500	11	39	1	1
308917	1	1	11681	0	12	0	0	1
308919	0	0	15435	2000	10	13	0	1
308923	1	1	34875	0	12	40	1	0
308929	1	1	34748	4000	11	1	0	0
308930	1	1	28586	3200	12	39	1	0
308935	0	1	89	4500	12	13	0	1
308939	0	1	0	600	10	1	0	0
308941	0	0	651	0	11	17	0	1
308943	1	1	44605	0	8	37	1	0
308948	1	1	32133	18500	12	13	0	1
308949	0	0	0	0	14	39	1	0
308950	1	1	25899	0	8	1	0	0
308952	0	1	13922	4000	14	13	0	0
308957	0	0	24384	6000	12	2	0	0
308959	1	1	27710	0	17	2	0	0
308960	0	1	13158	165	11	0	0	0
308963	1	1	27824	179	12	0	0	0
308964	0	1	25010	4000	10	15	0	1
308966	0	0	21784	398	12	13	0	1
308967	1	1	3684	5000	13	16	0	1
308968	1	1	1305	0	12	17	0	0
308969	1	1	39	0	11	19	0	0
308972	1	1	36099	500	11	13	0	0
308973	0	0	4473	3400	12	39	1	1
308974	0	1	14145	500	12	15	0	1
308976	0	0	131	8000	16	28	0	1
308977	0	0	41142	0	12	15	0	1
308979	1	1	11468	0	9	13	0	1
308980	1	1	561	0	8	15	0	0
308982	1	1	13370	874	10	5	0	1
308984	0	1	2835	0	12	39	1	1
308985	1	1	0	0	11	15	0	0
308989	0	0	0	7419	11	0	0	0
308993	0	1	62	1296	11	17	0	0
308994	1	1	23520	8617	12	16	0	0
308996	1	1	26655	4576	12	0	0	1
308997	1	1	13977	206	11	13	0	0
308998	1	1	4908	200	12	28	0	0
308999	0	1	29927	230	12	9	0	0
309002	1	1	3525	0	11	28	0	1
309003	1	1	107	3650	17	16	0	1
309004	0	0	2261	1798	11	39	1	1
309006	0	0	6642	7800	12	39	1	0
309007	1	1	3498	9000	12	15	0	1
309008	0	1	35178	750	11	13	0	1
309009	0	1	39640	6000	12	13	0	1
309010	0	0	37600	3000	11	13	0	1
309012	0	1	0	3000	10	13	0	0
309013	1	1	21760	500	12	16	0	0
309019	0	0	2825	800	12	2	0	0
309022	1	1	0	0	12	19	0	1
309023	1	1	18397	6000	10	15	0	0
309024	1	1	0	0	11	39	1	1
309026	0	0	3297	3300	12	37	1	0
309027	0	1	23913	0	8	13	0	0
309031	1	1	7191	0	12	0	0	0
309032	1	1	11486	1300	8	9	0	1
309039	0	1	10450	630	9	9	0	1
309040	0	0	0	6500	11	16	0	1
309041	0	1	7542	6000	10	1	0	1
309045	1	1	5472	5000	14	16	0	0
309047	1	1	2835	0	12	15	0	0
309050	0	0	22518	200	8	2	0	1
309053	0	1	30738	6000	12	39	1	0
309054	0	1	0	0	10	28	0	1
309064	0	1	22099	2180	12	17	0	0
309068	1	1	9516	4288	12	39	1	1
309070	0	1	105694	45000	16	40	1	1
309071	1	1	3919	0	12	15	0	0
309076	0	0	7190	0	7	346	1	0
309079	0	0	360	20	10	16	0	1
309080	1	1	7827	8000	12	16	0	1
309083	1	1	0	3977	12	9	0	0
309088	0	1	33310	15000	16	13	0	1
309091	0	1	0	0	10	15	0	1
309096	0	0	9198	5758	9	13	0	1
309097	0	0	0	5000	14	16	0	1
309099	1	1	37191	440	12	15	0	0
309102	1	1	0	2716	11	39	1	1
309104	1	1	35178	800	8	13	0	0
309105	1	1	25382	9800	14	16	0	1
309110	0	0	2253	3360	9	17	0	0
309111	1	1	5709	0	12	15	0	0
309112	1	1	2220	600	12	0	0	1
309113	0	1	6665	3268	11	39	1	1
309115	0	1	3273	1275	11	0	0	0
309121	0	0	31022	3380	12	0	0	0
309123	0	1	35107	4260	11	13	0	1
309125	0	0	27291	100	14	13	0	0
309129	1	1	15128	126	12	13	0	0
309131	0	0	0	0	12	28	0	0
309136	0	1	6002	3000	12	13	0	1
309139	0	0	2331	0	11	346	1	0
309140	0	0	25529	12800	14	13	0	1
309142	0	0	0	0	12	28	0	0
309144	1	1	18	45	10	19	0	1
309145	0	1	58638	4000	12	13	0	1
309146	1	1	9840	500	11	17	0	0
309147	0	0	19449	5084	12	1	0	1
309148	1	1	60350	4000	10	0	0	1
309152	0	1	5505	0	13	13	0	1
309153	0	0	0	9300	11	37	1	1
309154	0	1	16827	0	14	19	0	0
309155	0	1	1008	4000	12	15	0	1
309156	0	1	1662	8000	12	16	0	1
309157	1	1	12021	5200	14	13	0	1
309158	0	0	4083	0	12	13	0	0
309159	0	1	37427	15000	10	13	0	1
309162	0	0	31024	0	8	19	0	0
309163	1	1	4284	0	12	39	1	0
309169	1	1	70740	4000	12	39	1	1
309178	1	1	7944	3000	12	19	0	1
309179	0	1	226	2800	9	39	1	1
309180	0	0	0	0	9	1	0	0
309181	1	1	10095	1500	12	37	1	0
309183	0	0	38360	14000	10	16	0	1
309187	1	1	17235	7000	14	9	0	0
309195	0	0	8442	0	10	1	0	0
309197	1	1	7947	8594	9	1	0	0
309198	0	0	910	5	14	13	0	1
309202	0	0	2310	780	10	19	0	1
309205	0	1	0	0	9	9	0	0
309208	1	1	15069	10000	12	1	0	0
309211	1	1	5958	0	12	15	0	0
309213	0	0	0	6750	10	39	1	1
309217	1	1	2466	11000	14	16	0	1
309219	1	1	1384	0	12	17	0	0
309220	1	1	10737	500	10	1	0	0
309221	1	1	4038	120	16	19	0	0
309224	0	0	27488	8000	12	346	1	1
309225	0	1	0	1100	14	37	1	1
309226	1	1	16271	0	12	9	0	1
309228	0	0	4032	280	9	2	0	0
309229	1	1	6407	5120	12	39	1	1
309230	0	1	0	7500	15	1	0	1
309232	1	1	39078	10500	12	13	0	1
309239	0	1	36847	4800	14	39	1	1
309242	0	0	7257	98	9	1	0	1
309246	0	1	9591	3500	12	9	0	1
309248	0	1	25661	6000	12	39	1	1
309249	0	0	15353	98	12	5	0	0
309251	0	0	2430	4289	12	0	0	1
309253	1	1	24264	840	14	39	1	0
309255	0	0	34998	4093	16	39	1	0
309256	1	1	591	0	15	15	0	0
309258	1	1	3075	3000	11	17	0	0
309260	1	1	42968	8000	13	15	0	1
309262	0	0	834	100	12	39	1	0
309263	0	0	38840	11636	12	13	0	0
309265	1	1	5304	2880	17	15	0	0
309267	1	1	99294	1600	12	0	0	1
309271	0	0	14937	0	11	16	0	0
309274	0	1	2322	0	8	37	1	0
309275	1	1	38832	16020	12	16	0	1
309279	1	1	31506	4600	10	39	1	1
309283	0	1	5211	335	12	9	0	1
309285	1	1	14598	2600	10	1	0	1
309286	0	0	6627	2500	12	39	1	0
309289	1	1	15556	0	12	13	0	1
309291	0	0	3966	2184	11	37	1	0
309292	1	1	42089	4500	12	13	0	1
309293	1	1	2664	8000	11	1	0	0
309294	0	1	37782	6739	13	16	0	0
309296	1	1	9792	1000	14	1	0	0
309298	0	1	1014	4420	12	19	0	0
309299	1	1	22900	1500	12	15	0	1
309300	0	1	41470	12000	12	39	1	1
309304	0	0	28007	3000	12	15	0	1
309308	1	1	31413	17000	12	28	0	0
309311	0	0	69652	24000	12	9	0	1
309313	0	1	6783	3500	11	13	0	0
309315	1	1	6213	2500	12	13	0	0
309317	1	1	198	0	9	16	0	0
309318	0	0	110	140	11	13	0	1
309319	0	0	0	0	12	13	0	0
309321	0	1	0	0	10	1	0	0
309322	1	1	0	0	12	2	0	1
309324	0	0	2439	4488	11	1	0	0
309325	1	1	26866	5100	9	16	0	0
309326	1	1	74046	4200	12	13	0	1
309329	1	1	1677	2652	17	9	0	0
309331	0	1	8984	0	12	17	0	0
309335	0	0	28663	7000	12	13	0	1
309337	1	1	11146	2205	13	16	0	0
309338	1	1	10887	0	10	13	0	1
309341	0	0	5513	228	10	13	0	0
309344	1	1	10158	30	16	40	1	0
309345	1	1	33499	7625	12	1	0	1
309347	0	1	4890	7800	9	13	0	1
309348	0	1	11384	0	12	13	0	0
309351	1	1	0	0	13	9	0	1
309352	0	0	8152	1000	12	13	0	1
309353	1	1	48184	5000	12	16	0	1
309354	1	1	6027	1200	12	13	0	0
309356	0	1	7888	140	8	13	0	0
309357	0	1	19427	0	11	28	0	1
309358	0	1	14205	0	9	28	0	0
309359	1	1	24531	0	12	15	0	1
309360	1	1	19808	2000	14	15	0	0
309362	0	1	1080	32000	16	39	1	1
309364	1	1	12007	13900	12	15	0	1
309365	0	0	32708	6584	12	13	0	0
309366	1	1	36697	900	12	15	0	1
309367	1	1	32959	2000	14	15	0	1
309371	0	1	36168	6300	14	16	0	1
309373	0	0	10769	0	12	17	0	0
309374	1	1	38503	6000	16	15	0	1
309377	0	1	0	0	12	40	1	0
309379	0	0	41580	600	12	13	0	1
309381	0	1	39566	0	12	28	0	1
309382	0	0	29973	8000	13	15	0	1
309384	0	1	0	4000	11	19	0	1
309386	0	0	28076	6500	16	39	1	1
309388	1	1	21844	9000	12	13	0	0
309389	0	1	49866	9600	12	1	0	1
309390	1	1	8502	3600	12	28	0	1
309391	0	1	23329	3710	11	17	0	0
309392	0	0	0	175	11	9	0	1
309393	0	1	39297	800	12	13	0	1
309394	1	1	3138	1032	11	37	1	0
309397	0	0	35178	5000	10	1	0	1
309402	0	0	7552	2000	12	13	0	0
309405	1	1	26031	1600	12	39	1	0
309406	1	1	132	2400	14	16	0	1
309407	1	1	60	4040	12	0	0	1
309409	0	0	0	300	14	15	0	1
309411	1	1	27053	7103	10	16	0	0
309412	1	1	1629	0	12	15	0	0
309417	0	1	6590	2977	11	1	0	1
309418	0	0	23718	9500	13	1	0	0
309425	0	0	303	140	11	28	0	1
309427	1	1	47499	4800	14	9	0	1
309430	0	1	13032	1500	8	2	0	1
309434	0	0	6816	6000	11	1	0	0
309435	1	1	31140	13000	12	17	0	0
309436	0	0	3222	0	16	17	0	1
309438	1	1	39460	0	12	0	0	1
309442	0	1	45822	1064	10	13	0	1
309443	1	1	26064	1530	15	39	1	0
309444	1	1	23538	6000	12	1	0	0
309445	0	1	31979	2000	14	19	0	0
309446	1	1	22094	580	12	2	0	0
309447	0	1	322	11879	12	1	0	0
309449	1	1	30586	8100	12	28	0	0
309450	0	1	96	0	12	19	0	0
309451	0	1	16800	3666	8	9	0	1
309453	1	1	0	500	9	19	0	0
309456	0	1	10132	4680	12	28	0	0
309457	0	1	20401	5000	11	346	1	0
309458	1	1	48938	800	16	16	0	0
309459	0	0	13852	1220	14	16	0	1
309460	0	0	12309	6600	12	13	0	0
309461	1	1	47165	7800	12	13	0	0
309462	0	1	5116	2778	12	39	1	1
309467	1	1	118421	6492	14	13	0	1
309468	0	0	12503	0	12	13	0	0
309469	1	1	750	0	12	16	0	0
309470	1	1	2896	500	10	28	0	0
309472	0	0	23733	5000	10	0	0	0
309473	1	1	34964	3000	16	37	1	0
309479	0	1	37488	3000	12	13	0	0
309481	1	1	8151	0	10	15	0	0
309486	1	1	0	2500	12	16	0	0
309488	0	0	27781	13000	10	13	0	1
309490	0	0	34493	0	12	9	0	0
309493	0	0	2184	0	11	19	0	1
309494	0	0	0	1000	14	16	0	0
309495	0	0	26078	9000	12	16	0	0
309496	1	1	53826	10875	14	16	0	1
309497	1	1	10231	3000	12	1	0	1
309498	1	1	1011	3200	12	2	0	0
309499	1	1	20385	4800	13	19	0	0
309500	1	1	3810	2000	10	39	1	1
309501	1	1	11097	2000	10	39	1	0
309502	0	1	21767	4900	10	1	0	1
309503	1	1	10185	0	9	1	0	0
309506	1	1	0	9600	14	2	0	0
309515	0	1	6266	2200	11	9	0	1
309516	0	1	2007	64	10	13	0	0
309520	0	1	26085	2000	9	2	0	1
309521	1	1	51996	8600	12	1	0	0
309522	1	1	18522	0	10	9	0	1
309523	0	0	23994	3950	12	39	1	1
309525	1	1	38681	6000	12	15	0	1
309526	1	1	16958	488	8	1	0	1
309528	1	1	24350	0	12	15	0	1
309533	0	1	1292	2200	12	13	0	0
309534	1	1	0	0	12	13	0	0
309535	0	1	20846	4500	11	39	1	0
309541	1	1	4741	12000	13	39	1	0
309543	0	0	13780	2391	9	39	1	0
309545	0	0	22443	2720	12	15	0	1
309548	0	0	13498	100	12	15	0	0
309549	1	1	18293	3000	10	9	0	0
309552	0	0	1126	1500	8	19	0	1
309553	1	1	12579	0	12	15	0	0
309564	0	0	0	0	11	1	0	0
309565	0	1	0	0	8	9	0	0
309567	1	1	31485	0	11	37	1	0
309568	1	1	44049	20643	13	0	0	1
309572	0	0	18594	0	12	1	0	0
309575	0	0	12792	0	12	16	0	0
309578	0	0	22777	950	12	17	0	0
309580	0	0	11925	4226	11	13	0	0
309582	0	0	8262	1725	12	0	0	0
309584	1	1	33864	8136	10	17	0	0
309588	0	0	0	0	11	16	0	0
309589	1	0	0	6956	13	15	0	0
309594	0	0	19714	2200	12	9	0	1
309595	0	1	11516	5200	13	17	0	0
309601	1	1	4497	450	13	16	0	1
309604	0	0	16803	7000	10	19	0	0
309608	0	0	27190	3844	12	16	0	0
309612	0	0	3150	200	10	37	1	0
309613	0	1	5445	400	12	13	0	1
309615	1	1	0	2040	14	19	0	0
309616	0	0	24958	0	14	9	0	0
309617	0	0	39984	12000	11	16	0	1
309618	1	1	312	4000	17	19	0	1
309619	0	0	4681	1800	14	39	1	0
309620	0	1	171	800	10	1	0	0
309621	1	1	11883	1005	8	13	0	0
309624	1	1	3966	900	8	13	0	1
309628	1	1	15919	9300	17	16	0	1
309629	1	1	12128	7700	13	39	1	1
309631	0	0	3003	5980	13	9	0	1
309632	0	1	14500	3000	11	13	0	1
309634	1	1	30896	1400	12	9	0	1
309636	0	0	0	0	13	37	1	0
309637	0	1	20763	0	11	1	0	0
309640	1	1	70461	0	8	19	0	1
309641	1	1	15798	5500	11	0	0	1
309642	1	1	23069	6200	12	2	0	0
309644	1	1	29361	9000	11	16	0	1
309650	0	0	2719	8974	11	39	1	1
309651	1	1	35800	0	14	13	0	0
309653	1	1	30759	2200	8	19	0	1
309654	0	0	105	0	10	19	0	0
309656	0	0	1903	8	11	2	0	0
309661	0	0	22110	5000	9	1	0	1
309662	1	1	23279	2794	10	17	0	0
309663	0	0	0	1200	13	13	0	0
309666	1	1	16511	7873	12	39	1	0
309668	0	0	9425	0	12	13	0	1
309673	0	0	8589	7000	14	0	0	1
309674	1	1	3412	4000	12	17	0	0
309675	1	1	3470	1300	15	19	0	0
309676	0	1	0	0	11	1	0	0
309677	0	0	18201	4800	10	19	0	1
309680	1	1	2674	6073	8	16	0	0
309682	0	0	48756	4680	12	13	0	1
309685	0	0	240	0	9	346	1	0
309686	0	1	0	550	13	13	0	0
309688	0	0	47189	9500	10	0	0	1
309689	1	1	0	4000	12	16	0	0
309690	1	1	18795	4300	14	39	1	0
309692	0	0	12352	7500	12	16	0	1
309693	0	1	20661	16873	10	0	0	0
309695	1	1	10464	2971	12	16	0	0
309697	1	1	0	8056	12	39	1	0
309699	1	1	22974	6100	12	13	0	0
309700	1	1	32094	0	12	19	0	0
309701	1	1	37869	8300	12	13	0	0
309702	1	1	59821	6000	14	39	1	1
309704	0	0	27156	14600	9	37	1	1
309707	0	0	20534	2000	12	9	0	1
309708	1	1	13139	0	12	17	0	0
309714	0	0	30408	9000	12	16	0	1
309716	0	0	36339	8600	12	13	0	0
309721	0	1	41542	2600	12	16	0	0
309723	1	1	17043	3172	17	39	1	1
309725	1	1	5913	3000	13	39	1	0
309726	1	1	36	9450	12	17	0	0
309727	0	0	42433	400	12	0	0	1
309728	1	1	8904	1500	11	13	0	0
309729	0	0	1318	10319	13	13	0	0
309730	0	0	9919	0	7	13	0	0
309732	1	1	49263	3000	15	19	0	1
309734	0	0	14580	150	14	15	0	1
309737	0	0	7452	11000	12	13	0	1
309741	1	1	21819	5144	11	16	0	0
309743	0	1	21509	2000	11	13	0	1
309745	1	1	13581	600	12	19	0	1
309747	1	1	21570	1100	11	13	0	1
309748	0	0	1926	1000	9	9	0	1
309750	1	1	0	0	9	40	1	1
309753	0	0	10582	6000	12	15	0	0
309754	0	1	2196	0	12	9	0	1
309756	1	1	58440	8000	12	13	0	1
309757	0	0	34430	1000	12	13	0	0
309758	0	1	147	2500	11	1	0	1
309759	0	0	22238	8437	12	9	0	0
309761	1	1	12378	0	12	16	0	0
309762	0	0	11538	0	12	0	0	0
309764	0	0	4962	240	10	1	0	0
309765	1	1	29590	1530	12	1	0	0
309766	0	0	0	0	12	16	0	0
309768	0	0	32556	3600	11	9	0	0
309771	0	0	11774	12041	12	5	0	1
309772	1	1	10908	0	12	9	0	0
309775	1	1	3147	170	9	28	0	0
309778	0	0	462	0	10	9	0	0
309780	0	0	3339	294	10	17	0	0
309783	0	0	21694	6000	8	2	0	1
309785	0	0	27504	0	9	19	0	0
309788	1	1	4269	3600	13	0	0	0
309792	1	1	2212	200	12	9	0	1
309793	0	0	5784	1000	11	17	0	0
309794	0	0	44175	8000	11	1	0	0
309795	0	1	1453	60	9	0	0	0
309797	1	1	26010	2700	17	15	0	0
309800	0	0	0	6700	12	2	0	1
309802	1	1	8748	4000	8	13	0	0
309804	1	1	687	0	12	15	0	1
309806	0	1	62008	11000	12	13	0	1
309808	1	1	12711	552	11	13	0	1
309810	0	0	39961	8635	12	1	0	0
309813	0	1	38523	0	12	17	0	0
309816	0	0	452	3000	11	39	1	1
309817	0	1	13113	8680	10	5	0	1
309818	1	1	2037	1021	12	9	0	1
309819	0	1	50423	6000	15	13	0	0
309822	0	0	19110	1000	10	9	0	1
309823	0	0	4551	0	12	13	0	0
309824	0	0	36516	98	11	1	0	1
309827	0	0	35407	11600	13	16	0	1
309829	1	1	10120	4000	12	9	0	1
309832	0	1	32011	4800	13	39	1	1
309833	1	1	28848	960	8	13	0	0
309836	1	1	0	0	12	5	0	0
309838	0	1	10351	0	12	17	0	0
309839	0	1	32850	1600	12	39	1	0
309840	0	1	0	0	14	13	0	0
309841	0	0	5721	0	12	1	0	0
309843	0	1	735	0	11	13	0	1
309845	1	1	7465	0	12	37	1	1
309847	0	1	38750	18720	12	13	0	0
309848	0	0	16313	3703	11	9	0	0
309851	0	1	1041	3000	10	16	0	1
309852	0	0	1417	1400	11	13	0	1
309853	0	1	108	3000	12	13	0	1
309854	0	1	33102	4269	11	1	0	0
309855	1	1	17761	6093	13	39	1	0
309856	0	1	0	12800	13	2	0	1
309857	0	0	13335	0	12	13	0	0
309858	0	0	17915	3474	8	13	0	1
309860	0	0	4361	900	10	5	0	1
309861	0	0	23517	0	16	1	0	1
309866	1	1	52497	35288	12	0	0	1
309867	1	1	3375	832	12	19	0	0
309871	1	1	31887	0	12	13	0	1
309877	1	1	32619	0	15	28	0	1
309878	1	1	3190	6000	12	37	1	0
309879	1	1	1750	0	12	346	1	0
309880	1	1	12183	0	12	2	0	0
309882	0	0	15012	0	11	13	0	1
309883	1	1	58653	8500	12	2	0	0
309884	1	1	10191	4870	12	16	0	0
309886	1	1	6849	0	12	19	0	0
309888	0	0	27071	4000	13	13	0	1
309889	0	0	26955	1200	12	16	0	1
309890	0	0	2622	7000	12	15	0	1
309892	0	0	34472	11885	12	39	1	0
309896	0	1	8100	5000	12	39	1	1
309902	0	1	309	0	14	17	0	0
309903	1	1	76260	6000	13	15	0	1
309906	0	0	0	0	12	13	0	1
309907	1	1	2280	2400	12	16	0	1
309908	0	0	40308	9000	16	40	1	1
309911	0	1	37694	2500	13	39	1	0
309912	1	1	3837	7000	16	13	0	1
309917	1	1	3792	1800	11	13	0	0
309925	0	1	1146	1500	16	13	0	0
309932	0	0	2340	2100	10	28	0	1
309935	0	0	16971	1440	12	13	0	0
309936	1	1	0	0	12	19	0	0
309946	0	0	0	4635	12	15	0	0
309947	0	0	35396	0	12	1	0	0
309948	1	1	22923	12000	12	15	0	1
309949	1	1	51990	900	9	0	0	1
309951	0	1	4218	200	8	13	0	0
309952	1	1	12594	6224	12	13	0	0
309956	0	0	2652	6000	11	1	0	1
309957	0	0	1803	1253	10	1	0	0
309960	1	1	6420	7000	11	39	1	1
309961	0	0	0	0	12	13	0	1
309963	0	1	15019	4000	12	13	0	1
309964	1	1	885	0	11	19	0	0
309965	1	1	12406	5000	8	28	0	0
309967	1	1	0	7900	11	37	1	0
309969	0	0	27130	2500	12	13	0	0
309973	1	1	28628	0	12	17	0	0
309975	0	0	920	955	12	16	0	1
309976	0	0	28128	7000	13	37	1	0
309979	0	0	17555	2872	9	9	0	0
309985	1	1	38226	9000	12	1	0	0
309986	0	0	0	3000	12	40	1	1
309988	0	0	9960	3000	9	2	0	1
309990	1	1	37351	10000	12	13	0	0
309991	0	1	60727	500	11	13	0	1
309992	0	0	26514	6000	14	13	0	0
309997	1	1	3903	6566	8	19	0	0
309998	1	1	2372	12000	11	39	1	1
309999	0	0	31485	0	12	19	0	0
310000	1	1	0	0	12	17	0	1
310001	1	1	1917	0	12	9	0	0
310004	0	0	10034	2520	12	346	1	1
310007	1	1	50253	711	11	0	0	0
310012	0	0	0	0	8	346	1	0
310015	0	1	0	0	10	39	1	0
310019	0	0	30408	15600	12	13	0	1
310022	0	0	19592	8000	13	28	0	0
310023	0	0	19675	0	12	5	0	0
310025	1	1	21347	1800	10	1	0	1
310027	0	1	0	0	11	19	0	0
310028	1	1	11979	2304	12	13	0	0
310031	0	1	11244	4500	13	13	0	1
310032	1	1	0	0	12	13	0	0
310034	0	1	0	7040	12	19	0	0
310035	0	0	783	0	15	15	0	0
310038	0	1	135	800	9	1	0	1
310040	0	1	3003	0	11	13	0	0
310042	1	1	40650	12000	12	16	0	0
310043	0	0	24910	9000	12	39	1	1
310046	0	0	17844	700	12	13	0	1
310048	1	1	49117	220	14	2	0	1
310049	0	1	15957	11000	13	19	0	0
310050	0	1	2312	0	12	17	0	1
310055	1	1	16672	0	10	13	0	1
310057	1	1	24939	6000	11	13	0	1
310060	0	1	3162	520	10	9	0	0
310062	1	1	29191	0	12	17	0	1
310065	0	1	17967	0	12	28	0	1
310067	0	0	54	0	11	19	0	0
310069	1	1	37884	6513	12	39	1	1
310070	1	1	11635	1700	12	16	0	0
310072	0	1	32216	1800	12	13	0	1
310073	0	0	7470	875	11	13	0	0
310085	1	1	16419	0	13	17	0	0
310087	1	1	20349	10000	12	39	1	1
310088	0	0	846	0	9	9	0	0
310092	1	1	0	0	12	19	0	0
310096	0	0	13642	5600	12	13	0	0
310097	0	0	0	0	8	9	0	1
310100	0	1	20536	20000	16	19	0	1
310101	1	1	6588	0	8	19	0	1
310103	0	0	18905	4500	12	13	0	0
310111	0	1	0	1120	12	13	0	1
310117	1	1	12753	0	12	37	1	0
310118	1	1	4597	4800	12	17	0	0
310119	0	0	1210	8000	12	13	0	1
310122	0	0	1642	0	11	9	0	0
310123	0	0	195	0	9	13	0	0
310125	0	1	4628	1200	11	346	1	1
310127	1	1	28631	176	12	0	0	0
310129	0	1	22730	12500	9	13	0	1
310130	1	1	16935	140	12	15	0	0
310131	0	0	13976	5760	8	9	0	0
310134	1	1	609	9000	12	13	0	1
310135	1	1	7218	3575	12	17	0	0
310137	0	1	1325	339	12	0	0	0
310145	0	1	6042	4500	13	2	0	1
310146	0	0	45693	15000	12	28	0	1
310147	0	0	72745	4462	14	13	0	1
310148	0	0	0	0	12	17	0	0
310151	1	1	22284	1200	12	13	0	1
310152	0	0	2517	6000	12	13	0	0
310153	1	1	4719	5720	8	19	0	1
310154	1	1	42071	1949	10	9	0	1
310157	1	1	0	0	15	346	1	0
310160	0	0	37279	8000	12	13	0	0
310161	0	1	33975	8000	14	15	0	1
310170	0	1	4333	0	14	2	0	0
310173	0	0	17331	20480	13	16	0	1
310175	1	1	25586	800	17	40	1	1
310177	0	0	17438	9100	14	39	1	0
310185	1	1	5239	4000	12	346	1	0
310186	0	0	1806	0	8	1	0	0
310191	1	1	12526	8	12	9	0	1
310195	0	0	249	1200	12	13	0	0
310197	0	0	28728	0	12	40	1	0
310198	1	1	25606	0	11	37	1	0
310200	1	1	2427	0	12	9	0	1
310203	1	1	33639	11600	8	1	0	0
310204	0	1	13562	4000	10	16	0	1
310205	0	1	1485	2000	12	13	0	1
310208	1	1	0	0	13	0	0	0
310209	1	1	18078	7372	12	19	0	0
310210	0	1	28131	11000	12	13	0	0
310212	0	1	366	0	10	19	0	0
310213	1	1	23005	0	12	9	0	0
310218	0	1	1930	0	12	37	1	1
310219	1	1	2352	400	10	2	0	0
310221	0	1	14547	0	10	13	0	0
310222	1	1	8517	0	12	17	0	0
310227	1	1	5196	1000	16	1	0	0
310228	0	0	6629	6171	12	17	0	0
310235	0	0	29106	0	16	15	0	0
310236	0	0	30281	0	9	1	0	0
310238	1	1	30249	300	9	1	0	0
310239	0	0	104528	0	13	16	0	1
310240	0	0	3588	0	12	9	0	0
310242	0	1	0	7000	8	2	0	1
310244	0	1	42106	5000	13	1	0	0
310245	0	0	50016	28000	8	13	0	1
310246	1	1	26812	0	12	2	0	0
310247	0	0	11691	5600	12	13	0	0
310250	1	1	1569	10523	16	0	0	1
310252	0	0	0	2000	8	1	0	1
310257	1	0	6168	12000	12	2	0	0
310258	0	1	9732	290	10	19	0	1
310259	1	1	13724	15000	10	13	0	1
310262	1	1	11640	0	12	13	0	0
310263	0	0	5058	160	8	19	0	0
310264	0	1	6624	4000	13	19	0	1
310266	0	0	25464	0	12	17	0	1
310269	0	0	1490	554	8	9	0	1
310275	0	0	0	8000	8	19	0	1
310276	0	1	21231	5785	12	0	0	0
310277	0	0	33282	8000	12	15	0	1
310278	1	1	19025	6000	10	1	0	1
310279	0	0	0	0	9	0	0	1
310281	0	0	5232	1777	12	13	0	0
310282	0	0	1607	0	9	19	0	0
310286	1	1	32544	80	9	1	0	1
310287	0	0	13089	2487	12	13	0	0
310289	0	1	23341	13000	12	13	0	0
310290	0	1	9615	6000	14	13	0	0
310291	1	1	16263	500	12	1	0	0
310294	1	1	34470	6000	12	13	0	0
310297	0	0	0	0	8	2	0	1
310298	1	1	40925	0	12	1	0	0
310301	0	0	61	0	11	16	0	0
310303	1	1	6864	900	12	0	0	0
310304	1	1	21291	0	12	0	0	0
310306	0	1	0	0	12	28	0	0
310309	0	0	18250	6000	9	9	0	0
310310	1	1	90987	0	12	19	0	1
310312	1	1	120	500	12	13	0	1
310314	0	0	2450	250	10	17	0	0
310315	0	1	8304	629	9	13	0	1
310317	1	1	2043	0	11	15	0	0
310328	1	1	25064	0	9	2	0	0
310332	1	1	22723	9000	14	17	0	1
310333	1	1	20612	13566	12	5	0	1
310335	1	1	46228	1600	12	0	0	1
310340	1	1	10515	2191	12	16	0	0
310342	1	1	1617	2580	10	1	0	1
310346	0	1	2433	0	10	13	0	0
310347	0	0	11100	0	12	28	0	0
310348	1	1	0	0	12	1	0	0
310349	1	1	27885	0	11	13	0	1
310352	0	0	1723	4100	16	13	0	1
310353	1	1	12849	2000	12	13	0	0
310356	0	0	14107	0	12	13	0	0
310357	0	0	6972	0	9	9	0	0
310359	0	1	19542	0	12	13	0	0
310365	0	0	30286	4575	14	0	0	1
310366	0	0	10599	2000	12	17	0	0
310368	0	0	85203	8000	16	9	0	1
310370	0	1	45	4000	12	19	0	1
310371	0	0	14282	4800	12	39	1	1
310377	1	1	26492	5000	12	13	0	0
310378	0	1	12411	2000	12	13	0	1
310380	0	1	20997	600	12	13	0	0
310384	1	1	20973	8000	12	0	0	1
310385	0	0	0	676	12	37	1	0
310387	0	0	909	652	12	1	0	0
310396	0	0	15374	4000	12	9	0	1
310400	1	1	37505	6282	11	39	1	0
310401	0	0	58146	20000	12	16	0	1
310404	0	1	27822	3010	12	13	0	1
310409	1	1	8994	2640	12	346	1	0
310414	1	1	31715	800	13	15	0	1
310423	0	0	57261	4900	16	13	0	1
310424	0	1	0	1382	8	1	0	1
310426	1	1	100	6373	13	13	0	0
310429	1	1	6998	200	12	13	0	1
310431	0	0	8820	3160	12	17	0	0
310433	1	1	8382	2300	12	13	0	0
310434	1	1	1324	3000	13	17	0	0
310438	0	1	0	4800	16	13	0	1
310439	1	1	9018	1368	12	19	0	0
310447	1	1	321	0	12	17	0	0
310454	0	0	0	2976	8	1	0	1
310455	1	1	20382	5000	15	15	0	1
310457	0	0	9266	1500	13	9	0	0
310458	1	0	36552	500	11	37	1	0
310462	0	0	0	7998	14	39	1	1
310465	0	0	2100	5000	11	39	1	0
310466	0	0	0	0	8	9	0	0
310472	0	0	21277	100	12	9	0	0
310473	0	1	5940	500	12	5	0	0
310476	1	1	51198	13000	17	13	0	1
310477	0	1	0	0	8	13	0	1
310482	1	1	13562	2000	13	13	0	0
310485	1	1	26133	5616	12	17	0	0
310487	1	1	25897	0	10	13	0	1
310488	0	0	1368	14000	12	39	1	1
310493	1	1	22171	11400	9	13	0	0
310494	1	1	70155	0	9	19	0	1
310497	1	1	1534	4500	14	16	0	0
310501	1	1	8040	0	10	9	0	0
310502	0	0	13827	6000	12	13	0	0
310504	1	1	11327	5683	11	15	0	1
310511	0	1	35694	3200	17	15	0	1
310514	1	1	0	3000	10	9	0	0
310515	1	1	63713	1020	12	1	0	0
310517	0	1	3286	3000	14	13	0	1
310520	1	1	2991	0	11	19	0	1
310523	1	1	10411	3362	12	9	0	0
310526	1	1	4518	1524	11	13	0	0
310529	0	1	50861	5760	16	13	0	0
310533	0	0	23847	5486	9	13	0	0
310534	0	1	0	3000	12	2	0	1
310536	0	0	26107	0	10	40	1	1
310537	1	1	1744	300	12	13	0	0
310539	0	0	7020	0	14	16	0	1
310541	1	1	1254	300	13	0	0	1
310543	0	1	26288	780	14	19	0	1
310544	0	0	29931	19800	12	28	0	1
310546	0	1	15073	7000	12	13	0	1
310551	0	0	2008	0	11	19	0	0
310552	1	1	30432	402	10	17	0	1
310556	0	0	2829	1440	9	17	0	0
310557	1	1	13705	59	12	15	0	0
310558	1	1	31650	0	9	17	0	0
310560	1	1	15633	6600	12	13	0	0
310561	1	1	33287	860	14	13	0	1
310563	0	1	19146	78	13	13	0	0
310564	1	1	1704	3000	11	13	0	1
310565	1	1	17358	146	12	28	0	0
310568	1	1	25887	0	11	39	1	0
310571	0	1	408	6612	11	39	1	0
310574	0	1	87	0	14	5	0	0
310575	0	0	34236	9000	11	1	0	1
310576	1	1	9763	1580	12	17	0	1
310581	0	0	20430	5148	9	13	0	0
310582	1	1	5991	0	12	19	0	1
310585	0	0	45194	18000	16	9	0	0
310588	1	1	3618	728	9	19	0	1
310589	0	0	5988	2500	12	19	0	1
310592	0	1	17610	4000	14	13	0	1
310594	0	0	7377	3115	12	37	1	0
310595	1	1	19634	3700	12	5	0	1
310597	0	0	25053	0	11	1	0	1
310598	1	1	20961	2000	12	1	0	0
310602	1	1	3986	2700	8	1	0	0
310603	1	1	27056	3464	10	39	1	1
310605	1	1	28749	3692	13	39	1	0
310606	0	0	1209	5200	12	19	0	1
310610	1	1	15569	0	12	13	0	1
310612	1	1	33206	4000	12	0	0	1
310614	1	1	0	397	11	0	0	1
310615	1	1	7398	2400	12	17	0	0
310617	1	1	16449	400	11	28	0	1
310618	0	1	3123	647	12	13	0	1
310622	1	1	55182	9240	11	39	1	1
310624	0	1	1086	4000	11	1	0	1
310626	1	1	9447	0	9	13	0	1
310629	0	0	15003	8000	12	0	0	1
310632	0	0	0	300	10	39	1	0
310633	1	1	17168	5400	13	16	0	0
310636	1	0	7718	0	12	17	0	0
310641	1	1	6520	2000	12	17	0	0
310642	1	1	874	12000	10	13	0	1
310643	1	1	47205	28000	17	16	0	1
310644	1	1	18270	2222	9	39	1	1
310647	0	1	6835	2500	10	346	1	1
310650	1	1	10565	1000	11	13	0	0
310651	0	0	0	0	12	9	0	0
310656	1	1	57	32	12	39	1	0
310657	0	0	44442	0	12	19	0	0
310658	0	0	36147	6000	12	13	0	0
310661	0	0	0	200	13	19	0	0
310662	0	1	44601	10000	10	19	0	0
310664	1	1	9110	0	10	19	0	1
310668	0	0	10287	4473	11	16	0	0
310669	0	1	27683	0	13	9	0	1
310673	1	1	21710	1347	12	39	1	0
310676	0	1	0	960	11	2	0	1
310678	1	1	18990	3000	12	1	0	0
310682	1	1	51741	0	12	9	0	1
310684	0	0	1365	1600	12	0	0	1
310685	1	1	39441	0	12	37	1	0
310688	1	1	6495	4480	11	28	0	0
310689	1	1	45701	3000	12	16	0	1
310690	1	1	4663	0	12	13	0	1
310691	0	1	27990	2000	12	9	0	1
310692	0	0	16974	725	8	1	0	1
310693	0	0	17236	12000	12	28	0	1
310694	0	1	6646	1400	13	2	0	0
310696	1	1	4731	0	10	9	0	1
310698	1	1	3031	270	12	9	0	0
310700	1	1	0	0	12	17	0	0
310702	1	1	2180	890	11	0	0	0
310705	0	0	14742	900	7	37	1	1
310706	1	1	925	0	12	13	0	0
310708	0	1	4215	3120	12	13	0	0
310709	0	0	4560	200	12	13	0	1
310710	0	0	24156	5000	9	1	0	0
310713	1	1	2543	16000	12	13	0	1
310715	1	1	0	6240	12	1	0	0
310718	1	0	6324	0	11	17	0	1
310721	0	1	672	700	9	9	0	0
310723	0	0	33140	9000	8	1	0	1
310725	1	1	16328	0	12	15	0	1
310728	0	0	9969	850	12	5	0	1
310731	1	1	17448	1646	12	28	0	0
310733	0	0	0	98	12	1	0	0
310734	0	1	31689	1020	10	19	0	0
310736	1	1	18093	5000	12	13	0	0
310739	1	1	5961	165	12	15	0	0
310740	1	1	0	260	11	13	0	0
310741	0	0	0	0	12	17	0	0
310744	1	1	25439	0	10	37	1	1
310746	0	0	5451	0	12	17	0	0
310747	0	1	0	379	9	13	0	0
310750	0	1	19509	200	14	15	0	0
310754	1	1	1752	5000	9	1	0	1
310755	0	1	33276	418	12	13	0	1
310756	0	0	1581	0	11	2	0	0
310762	0	0	846	6614	12	16	0	0
310763	0	1	15138	1600	14	13	0	1
310768	0	1	0	0	9	13	0	1
310771	1	1	26923	521	12	2	0	0
310772	1	1	10587	6	12	15	0	1
310775	0	1	4446	200	12	1	0	0
310777	1	1	20808	17000	12	1	0	1
310782	0	0	13961	5000	10	13	0	0
310785	0	0	929	1488	10	0	0	1
310787	1	1	3735	0	12	17	0	1
310789	1	1	3336	4900	9	1	0	0
310790	1	1	0	0	8	19	0	0
310793	0	0	18012	700	10	39	1	1
310795	1	1	2034	36	12	15	0	0
310805	0	1	12348	2160	12	13	0	0
310806	1	1	14026	2300	12	17	0	1
310807	1	1	0	0	10	19	0	0
310813	0	1	2761	0	9	346	1	0
310816	1	1	0	0	13	37	1	0
310818	0	0	7731	3000	11	39	1	1
310819	1	1	1393	1000	12	1	0	1
310828	1	1	0	0	11	39	1	0
310832	0	0	0	0	10	37	1	1
310833	1	1	31170	0	13	19	0	0
310834	0	1	39260	0	12	13	0	0
310837	0	0	20181	5760	10	16	0	1
310840	0	0	14247	5000	9	9	0	0
310843	0	0	27323	4462	12	17	0	0
310844	0	0	64911	0	12	0	0	1
310846	1	1	13934	6000	8	39	1	1
310847	1	1	12264	800	10	9	0	0
310851	1	1	390	3444	12	13	0	0
310852	1	1	23544	400	13	9	0	1
310853	1	1	14988	0	12	15	0	0
310855	1	1	10248	6400	12	19	0	1
310856	0	0	10395	90	12	13	0	0
310857	0	0	903	0	12	19	0	0
310859	0	1	40858	8000	14	2	0	0
310860	1	1	13381	1350	10	17	0	0
310864	0	0	8883	15600	8	13	0	1
310865	0	0	10851	900	12	39	1	1
310868	1	1	6940	1000	12	16	0	0
310869	0	0	43976	6500	10	13	0	1
310870	0	1	0	7000	12	15	0	1
310872	0	0	28161	248	11	15	0	1
310878	1	1	1998	520	13	1	0	1
310880	0	1	19044	2000	12	13	0	0
310882	0	0	15714	0	12	17	0	0
310885	1	1	41680	4000	12	0	0	0
310886	0	0	0	150	12	16	0	0
310889	0	0	4144	1100	12	39	1	1
310894	1	1	11003	6000	12	1	0	1
310896	0	0	783	6	11	2	0	1
310898	1	1	3363	0	11	1	0	0
310905	0	0	0	0	12	19	0	0
310907	0	0	4669	2320	12	17	0	1
310908	0	0	3639	900	12	37	1	0
310909	0	1	0	500	11	13	0	1
310914	1	1	10209	0	12	17	0	0
310916	0	0	0	0	12	19	0	0
310918	0	1	34044	0	13	15	0	0
310923	1	1	2392	4700	16	16	0	1
310924	1	1	0	0	12	9	0	0
310927	0	0	29931	6800	14	39	1	0
310931	0	1	28872	3500	11	37	1	1
310934	0	0	25632	8000	13	13	0	1
310936	0	0	24951	900	10	2	0	1
310938	1	1	1986	0	12	39	1	0
310942	1	1	16892	0	11	9	0	1
310943	0	0	13981	2876	11	39	1	1
310945	0	1	8553	0	10	9	0	1
310946	0	0	10569	0	11	28	0	0
310947	0	1	25691	5000	12	15	0	1
310949	0	0	16307	500	12	1	0	0
310951	0	0	17915	500	13	13	0	0
310953	1	1	5328	2299	12	37	1	0
310955	0	0	19553	5000	13	9	0	1
310956	0	0	18950	0	12	17	0	0
310957	0	0	12716	2428	13	0	0	0
310960	0	1	14465	1608	13	13	0	0
310963	1	1	23727	2848	13	0	0	1
310964	0	1	27340	0	12	13	0	0
310968	1	1	31431	2212	8	39	1	0
310971	1	1	1028	0	11	2	0	0
310972	0	0	1236	0	10	28	0	0
310974	0	1	63673	18000	9	13	0	1
310978	1	1	27085	9344	15	37	1	1
310983	0	1	5991	1000	11	16	0	1
310984	0	1	16869	1783	12	13	0	1
310986	0	0	0	0	12	13	0	0
310987	0	0	29400	12000	11	9	0	1
310988	1	1	54591	14000	12	13	0	1
310990	1	1	33836	1840	12	17	0	0
310992	0	1	0	2000	12	28	0	1
310993	1	1	78	700	16	16	0	1
310996	0	1	27926	1000	11	9	0	1
311001	0	0	21381	6000	10	13	0	1
311003	0	1	22320	12000	12	13	0	1
311004	1	1	0	1506	12	1	0	0
311006	0	0	11685	0	9	13	0	1
311008	0	1	26055	1120	12	19	0	1
311009	1	1	28134	3000	12	15	0	1
311012	0	0	0	0	12	13	0	0
311014	1	1	0	0	13	17	0	0
311016	1	1	31645	1102	12	19	0	0
311017	0	0	796	6120	12	17	0	0
311021	0	0	7986	558	11	1	0	0
311023	1	1	5106	0	10	1	0	1
311024	0	1	5789	7878	10	1	0	1
311025	1	1	4353	0	10	37	1	0
311029	0	1	604	7200	10	13	0	1
311038	0	0	3409	1600	12	17	0	1
311039	1	1	10396	0	12	13	0	0
311040	0	0	7337	4500	10	19	0	1
311041	0	0	4608	1000	11	1	0	0
311043	1	1	28884	1000	12	13	0	0
311045	1	1	2493	6000	12	17	0	0
311046	1	1	18014	0	8	16	0	0
311047	1	1	25268	0	8	19	0	1
311048	0	0	18213	6000	12	1	0	0
311050	0	0	9849	4000	12	17	0	1
311052	1	1	621	0	12	17	0	1
311054	1	1	31235	0	14	19	0	0
311056	0	1	0	0	12	346	1	0
311057	1	1	0	0	12	17	0	0
311059	0	1	0	300	10	9	0	1
311064	1	1	30228	0	11	9	0	1
311065	0	1	2786	1000	12	17	0	1
311068	1	1	26265	5300	12	13	0	1
311069	1	1	15655	0	13	17	0	0
311070	0	1	44614	2400	12	13	0	1
311072	1	1	0	0	11	15	0	0
311073	0	0	2776	9000	12	39	1	0
311074	0	0	11406	200	11	15	0	1
311075	1	1	12751	0	11	9	0	1
311076	1	1	1065	0	12	9	0	1
311077	0	1	0	0	9	39	1	0
311078	0	1	438	0	10	13	0	1
311079	1	1	6255	0	12	1	0	0
311080	0	0	29629	8000	12	39	1	1
311082	1	1	22251	0	12	19	0	1
311083	1	1	0	2558	9	9	0	0
311087	1	1	27233	0	12	13	0	0
311088	1	1	28453	0	13	15	0	0
311089	0	0	10934	2300	12	13	0	1
311092	0	1	0	6000	12	2	0	1
311095	0	1	17271	7261	12	9	0	0
311096	0	0	0	0	11	9	0	0
311097	1	1	3036	0	12	13	0	0
311103	0	1	33640	2343	12	37	1	0
311104	1	1	38486	5980	14	16	0	0
311105	0	0	0	0	12	40	1	0
311106	0	0	20758	8216	12	1	0	0
311109	1	1	46564	0	11	1	0	0
311111	1	1	203	1200	9	17	0	0
311113	0	1	6518	1000	14	39	1	0
311117	1	1	52265	18000	10	13	0	1
311118	1	1	63656	18000	16	40	1	1
311121	0	1	972	0	10	9	0	0
311127	1	1	15409	2000	16	16	0	1
311128	0	0	10173	0	10	28	0	1
311129	1	1	57785	2560	12	13	0	0
311130	1	1	23927	7681	12	39	1	1
311132	1	1	35490	0	12	17	0	0
311133	1	1	29916	10	12	1	0	0
311135	1	1	27064	13156	12	0	0	1
311136	1	1	36720	3000	13	13	0	0
311138	1	1	17355	6807	11	0	0	0
311139	0	0	10080	0	12	17	0	0
311141	1	1	0	1400	8	13	0	1
311143	0	0	19032	4162	12	13	0	1
311145	0	1	13789	0	8	13	0	1
311148	1	1	918	1800	12	13	0	0
311149	1	1	20682	0	8	9	0	0
311154	0	0	1202	7500	12	13	0	0
311156	0	0	32447	12000	12	39	1	1
311157	0	0	17460	0	10	9	0	1
311160	1	1	22364	7500	12	15	0	1
311161	0	1	294	0	12	1	0	0
311163	1	1	22473	7230	12	16	0	1
311167	1	1	13581	6000	12	0	0	1
311169	0	1	3762	600	15	37	1	0
311171	1	1	12627	3000	12	13	0	0
311172	0	1	0	0	10	28	0	1
311173	0	1	24203	3000	10	5	0	1
311179	1	1	0	9500	12	9	0	0
311183	0	0	15945	4520	11	13	0	0
311184	0	0	21765	1107	14	9	0	0
311188	0	0	0	7056	12	16	0	0
311189	0	1	1274	500	10	2	0	0
311193	1	1	2322	0	11	15	0	1
311197	0	1	20238	4962	12	9	0	0
311201	1	1	49242	10720	12	13	0	1
311202	0	0	3684	0	12	13	0	0
311203	1	1	51	0	13	1	0	1
311204	1	1	0	0	14	16	0	0
311206	0	0	0	0	12	2	0	0
311207	0	0	29343	0	12	13	0	0
311208	0	1	12504	98	12	13	0	1
311209	0	0	22959	7500	12	1	0	0
311216	0	1	26191	1500	12	13	0	1
311218	1	1	31911	3000	10	19	0	0
311220	0	0	1149	5000	11	13	0	1
311222	1	1	53439	3542	9	13	0	1
311223	1	1	5496	2000	9	15	0	1
311228	0	0	29957	7000	12	17	0	0
311233	1	1	2542	4000	13	37	1	1
311240	1	1	10275	800	12	17	0	0
311242	0	0	15119	5014	11	39	1	1
311243	0	1	21969	0	9	28	0	0
311246	1	1	0	1914	10	17	0	0
311247	0	1	0	750	9	9	0	1
311248	1	1	933	0	11	9	0	0
311249	0	0	5019	2759	10	1	0	1
311252	1	1	7092	300	12	13	0	0
311253	1	1	0	960	12	19	0	0
311256	0	1	3933	1284	14	40	1	0
311257	0	0	25929	5200	8	16	0	1
311258	1	1	19046	4436	13	13	0	0
311261	0	0	33063	8500	13	37	1	0
311265	1	1	0	0	13	16	0	0
311266	1	1	9607	8700	14	16	0	0
311267	0	1	2772	4000	10	9	0	1
311269	1	1	690	0	9	1	0	0
311270	0	1	4938	5928	12	39	1	0
311272	0	0	34182	200	14	13	0	0
311274	1	1	18084	900	11	19	0	0
311275	0	0	50630	9401	10	13	0	0
311276	1	1	15458	9360	12	28	0	0
311277	1	1	3756	0	12	19	0	1
311280	0	0	10947	5440	12	9	0	0
311283	1	1	0	650	13	9	0	0
311285	1	1	0	3100	12	19	0	1
311289	1	1	0	5000	10	5	0	1
311290	0	1	4683	0	12	19	0	0
311292	0	1	42445	3000	12	13	0	1
311293	0	1	0	2680	17	16	0	1
311295	1	1	8092	12000	16	5	0	1
311299	1	1	16028	715	12	17	0	0
311300	0	1	28474	7000	14	13	0	0
311301	0	0	26127	4000	17	39	1	1
311303	1	1	10104	3000	9	19	0	1
311310	1	1	27476	6000	12	13	0	1
311314	1	1	43524	3460	12	39	1	0
311315	0	0	18695	1072	12	17	0	0
311316	0	0	0	588	12	19	0	1
311321	0	0	2260	0	16	13	0	0
311323	0	1	0	5000	12	17	0	0
311326	0	1	5635	10800	12	13	0	1
311327	0	0	9531	4000	12	13	0	0
311328	0	0	0	0	12	2	0	0
311330	1	1	15348	2340	17	39	1	0
311331	0	0	1458	0	12	19	0	0
311333	1	1	435	0	12	1	0	0
311336	0	1	0	0	8	0	0	0
311340	1	1	0	0	7	19	0	0
311342	1	1	1749	0	14	19	0	1
311345	0	0	26317	4000	13	9	0	1
311349	0	0	25020	0	12	17	0	0
311357	0	0	2660	4400	10	9	0	1
311360	0	0	15378	8000	12	2	0	0
311361	1	1	56150	5100	11	0	0	1
311363	0	0	39735	5086	13	13	0	1
311366	1	1	11867	0	13	5	0	0
311367	1	1	28213	550	13	9	0	1
311368	0	1	4913	230	12	13	0	0
311370	1	1	24825	8000	11	19	0	0
311376	1	1	7751	9200	12	17	0	1
311378	0	1	312	2400	8	39	1	1
311379	0	1	20025	2500	12	13	0	0
311385	1	1	44303	2000	12	2	0	1
311386	1	1	20193	0	12	2	0	0
311388	1	1	0	1998	16	16	0	0
311389	0	0	32119	6500	12	13	0	1
311390	0	1	41871	7000	12	13	0	0
311391	1	1	15682	0	12	17	0	0
311394	0	0	0	7441	12	39	1	0
311395	0	0	15981	1530	12	13	0	0
311396	1	1	40517	3306	14	16	0	1
311398	0	0	35883	0	10	39	1	0
311406	1	1	21524	910	10	5	0	1
311407	1	1	26014	0	12	13	0	0
311408	0	0	18384	5229	14	17	0	1
311417	0	0	6774	2680	12	13	0	1
311419	1	1	38849	0	15	0	0	1
311421	1	1	22851	1000	12	13	0	1
311423	1	1	20366	7661	12	17	0	0
311426	0	1	28186	2830	12	39	1	1
311427	1	1	22874	2000	12	13	0	0
311428	0	1	6204	8324	12	39	1	1
311429	0	0	16326	3000	11	346	1	0
311433	0	0	0	0	11	15	0	0
311436	0	0	63474	4800	16	15	0	1
311437	0	1	18848	2000	8	0	0	1
311438	1	1	0	0	12	17	0	0
311444	1	1	9968	5000	10	13	0	1
311445	0	0	13035	0	10	13	0	1
311447	0	0	0	0	11	37	1	0
311449	0	1	0	90	10	2	0	1
311450	0	0	0	335	8	1	0	0
311453	1	1	32496	1000	12	9	0	1
311454	1	1	22185	0	11	17	0	0
311455	1	1	0	0	12	16	0	1
311456	0	0	2253	3005	11	5	0	1
311457	0	1	8092	10000	9	39	1	1
311458	1	1	21118	1072	9	17	0	0
311461	0	0	5211	850	12	15	0	0
311464	0	0	30618	3660	12	2	0	0
311466	1	1	26091	557	12	13	0	0
311467	1	1	5250	0	12	13	0	1
311472	0	1	44	1120	9	19	0	1
311474	1	1	35999	2500	12	15	0	0
311475	0	1	999	0	12	39	1	1
311476	0	1	204	0	10	9	0	0
311478	1	1	0	0	10	39	1	0
311480	1	1	27579	3862	14	16	0	0
311481	0	0	201	700	13	13	0	0
311483	0	0	49465	5800	12	1	0	1
311489	0	0	33466	9000	11	0	0	1
311490	0	1	20103	2000	12	13	0	1
311493	1	0	17692	180	12	13	0	1
311498	1	1	18492	8500	12	16	0	1
311500	0	1	41912	7500	13	1	0	0
311501	0	0	22200	700	10	37	1	0
311503	1	1	21279	4000	12	0	0	1
311506	0	1	28409	2602	12	28	0	0
311510	1	1	7893	2700	12	13	0	0
311512	0	0	4233	2700	12	15	0	1
311514	1	1	24075	0	14	17	0	1
311516	1	1	199	2010	9	17	0	1
311519	1	1	9497	4200	14	2	0	1
311521	1	1	30835	3900	12	37	1	1
311524	0	1	271	7800	11	15	0	1
311526	1	1	0	0	8	9	0	1
311527	1	1	10339	0	11	16	0	0
311528	1	1	1135	5500	12	39	1	0
311530	0	0	2274	3000	12	1	0	1
311533	1	1	24580	8000	9	19	0	0
311534	0	1	6603	1132	12	16	0	0
311535	1	1	15237	3000	12	13	0	1
311536	0	1	0	0	8	15	0	0
311537	1	1	63717	7000	12	13	0	0
311539	1	1	50930	3000	14	37	1	1
311541	0	0	21021	536	11	39	1	0
311545	1	1	61347	10000	12	16	0	1
311547	0	0	6105	4500	13	9	0	0
311548	1	1	18318	400	12	9	0	1
311549	0	0	1542	3840	10	16	0	0
311551	0	0	4620	600	12	19	0	1
311553	0	0	7008	0	10	9	0	0
311554	1	1	19110	0	12	28	0	0
311555	0	0	483	0	9	13	0	0
311557	0	0	0	0	11	13	0	0
311558	0	1	26428	10200	12	39	1	1
311560	1	1	11018	1000	12	13	0	1
311563	1	1	1245	3000	13	37	1	0
311565	1	1	18616	10500	14	16	0	1
311566	0	1	6201	7000	9	19	0	0
311567	0	0	30299	2700	13	13	0	1
311568	1	1	4187	1500	12	17	0	0
311570	0	1	1764	6257	9	13	0	1
311571	0	1	897	0	9	19	0	0
311572	1	0	12297	200	11	17	0	0
311576	1	1	17031	800	14	39	1	1
311579	1	1	24018	2500	12	16	0	1
311580	1	1	2235	0	11	1	0	0
311581	1	1	4932	0	12	19	0	0
311582	0	0	765	2000	14	13	0	0
311583	0	0	6406	5000	12	15	0	1
311584	1	1	372	0	12	1	0	0
311585	1	1	5608	600	12	15	0	1
311589	1	1	2074	5000	9	13	0	1
311592	1	1	6497	0	10	19	0	1
311593	0	0	38969	3000	12	1	0	1
311594	0	0	20510	5	12	13	0	1
311595	0	1	0	0	14	28	0	0
311598	0	0	8895	4800	9	13	0	0
311599	0	0	0	0	9	9	0	1
311601	1	1	43589	0	11	39	1	0
311605	1	1	143	72	12	9	0	0
311607	0	0	18790	0	12	13	0	1
311612	0	1	15938	250	13	1	0	0
311614	0	0	5880	1200	12	16	0	0
311621	1	1	20100	1876	8	1	0	0
311622	1	1	29874	0	13	13	0	1
311629	1	1	11091	0	12	13	0	0
311630	1	1	25510	11317	10	16	0	1
311631	0	1	13067	4000	11	39	1	1
311632	1	1	16899	1227	9	9	0	1
311636	1	1	23493	9808	13	0	0	0
311639	1	1	10888	0	14	2	0	0
311640	0	1	27371	0	15	17	0	0
311643	1	1	40945	0	12	40	1	1
311646	0	0	0	536	11	28	0	0
311647	1	1	12777	400	9	1	0	0
311650	1	1	8574	4500	9	16	0	0
311655	1	1	27876	10208	12	1	0	0
311657	0	0	19872	0	12	13	0	1
311658	0	1	6805	0	10	9	0	1
311660	0	0	38018	0	10	346	1	0
311661	0	0	12373	992	12	39	1	1
311662	0	1	1302	1500	11	13	0	0
311664	0	0	21631	100	12	9	0	0
311665	1	1	35142	9000	9	19	0	1
311669	1	1	18336	0	9	16	0	1
311670	1	1	0	0	9	13	0	0
311672	0	0	15069	2440	11	0	0	1
311673	1	1	1557	0	10	9	0	1
311674	1	1	46110	20160	12	28	0	1
311675	0	0	23952	4200	12	37	1	0
311676	0	1	0	0	10	19	0	0
311677	0	1	28090	2232	12	0	0	0
311678	1	1	3270	4000	10	37	1	0
311679	0	1	0	240	14	19	0	1
311682	0	0	34245	0	8	9	0	0
311686	0	0	5184	3500	11	2	0	1
311688	1	1	18811	0	12	1	0	1
311693	0	0	20178	3366	12	9	0	0
311696	1	1	8439	3000	15	16	0	0
311697	0	1	99	600	12	13	0	1
311699	1	1	3816	400	12	17	0	1
311700	0	1	6375	0	9	1	0	0
311707	1	1	14748	4200	11	13	0	0
311709	1	1	19533	3000	17	39	1	0
311710	0	0	8050	5618	12	39	1	0
311712	0	1	2728	3000	11	39	1	0
311715	1	1	0	8100	13	2	0	1
311722	0	0	0	0	12	9	0	1
311724	1	1	2537	1300	8	1	0	0
311725	1	1	8274	7000	16	16	0	1
311727	1	1	2271	0	10	1	0	1
311731	0	0	627	2520	10	1	0	1
311732	0	0	18129	1120	12	17	0	1
311733	1	1	0	2500	12	2	0	1
311734	0	1	0	0	11	5	0	1
311735	0	1	13513	7500	12	13	0	1
311736	1	1	38310	1200	12	13	0	0
311737	1	1	3771	0	8	1	0	0
311740	0	1	3179	0	11	13	0	1
311741	0	0	7749	300	10	39	1	0
311745	1	1	3927	1200	12	19	0	0
311746	0	0	21827	10000	12	13	0	0
311748	1	1	22460	3000	15	15	0	0
311749	1	1	16569	70	10	16	0	1
311751	0	1	20634	7200	13	1	0	1
311752	1	1	0	3500	12	19	0	1
311754	0	0	629	1542	11	28	0	0
311755	0	1	8321	3000	9	346	1	0
311756	0	1	66293	1000	12	37	1	1
311758	0	0	27453	5000	16	13	0	0
311759	0	0	0	1100	13	15	0	0
311764	1	1	37014	5760	10	16	0	0
311766	0	1	16692	500	12	1	0	0
311770	0	0	5432	0	8	17	0	0
311773	0	1	19620	230	12	1	0	1
311777	0	1	3222	1200	12	13	0	0
311782	0	0	1386	1132	12	16	0	1
311783	1	1	15917	0	12	2	0	0
311784	0	1	42717	2500	14	13	0	1
311785	1	1	13170	0	12	17	0	0
311789	0	0	15325	9100	11	1	0	1
311790	1	1	48810	3570	10	17	0	0
311791	1	1	37288	7500	11	13	0	1
311792	0	0	0	1200	12	16	0	1
311801	1	1	2246	800	16	15	0	0
311802	1	1	33287	0	11	19	0	0
311803	0	0	0	5400	9	13	0	1
311806	0	0	6993	4620	14	19	0	1
311807	0	0	11788	837	12	15	0	0
311808	1	1	6014	1380	12	0	0	1
311809	1	1	0	3000	14	16	0	0
311814	0	0	22925	7600	10	13	0	0
311815	1	1	1707	0	11	16	0	0
311819	0	1	35791	7000	12	13	0	1
311824	1	1	24206	3338	11	5	0	0
311825	1	1	8941	3069	12	13	0	0
311835	1	1	406	7000	10	16	0	0
311840	0	0	0	0	11	0	0	1
311842	0	0	32482	3000	10	9	0	0
311843	0	0	68989	330	13	39	1	1
311844	1	1	34364	9791	12	13	0	0
311846	0	0	11817	6000	12	13	0	1
311847	0	0	5532	0	11	13	0	0
311853	1	1	10950	560	12	15	0	0
311858	0	0	0	3100	9	39	1	0
311859	0	0	14158	0	17	13	0	1
311861	0	0	2738	2000	10	17	0	0
311865	0	1	24295	0	11	17	0	0
311866	0	0	9084	0	15	16	0	0
311868	1	1	14773	604	12	17	0	0
311869	0	1	4785	6440	12	13	0	0
311870	0	0	40	1000	11	1	0	1
311879	1	1	19350	0	12	17	0	1
311880	0	0	32409	2000	12	0	0	0
311881	1	1	2376	1900	12	13	0	1
311885	0	0	3695	0	16	17	0	1
311888	1	1	13875	0	12	1	0	1
311890	0	0	2223	0	9	13	0	0
311891	0	0	40284	0	16	13	0	1
311894	1	1	20374	5937	11	1	0	1
311895	0	1	0	13000	11	16	0	1
311897	0	0	0	0	11	9	0	1
311899	0	0	80379	0	14	13	0	1
311901	0	1	144	1000	12	13	0	1
311903	0	0	26298	9000	12	2	0	0
311904	0	0	630	7200	12	19	0	0
311905	1	1	0	0	10	19	0	0
311906	1	1	27561	0	10	17	0	0
311911	0	0	13755	0	12	13	0	0
311913	0	0	38077	2688	12	19	0	0
311916	0	0	5952	5624	12	13	0	1
311917	1	1	23646	1303	12	9	0	1
311919	0	0	0	0	9	19	0	0
311923	0	0	9316	4680	11	17	0	0
311925	0	0	7347	1099	12	9	0	0
311927	0	1	0	0	11	2	0	1
311930	1	1	0	0	12	13	0	0
311933	1	1	48840	12000	12	16	0	0
311936	1	1	13878	9622	12	13	0	1
311937	0	1	18	1000	8	1	0	1
311938	0	0	104	0	8	13	0	0
311939	0	1	0	0	7	19	0	1
311941	1	1	3493	1300	12	15	0	0
311943	1	1	27816	4000	9	17	0	0
311949	0	1	21654	160	8	13	0	1
311950	0	0	49751	11000	12	9	0	1
311958	0	0	34350	17000	14	5	0	0
311960	0	0	0	0	12	16	0	0
311962	1	1	14038	1600	12	37	1	0
311963	0	1	19669	2400	12	39	1	0
311964	0	1	26027	5440	12	0	0	1
311971	1	1	0	0	10	9	0	0
311974	0	0	22088	0	13	2	0	0
311975	1	1	7449	1940	12	17	0	0
311976	0	1	2695	1800	13	9	0	1
311982	0	0	11549	0	12	17	0	0
311985	1	1	17889	2500	12	1	0	1
311986	0	0	37284	0	10	19	0	1
311988	0	1	2902	135	12	5	0	0
311989	1	1	10263	2400	12	13	0	1
311990	1	1	837	900	9	19	0	1
311993	1	1	20825	2550	10	13	0	0
311994	0	0	0	0	8	9	0	1
311999	0	0	2955	744	8	1	0	0
312001	0	0	11502	2500	13	16	0	1
312002	0	1	0	0	8	16	0	1
312005	1	1	14537	900	13	40	1	1
312007	0	1	44623	400	16	13	0	1
312011	0	0	32004	200	8	13	0	0
312013	0	1	0	232	10	19	0	1
312015	1	1	11662	9000	12	13	0	1
312019	0	0	5910	2436	11	28	0	1
312020	1	1	100516	4308	12	0	0	1
312021	1	1	10790	4800	11	1	0	0
312023	1	1	49125	10000	13	19	0	1
312025	0	0	43644	10000	17	16	0	1
312026	0	1	9184	0	11	2	0	0
312030	1	1	6558	3185	11	39	1	0
312031	1	1	14726	0	12	17	0	1
312034	1	1	693	8900	12	13	0	0
312035	0	0	2760	245	11	39	1	1
312038	0	0	13164	3250	12	13	0	0
312042	0	0	47841	7000	10	1	0	1
312046	0	0	48084	1500	12	40	1	1
312049	1	1	19366	5040	12	13	0	0
312050	0	0	250	6000	12	15	0	0
312057	1	1	35544	6000	12	2	0	0
312061	1	1	8046	5962	12	16	0	0
312062	0	1	42936	660	15	15	0	1
312063	0	0	20850	4320	12	19	0	1
312065	0	0	7926	0	8	19	0	0
312067	0	0	2628	0	10	37	1	0
312068	1	1	150	5500	13	13	0	1
312070	0	1	25483	0	14	13	0	0
312071	0	1	36913	2500	12	1	0	0
312073	0	1	3366	2000	9	2	0	0
312078	1	1	2469	1900	11	19	0	0
312079	0	0	12297	6000	10	13	0	0
312080	1	1	2825	2400	12	9	0	1
312081	0	1	75107	9000	16	19	0	1
312082	1	1	973	1200	12	39	1	0
312084	0	1	9720	350	12	2	0	0
312089	1	1	62352	7621	12	16	0	1
312091	0	1	0	2157	12	17	0	0
312096	0	0	29047	9000	12	13	0	0
312097	0	1	18499	0	9	346	1	0
312098	1	1	17248	0	12	13	0	0
312099	0	0	23010	0	12	13	0	0
312100	0	1	0	0	10	19	0	0
312101	1	1	0	0	13	16	0	0
312104	1	1	17280	3800	13	19	0	1
312105	1	1	0	0	13	19	0	0
312108	1	1	36576	12800	13	16	0	1
312109	0	0	32437	550	12	13	0	0
312111	0	1	28509	2000	9	1	0	0
312112	0	1	350	1800	12	9	0	1
312114	1	1	251	816	11	2	0	0
312116	0	1	0	0	12	13	0	1
312117	1	1	29789	1200	13	15	0	1
312118	0	1	1035	3000	9	13	0	1
312120	0	0	2675	2500	11	13	0	1
312122	0	0	5704	0	11	9	0	0
312123	0	1	432	1200	12	19	0	1
312125	1	1	23955	800	12	15	0	0
312132	0	0	10297	364	10	13	0	0
312133	0	0	14704	2800	9	16	0	0
312136	1	1	26996	0	10	1	0	1
312137	1	1	599	120	12	16	0	0
312139	0	0	40519	23551	14	0	0	1
312140	0	0	6339	640	10	13	0	1
312144	0	0	28070	2000	13	13	0	1
312145	0	0	0	0	9	13	0	1
312148	0	0	18828	9338	12	39	1	1
312150	0	0	36585	0	9	13	0	0
312151	1	1	804	0	8	19	0	1
312154	0	0	868	6000	12	9	0	1
312156	0	1	0	276	11	13	0	1
312157	1	1	41588	3000	12	13	0	1
312158	0	0	27646	6400	12	37	1	0
312162	0	0	4623	0	13	13	0	0
312163	0	0	30900	6618	12	13	0	1
312164	1	1	20256	1200	11	1	0	0
312166	0	1	1014	1550	10	39	1	1
312169	0	1	12403	700	13	28	0	0
312178	0	0	0	1088	12	1	0	0
312180	0	0	31014	9000	12	37	1	1
312184	0	1	19890	0	10	28	0	1
312185	0	1	840	1200	9	9	0	0
312186	0	0	1929	0	12	37	1	0
312192	0	0	11242	7231	12	13	0	1
312197	1	1	1044	600	8	13	0	0
312199	0	1	717	0	12	19	0	1
312200	1	1	2022	2391	12	17	0	1
312202	1	1	21483	640	15	2	0	0
312203	0	0	24177	3000	10	13	0	1
312205	0	0	33360	0	12	19	0	1
312206	1	1	948	1322	12	39	1	0
312207	0	0	0	1000	12	13	0	1
312208	1	1	0	212	16	16	0	0
312213	0	1	19551	0	10	17	0	0
312215	1	1	375	0	11	15	0	0
312220	0	1	5032	8500	9	13	0	0
312221	0	0	1311	0	12	17	0	0
312223	1	1	5588	480	12	19	0	0
312225	1	1	42271	8522	12	13	0	1
312229	0	0	318	2800	7	1	0	1
312236	1	1	9264	2270	12	2	0	1
312237	1	1	18038	2422	13	13	0	1
312243	1	1	14400	11000	12	39	1	1
312244	0	1	0	0	11	0	0	0
312245	0	0	21303	8000	8	1	0	1
312247	1	1	29224	4000	12	15	0	1
312248	1	1	9167	384	12	2	0	0
312249	0	0	16387	5000	10	13	0	1
312253	0	0	10925	0	12	17	0	0
312254	1	1	18423	500	12	16	0	0
312255	0	0	1584	6000	12	19	0	0
312256	0	0	18956	8700	13	19	0	0
312259	0	0	6789	75	12	37	1	1
312260	0	1	34602	4000	12	13	0	0
312261	0	0	78788	20000	12	13	0	1
312262	1	1	2079	392	12	2	0	0
312263	0	1	20731	0	12	346	1	0
312265	1	0	873	0	14	13	0	0
312267	1	1	18390	0	15	16	0	0
312269	1	1	16029	0	11	9	0	0
312270	0	0	7596	0	16	40	1	1
312271	0	0	46111	0	12	0	0	1
312274	1	1	31308	840	13	39	1	0
312276	0	1	17337	3878	11	9	0	1
312278	0	1	0	0	12	28	0	0
312279	1	1	3411	0	12	17	0	0
312283	1	1	0	0	12	19	0	1
312284	0	0	5852	536	11	13	0	1
312285	0	0	46645	13000	14	2	0	1
312289	0	0	0	300	11	1	0	0
312295	0	1	3984	2500	12	16	0	1
312297	1	1	15623	0	13	13	0	1
312298	0	1	13871	3000	11	40	1	0
312303	1	1	27553	0	17	19	0	0
312305	1	1	2988	0	12	13	0	1
312308	0	0	47410	2439	12	40	1	0
312309	1	1	35409	15000	11	13	0	1
312310	1	1	6993	0	13	19	0	1
312311	1	1	33260	5200	12	16	0	1
312314	1	1	618	500	8	13	0	0
312316	1	1	12698	286	10	16	0	1
312317	1	1	6155	0	11	37	1	0
312318	1	1	6279	11000	10	13	0	0
312319	1	1	22725	800	11	2	0	0
312326	1	1	31484	0	11	19	0	1
312329	1	1	0	0	11	13	0	0
312334	0	0	1461	0	12	15	0	0
312337	1	1	11456	2400	12	16	0	0
312345	0	0	34793	0	13	17	0	0
312346	0	0	0	700	10	15	0	1
312347	1	1	23598	50	9	1	0	0
312348	0	0	26492	0	14	13	0	0
312349	0	0	1947	2732	11	1	0	1
312350	0	0	59490	7135	14	16	0	1
312351	1	1	32457	5000	12	19	0	0
312353	0	1	6241	3500	11	13	0	1
312356	0	1	44554	9600	8	1	0	1
312359	0	1	957	0	8	17	0	0
312360	1	1	26442	2900	12	15	0	1
312361	1	1	1140	0	12	9	0	0
312362	1	1	24313	3700	12	15	0	1
312363	0	1	1443	0	12	9	0	1
312365	0	0	13251	965	12	17	0	0
312366	0	1	32399	6500	12	13	0	0
312368	1	1	34604	0	10	13	0	1
312369	0	0	0	9000	7	13	0	1
312371	1	1	0	0	12	2	0	0
312373	1	1	22154	0	12	9	0	0
312374	0	0	18712	0	8	19	0	0
312378	1	1	40758	0	9	1	0	0
312379	0	1	10215	0	12	13	0	1
312380	0	1	321	60	12	13	0	1
312381	1	1	24996	175	12	9	0	0
312383	0	0	7056	3824	9	1	0	1
312385	1	1	25206	1506	13	16	0	1
312388	0	0	217	0	12	13	0	0
312389	0	0	5547	0	12	28	0	1
312392	0	1	372	5200	13	15	0	1
312393	0	0	17154	5200	10	346	1	0
312394	1	1	14004	0	12	37	1	0
312398	0	0	3484	5253	9	39	1	0
312401	1	1	0	11000	8	13	0	1
312402	0	0	11349	1701	10	1	0	0
312404	1	1	22078	2500	12	1	0	1
312406	1	1	24390	3200	13	39	1	0
312409	1	1	4443	0	8	9	0	0
312411	1	1	0	0	12	15	0	0
312412	0	1	2315	1500	11	13	0	0
312417	1	1	63423	11592	12	13	0	1
312420	1	1	8022	3515	12	39	1	0
312421	1	1	30249	600	14	37	1	0
312428	0	0	0	0	11	9	0	0
312432	0	0	21984	10000	11	13	0	0
312434	1	1	3609	0	12	17	0	0
312435	0	1	23098	3500	12	39	1	1
312438	0	1	11521	3500	11	39	1	1
312439	0	0	1820	6100	14	39	1	0
312440	0	0	8265	0	9	28	0	0
312442	0	0	55181	4896	14	16	0	0
312444	0	0	23010	1000	12	39	1	0
312448	1	1	2037	0	13	19	0	1
312449	0	1	0	5094	10	39	1	1
312450	1	1	20067	7200	10	37	1	0
312453	1	1	10080	0	12	9	0	0
312454	1	1	41079	0	16	39	1	1
312456	0	0	147	403	10	16	0	1
312457	0	0	26526	0	14	13	0	1
312458	0	0	7014	999	12	13	0	0
312460	0	0	8826	15000	13	9	0	0
312465	0	0	6331	2400	11	15	0	1
312466	0	1	3324	0	11	19	0	1
312467	1	1	17743	70	12	40	1	0
312473	1	1	14745	3000	8	1	0	0
312475	1	1	540	5000	12	17	0	1
312476	0	0	28908	10886	12	17	0	0
312477	0	1	56076	2400	12	15	0	1
312485	0	1	21553	5000	12	39	1	0
312495	1	1	7958	7181	10	39	1	0
312499	1	1	42026	9500	13	17	0	1
312500	0	0	35824	7728	12	13	0	0
312501	1	1	18535	98	10	1	0	1
312502	1	1	0	0	9	17	0	1
312503	1	1	4161	0	8	19	0	1
312505	0	1	2288	5000	12	13	0	1
312506	0	1	16780	1400	12	1	0	0
312507	0	0	762	8000	12	17	0	0
312508	1	1	7411	4200	12	13	0	1
312510	0	0	800	700	9	1	0	0
312514	1	1	11181	2000	13	9	0	1
312519	1	1	5394	1500	13	0	0	1
312522	0	0	34314	5520	12	16	0	1
312525	1	1	23306	12005	12	5	0	1
312526	0	0	21422	2400	12	13	0	0
312528	1	1	6048	0	16	19	0	0
312529	0	0	1299	0	9	17	0	0
312530	0	1	8069	8000	12	40	1	1
312531	1	1	0	850	14	13	0	1
312532	0	1	10845	0	11	37	1	0
312535	0	0	21932	5000	12	0	0	1
312536	0	1	46	5000	14	39	1	1
312537	0	0	15167	0	11	13	0	1
312538	0	0	1437	0	11	28	0	1
312540	1	1	6545	8076	12	17	0	0
312544	1	1	3270	6000	9	13	0	1
312545	0	1	8350	500	12	28	0	1
312547	1	1	23896	2246	10	17	0	0
312548	0	1	5232	295	8	9	0	0
312549	0	1	0	7000	12	39	1	0
312550	0	0	13204	0	9	13	0	0
312551	1	1	34062	1500	12	2	0	0
312555	0	0	222	5000	12	9	0	1
312558	1	1	2324	1171	16	39	1	1
312565	1	1	0	3000	12	16	0	1
312566	0	1	30073	3520	10	19	0	1
312568	0	1	0	0	12	13	0	0
312572	0	0	9000	11700	12	1	0	1
312573	1	1	12479	8113	12	1	0	0
312575	0	0	9685	0	12	13	0	1
312576	1	1	22698	11000	12	5	0	1
312577	1	1	51	200	9	19	0	1
312581	1	1	0	0	13	16	0	0
312583	0	0	13545	9664	14	16	0	1
312584	0	0	54050	0	12	39	1	1
312586	1	1	6291	4100	11	37	1	1
312587	1	1	6639	5749	10	39	1	0
312589	1	1	6144	400	12	15	0	1
312590	1	1	131	600	9	5	0	0
312591	0	1	0	3640	9	13	0	1
312592	0	1	83236	1300	10	37	1	1
312594	0	0	6423	6000	11	16	0	1
312595	1	1	15769	2160	12	13	0	0
312597	1	1	21318	9000	14	1	0	1
312598	0	0	6680	12768	8	13	0	1
312600	1	1	1029	0	8	13	0	1
312602	1	1	3720	0	12	16	0	0
312603	0	1	20521	834	12	28	0	0
312605	1	1	0	0	12	16	0	0
312606	0	1	66	0	14	2	0	1
312607	0	0	41318	0	16	17	0	0
312608	1	1	58435	14000	12	39	1	1
312612	1	1	33133	5400	12	2	0	1
312617	1	1	53653	11500	12	13	0	1
312618	0	0	26039	1500	12	1	0	1
312623	1	1	1816	0	12	39	1	0
312626	0	1	600	0	12	13	0	0
312627	1	1	36376	0	10	17	0	0
312628	1	1	405	0	8	17	0	0
312629	1	1	789	960	12	15	0	0
312630	0	0	1289	6900	12	13	0	0
312632	1	1	3942	2500	14	15	0	0
312635	0	0	0	0	16	2	0	1
312638	0	1	3577	0	11	17	0	0
312645	1	1	12057	2000	14	37	1	1
312646	0	1	54093	1200	10	13	0	1
312648	0	0	28140	759	12	39	1	1
312657	1	1	0	2179	12	0	0	1
312658	0	1	22449	100	10	15	0	0
312661	1	1	49022	2000	14	13	0	0
312662	0	1	21153	1500	9	1	0	0
312663	1	1	5232	2880	12	17	0	0
312668	1	1	59188	0	14	17	0	0
312669	1	1	0	0	7	19	0	1
312671	0	0	825	328	14	9	0	1
312674	0	0	39171	0	9	19	0	1
312675	1	1	9249	0	12	13	0	0
312676	1	1	15991	7600	11	9	0	0
312678	0	0	25039	21000	14	13	0	1
312682	0	1	1722	0	11	13	0	0
312683	1	1	1335	136	10	13	0	1
312688	0	1	4346	138	12	19	0	0
312689	1	1	5002	0	12	19	0	0
312691	0	0	48099	3000	16	0	0	1
312692	0	0	33214	0	14	1	0	0
312694	0	1	1671	0	9	9	0	1
312695	0	0	21486	0	11	16	0	0
312697	1	1	73052	8000	12	16	0	1
312698	1	1	654	2441	10	1	0	0
312702	0	0	1014	0	13	13	0	0
312707	0	1	12175	4000	12	2	0	1
312710	1	1	44637	5200	12	13	0	1
312713	0	0	6447	15000	12	1	0	1
312715	0	0	36942	9000	12	15	0	1
312718	1	1	10854	8000	12	39	1	0
312719	1	1	49397	17200	12	13	0	1
312720	0	1	4383	1400	13	28	0	0
312721	1	1	1368	50	11	1	0	0
312722	1	1	54703	13200	12	13	0	1
312725	1	1	4401	2000	11	39	1	1
312727	1	1	651	1562	12	16	0	0
312731	1	1	30099	2700	14	15	0	1
312739	1	1	12690	3800	12	1	0	0
312741	0	0	15305	0	12	17	0	1
312743	0	0	38037	7756	13	16	0	0
312744	0	0	3601	0	11	13	0	0
312747	0	1	738	0	10	1	0	0
312748	0	1	8127	9000	12	17	0	0
312750	0	0	129	0	8	1	0	0
312752	0	1	25890	4000	10	13	0	0
312754	1	1	45975	4500	16	2	0	1
312756	0	1	28062	7000	12	13	0	0
312758	1	1	29569	4910	16	17	0	0
312759	1	1	6783	0	12	17	0	0
312761	1	1	7280	0	12	39	1	0
312763	1	1	864	1877	12	39	1	1
312769	1	1	31488	18000	16	13	0	1
312772	1	1	10122	4800	12	13	0	0
312774	1	1	10740	14450	8	15	0	1
312775	1	1	16713	2500	11	17	0	1
312777	0	0	35458	15000	12	39	1	1
312780	1	1	11507	0	8	1	0	0
312782	1	1	32767	0	10	17	0	0
312785	1	1	15297	2900	12	13	0	1
312789	1	1	17876	0	12	13	0	1
312793	0	0	14748	0	12	16	0	1
312794	0	0	14267	0	16	16	0	1
312795	0	1	56067	18000	11	13	0	1
312796	0	0	20007	0	12	17	0	1
312797	0	1	19291	2700	14	39	1	0
312798	1	1	23684	5400	14	13	0	1
312799	0	0	0	0	12	1	0	0
312802	0	0	2752	2800	9	39	1	1
312803	0	0	1190	8500	10	13	0	0
312806	1	1	27273	778	16	39	1	0
312809	1	1	14349	11340	10	19	0	1
312810	1	1	29907	6513	13	1	0	0
312811	1	1	0	0	10	1	0	0
312812	1	1	28229	5070	13	16	0	0
312813	0	0	11885	1100	9	19	0	0
312814	1	1	31460	4500	12	28	0	1
312816	0	0	27626	10000	12	5	0	1
312817	0	0	8688	315	11	16	0	0
312820	1	1	23396	4710	10	0	0	1
312822	1	1	14790	665	11	0	0	0
312823	0	0	51631	1260	12	13	0	0
312824	0	1	2745	0	13	1	0	1
312825	0	1	0	0	11	13	0	1
312826	0	1	6988	938	10	13	0	0
312828	1	1	12689	451	12	39	1	0
312831	1	1	0	0	12	1	0	0
312835	0	0	984	0	12	39	1	1
312836	0	0	9896	17000	13	13	0	1
312838	1	1	325	0	9	17	0	0
312839	1	1	2584	0	12	1	0	0
312842	1	1	71715	12	12	13	0	1
312843	0	0	1303	5000	12	17	0	0
312845	0	1	26016	3915	10	13	0	0
312846	0	0	40968	14299	11	5	0	1
312847	0	1	22425	150	12	28	0	1
312849	0	1	1782	0	11	9	0	0
312850	0	0	0	2477	12	39	1	1
312851	0	0	192	0	11	9	0	0
312856	0	0	29470	7282	10	13	0	1
312858	1	1	3847	0	14	16	0	0
312860	1	1	16620	9582	12	39	1	1
312861	0	0	46427	5000	12	39	1	0
312864	0	1	1623	0	12	9	0	0
312867	1	1	10299	0	8	2	0	0
312870	0	0	20561	2000	12	19	0	1
312873	0	0	26677	2600	15	13	0	1
312874	0	0	0	400	12	2	0	1
312876	0	1	9714	0	11	17	0	0
312877	0	0	15257	3596	15	39	1	0
312879	0	1	10110	2400	12	13	0	0
312880	0	0	8640	0	12	28	0	0
312882	0	0	1841	1500	9	1	0	0
312886	1	1	28306	0	9	19	0	0
312887	0	1	42750	10000	12	15	0	1
312888	0	1	147	900	10	39	1	1
312890	0	0	49158	6840	14	39	1	0
312895	0	0	6505	1000	12	17	0	0
312897	0	0	3678	0	11	0	0	1
312901	1	1	15039	0	12	15	0	1
312902	0	0	43955	16200	12	13	0	1
312903	1	1	114739	0	9	16	0	0
312904	0	0	30439	9880	12	19	0	1
312905	0	1	26502	5000	12	16	0	1
312906	0	0	35778	3000	14	15	0	0
312908	1	1	9298	0	8	37	1	0
312910	0	1	927	3000	12	13	0	1
312911	0	1	6942	8	8	1	0	1
312912	1	1	38106	9096	12	13	0	0
312916	0	0	12100	2700	12	13	0	0
312918	1	1	12450	3000	13	16	0	1
312919	0	0	15705	0	8	2	0	1
312922	1	1	26997	1345	13	15	0	1
312928	0	1	60537	5760	15	17	0	1
312929	0	0	36832	3000	12	17	0	0
312930	0	0	13337	0	12	17	0	1
312936	1	1	45554	3300	7	13	0	1
312937	0	0	7458	4500	15	19	0	1
312940	0	1	14388	3668	8	40	1	0
312942	1	1	10678	0	12	13	0	0
312943	1	1	53947	716	12	13	0	0
312947	1	1	11796	3000	12	39	1	0
312949	0	0	12304	0	12	13	0	0
312951	0	0	2538	800	12	15	0	1
312954	1	1	5238	2592	17	16	0	0
312955	0	1	924	24000	12	16	0	1
312958	0	1	31782	1500	14	13	0	0
312959	1	1	24153	8963	12	39	1	1
312965	0	1	0	4875	12	13	0	0
312967	0	1	12	8658	9	39	1	1
312968	1	1	29575	400	12	17	0	0
312969	0	0	32024	98	12	13	0	0
312970	0	0	32971	0	12	13	0	0
312976	0	1	0	0	12	17	0	0
312979	0	1	429	0	10	13	0	1
312980	1	1	4450	1323	9	37	1	0
312983	0	1	30298	3750	10	13	0	0
312985	1	1	20082	9085	14	16	0	1
312986	0	1	8151	500	12	9	0	1
312989	1	1	12452	0	12	2	0	1
312991	0	0	45987	0	12	19	0	0
312992	1	1	21884	6500	12	13	0	1
313000	0	1	54809	4972	12	13	0	1
313003	0	0	16106	4316	12	13	0	0
313004	0	0	10012	3896	9	39	1	0
313005	1	1	8757	8000	9	16	0	1
313009	1	1	27198	1604	13	16	0	0
313012	1	1	6641	700	12	0	0	0
313015	1	1	40199	8000	14	1	0	1
313017	1	1	48	15000	13	0	0	0
313019	1	1	12684	2000	16	16	0	0
313020	0	1	2625	5000	12	13	0	1
313023	0	1	7096	0	12	9	0	1
313025	1	1	5840	1300	13	13	0	0
313028	1	1	2994	3319	12	16	0	1
313029	1	1	9424	98	11	1	0	0
313031	0	0	1940	160	16	19	0	0
313034	1	1	22890	3000	10	39	1	1
313039	1	1	0	0	13	19	0	0
313043	0	1	5447	20000	16	5	0	1
313044	0	0	420	900	12	0	0	1
313050	1	1	3547	0	11	0	0	0
313052	0	0	11541	0	15	16	0	0
313057	0	1	0	88	13	1	0	1
313060	0	0	21792	11500	13	39	1	1
313061	1	1	11816	0	12	13	0	0
313065	0	1	0	0	12	2	0	1
313069	1	1	0	0	12	17	0	0
313071	0	1	12216	1200	13	28	0	0
313072	0	0	14454	1600	14	13	0	1
313076	1	1	44575	800	8	13	0	1
313077	1	1	12798	1500	13	13	0	0
313078	0	0	8826	2173	12	9	0	0
313080	1	1	39909	3840	14	15	0	1
313081	0	1	4908	0	12	15	0	0
313083	1	1	18267	1800	13	17	0	0
313088	1	1	11164	0	12	13	0	0
313091	1	1	14589	0	12	28	0	0
313098	1	1	9793	4686	12	13	0	0
313100	1	1	2355	6000	11	17	0	0
313105	0	0	9992	4000	10	16	0	1
313106	1	1	20272	4000	12	17	0	1
313107	1	1	2676	160	8	1	0	0
313108	0	0	9241	0	12	5	0	0
313109	1	1	6876	8500	8	28	0	1
313110	0	1	14640	575	7	1	0	1
313111	0	0	16679	4983	12	39	1	0
313113	0	0	38732	4700	16	15	0	1
313114	0	0	9004	2000	12	15	0	0
313119	0	0	29574	2827	9	2	0	0
313121	1	1	73248	3300	9	39	1	1
313124	0	0	46915	12800	15	13	0	1
313126	0	1	699	2000	14	13	0	1
313128	0	0	2916	0	9	13	0	1
313131	1	1	63463	0	12	9	0	1
313135	1	1	46610	16258	12	16	0	1
313138	1	1	0	1040	12	16	0	1
313143	0	0	17958	14000	17	16	0	1
313144	0	0	17511	8000	11	39	1	0
313149	0	0	12444	300	12	1	0	0
313151	1	1	41304	5000	12	9	0	0
313153	0	0	11394	2400	8	2	0	1
313156	1	1	8530	0	10	13	0	0
313157	0	1	26500	600	9	1	0	1
313160	0	1	0	1950	10	1	0	0
313162	0	1	13866	9100	12	13	0	1
313164	1	1	2271	1500	12	17	0	0
313165	1	1	33918	7166	12	13	0	0
313168	1	1	7878	16	13	15	0	0
313170	0	0	84	0	12	17	0	0
313171	1	1	6145	400	13	9	0	0
313173	0	1	11469	0	12	16	0	0
313176	0	0	0	0	8	19	0	0
313178	1	1	51	0	12	19	0	0
313179	1	0	14525	3500	11	37	1	1
313180	0	1	0	2200	8	13	0	1
313183	0	0	13143	0	13	37	1	1
313184	0	0	47013	7000	11	28	0	1
313185	0	0	3229	7480	12	17	0	0
313187	1	1	2851	9000	14	9	0	1
313191	0	0	8268	1050	10	0	0	1
313192	1	1	21413	8896	12	16	0	0
313194	0	1	0	7457	12	16	0	1
313197	1	1	3843	1440	9	17	0	1
313198	1	1	7083	3440	13	16	0	0
313199	0	0	0	0	9	5	0	1
313200	0	1	0	2800	12	1	0	1
313204	0	0	16674	0	12	17	0	0
313205	1	1	9478	0	12	0	0	0
313208	1	1	26384	3000	14	0	0	0
313209	0	1	0	700	12	2	0	1
313210	0	0	16017	5329	13	39	1	1
313212	0	0	3054	0	8	9	0	0
313216	0	0	6780	1800	12	15	0	1
313217	0	0	15381	600	12	15	0	0
313221	1	1	0	0	9	15	0	1
313225	1	1	23065	180	9	17	0	0
313226	1	1	352	3360	14	17	0	0
313228	0	0	0	2340	12	9	0	0
313232	0	0	34827	7363	12	15	0	1
313236	0	1	22406	4000	12	13	0	1
313237	0	1	162	0	8	13	0	1
313239	0	0	71821	29000	11	39	1	1
313242	0	0	4381	4000	12	2	0	1
313243	0	1	0	0	12	39	1	0
313244	0	0	714	150	13	39	1	1
313245	0	1	0	0	10	2	0	1
313246	0	1	8036	178	11	19	0	0
313250	0	0	8836	600	10	1	0	1
313251	0	1	144	6960	12	17	0	1
313252	0	0	0	0	9	13	0	1
313263	0	0	3035	0	10	1	0	0
313269	0	0	8876	3640	13	9	0	1
313271	1	1	6305	1200	16	346	1	1
313272	0	1	27261	13000	11	28	0	1
313278	1	1	16725	5700	12	1	0	0
313279	0	0	0	0	12	15	0	0
313280	0	1	522	0	14	28	0	0
313281	1	1	41779	3000	13	13	0	1
313284	1	1	17301	5123	11	9	0	0
313288	0	0	10427	140	14	15	0	0
313290	0	1	11383	4283	10	16	0	0
313291	0	1	31037	4000	12	0	0	1
313295	1	1	12919	0	10	37	1	1
313296	0	0	1462	1000	9	13	0	1
313300	0	1	25378	3500	17	13	0	1
313304	1	1	33220	98	12	13	0	1
313308	0	1	723	4592	8	28	0	0
313309	1	1	9318	0	12	17	0	0
313310	0	0	1020	0	9	39	1	1
313314	1	1	29749	0	12	13	0	0
313315	0	0	216	1000	12	19	0	1
313316	1	1	0	0	12	16	0	0
313317	0	1	34464	5700	16	16	0	0
313318	1	1	23484	10500	15	15	0	1
313319	1	1	0	0	9	9	0	0
313321	1	1	4014	0	10	17	0	0
313323	1	1	18613	8000	13	17	0	1
313324	0	0	47209	1600	12	13	0	1
313327	1	1	47223	0	13	9	0	0
313329	0	1	20856	296	12	39	1	1
313331	1	1	24404	1000	12	13	0	0
313333	0	0	30978	3000	12	28	0	1
313335	0	0	2392	800	11	28	0	1
313337	1	1	10818	160	12	13	0	0
313339	1	1	3603	0	8	9	0	0
313341	1	1	157	0	12	1	0	0
313342	1	1	10744	1021	12	1	0	0
313343	0	1	32984	480	13	1	0	1
313344	1	1	0	3000	15	16	0	1
313345	1	1	13534	2000	12	16	0	1
313347	1	1	21509	8700	12	16	0	1
313348	0	0	2526	3000	12	13	0	0
313353	0	0	30678	412	12	13	0	0
313355	0	1	44177	5634	10	16	0	1
313358	1	1	1881	2771	10	1	0	0
313362	1	1	0	0	12	15	0	0
313365	1	1	21842	250	12	9	0	0
313367	1	1	10731	6000	12	1	0	1
313370	1	1	30942	2726	11	16	0	1
313372	0	0	0	3360	14	39	1	0
313374	1	1	49046	3299	12	16	0	1
313377	0	0	12753	500	12	9	0	0
313378	1	1	19007	2079	17	19	0	1
313379	0	1	45474	700	12	13	0	1
313380	1	1	16288	3780	13	13	0	0
313384	0	1	0	0	14	19	0	0
313385	1	1	28873	9000	12	16	0	1
313388	0	0	4046	480	8	13	0	1
313389	0	1	9000	100	11	1	0	1
313391	1	1	26813	7500	11	13	0	0
313394	1	1	4929	0	8	9	0	0
313395	1	1	0	7017	12	16	0	0
313399	1	1	1517	0	8	9	0	0
313400	1	1	12928	0	13	13	0	1
313402	1	1	51801	6000	12	19	0	1
313403	0	1	27169	288	9	13	0	1
313406	0	0	29057	6000	12	5	0	1
313408	1	1	1239	2500	11	0	0	1
313410	0	0	2094	0	10	17	0	0
313411	1	1	11897	1597	12	39	1	1
313414	1	1	39507	10000	14	28	0	1
313416	0	1	9614	4536	12	346	1	0
313417	1	1	34188	1948	12	0	0	0
313418	0	1	972	0	12	2	0	0
313420	0	0	0	250	12	39	1	1
313424	0	0	7390	7000	11	17	0	1
313426	0	0	2815	2000	10	9	0	1
313427	1	1	40566	6000	10	13	0	1
313429	0	0	42169	0	14	17	0	1
313430	1	1	7260	140	12	19	0	1
313431	0	1	23790	5100	12	13	0	0
313434	0	0	7277	0	12	13	0	1
313436	1	1	22917	0	11	0	0	0
313438	1	1	42942	6000	14	16	0	1
313440	0	0	6309	5460	12	13	0	0
313441	1	1	11511	10497	13	9	0	0
313442	1	1	18264	2300	13	16	0	0
313443	0	0	6167	5000	12	39	1	1
313446	0	1	21250	0	12	19	0	1
313447	0	1	38661	0	14	9	0	0
313450	1	1	25186	1300	13	16	0	1
313453	1	1	5830	15	13	37	1	0
313454	0	1	0	4000	8	13	0	1
313456	0	0	14989	2400	13	15	0	1
313457	0	0	5979	1000	10	9	0	1
313459	0	0	0	0	14	5	0	0
313460	0	1	45294	10000	12	13	0	0
313461	0	1	0	0	11	13	0	0
313462	0	0	15006	6000	9	1	0	0
313463	0	0	18446	4000	12	1	0	1
313465	1	1	2265	0	14	13	0	1
313467	1	1	19257	925	9	9	0	0
313468	0	1	31967	15000	12	13	0	1
313470	1	1	38633	1152	12	13	0	0
313476	1	1	20574	0	9	1	0	0
313477	0	0	23561	7000	9	1	0	1
313482	1	1	8546	342	11	19	0	1
313485	1	1	15364	2200	12	13	0	0
313486	0	0	10095	15000	14	37	1	1
313487	0	0	15795	0	14	19	0	1
313488	1	1	15792	6900	11	13	0	1
313491	1	1	252	0	9	1	0	0
313493	0	0	12453	1087	12	37	1	1
313494	0	1	30779	4000	15	2	0	1
313495	1	1	15483	3000	10	9	0	1
313498	1	1	0	996	10	16	0	0
313499	1	1	9360	9380	10	13	0	0
313500	0	1	35412	0	17	39	1	0
313502	0	0	135	180	11	19	0	1
313510	1	1	48	0	12	15	0	1
313517	1	1	15034	0	12	39	1	1
313518	0	1	9487	96	12	13	0	1
313519	0	0	12255	3340	9	9	0	0
313520	0	0	16904	6000	11	5	0	1
313523	0	1	2883	0	11	0	0	0
313527	0	0	2670	5104	11	16	0	0
313529	1	1	3144	0	12	17	0	0
313531	0	1	0	0	12	9	0	0
313533	1	1	15894	13800	13	19	0	1
313534	1	1	0	0	12	19	0	0
313535	0	0	18459	5435	15	16	0	1
313536	0	1	31813	10600	11	13	0	0
313539	0	0	7329	3000	12	9	0	1
313540	0	1	70001	10000	12	13	0	1
313542	0	0	1973	396	11	1	0	1
313543	1	1	86863	336	14	9	0	1
313544	1	1	23850	240	11	1	0	1
313545	0	1	108	0	9	2	0	1
313547	1	1	20843	3200	13	16	0	0
313549	0	0	7092	4200	12	13	0	1
313552	0	1	237	0	8	17	0	0
313554	0	1	7617	2809	12	39	1	1
313555	0	0	15586	0	12	5	0	0
313556	1	1	0	1000	12	1	0	1
313557	0	0	5366	2100	16	16	0	0
313559	0	0	30327	2440	16	13	0	0
313560	0	0	0	2025	11	1	0	0
313562	0	0	332	0	11	17	0	0
313564	0	0	34862	14000	10	5	0	1
313566	1	1	22185	1886	15	39	1	1
313569	1	1	8784	0	18	16	0	1
313571	1	1	41889	2936	13	9	0	0
313572	1	1	6603	0	11	1	0	0
313573	0	0	11217	2300	8	1	0	0
313576	1	1	0	0	11	0	0	1
313577	0	1	0	1800	12	13	0	1
313578	0	0	7560	2275	12	17	0	0
313579	0	0	5092	5000	16	16	0	1
313580	0	1	33957	9367	14	1	0	0
313585	1	1	6735	0	11	17	0	0
313587	1	1	0	0	12	13	0	1
313588	1	1	18137	2700	12	9	0	0
313590	1	1	1054	3600	11	9	0	0
313591	0	0	29322	7000	12	13	0	1
313593	1	1	55677	1500	11	13	0	1
313595	1	1	15173	0	14	9	0	0
313598	0	0	2583	2000	9	15	0	1
313599	1	1	11304	10480	15	16	0	1
313601	0	1	1785	1200	12	19	0	1
313602	1	1	0	3000	9	2	0	1
313603	1	1	38233	9900	12	2	0	1
313605	1	1	26970	5800	13	37	1	0
313607	0	0	35117	0	7	19	0	0
313610	0	0	0	0	8	19	0	0
313611	0	1	3601	1000	16	13	0	0
313612	1	1	30828	0	10	17	0	0
313616	1	1	8109	0	12	17	0	1
313621	1	1	13389	0	14	2	0	0
313624	1	1	46020	200	12	9	0	1
313627	1	1	14060	0	12	17	0	0
313630	0	0	0	5000	11	17	0	1
313631	1	1	5475	5254	12	17	0	0
313634	1	1	27340	0	10	16	0	0
313641	1	1	34691	10000	12	1	0	1
313643	0	1	0	1600	12	39	1	1
313648	1	1	22743	2400	12	1	0	0
313652	0	0	243	0	10	1	0	0
313653	0	1	7359	7200	12	16	0	0
313654	1	1	1047	6	9	1	0	0
313655	0	1	5862	7641	10	13	0	0
313657	1	1	6711	0	12	9	0	0
313664	1	1	24349	3096	8	13	0	1
313668	0	0	11616	0	12	17	0	0
313669	0	0	2245	1258	12	39	1	0
313673	0	0	8219	0	12	17	0	0
313678	0	1	12477	11000	11	13	0	1
313679	0	1	0	200	12	2	0	1
313681	1	1	36958	0	12	17	0	1
313692	1	1	14006	0	12	17	0	0
313694	1	1	16256	5400	10	15	0	0
313695	0	0	11646	1679	12	16	0	1
313696	0	1	4334	0	15	2	0	1
313697	1	1	43580	48	12	13	0	0
313698	1	1	29873	4000	12	0	0	1
313699	0	0	13674	1400	10	39	1	1
313700	1	1	0	0	11	1	0	0
313701	0	0	39163	5000	12	13	0	1
313702	1	1	2290	900	8	13	0	1
313703	0	0	15404	9000	9	16	0	1
313704	0	1	28227	9450	17	39	1	1
313706	0	0	0	8900	14	13	0	0
313711	0	0	39816	4600	12	17	0	0
313713	1	1	25252	1000	10	19	0	1
313714	0	0	24262	675	10	19	0	1
313715	1	1	0	4500	8	13	0	0
313718	0	1	12016	15000	14	28	0	1
313720	0	1	2529	1000	10	28	0	0
313721	1	1	30497	500	9	13	0	0
313722	1	1	14433	4200	12	28	0	0
313723	0	1	5688	3000	12	0	0	0
313724	1	1	1824	0	14	9	0	0
313727	0	1	8663	4500	12	15	0	0
313728	0	0	13662	0	12	17	0	1
313730	0	1	0	0	8	13	0	0
313731	1	1	32886	10000	14	2	0	1
313732	0	1	4386	3157	12	0	0	0
313734	1	1	21137	1060	12	0	0	1
313736	1	1	0	0	12	17	0	0
313737	1	1	16281	2850	12	13	0	0
313739	0	0	61821	6000	12	28	0	1
313740	1	1	11474	680	12	13	0	0
313743	1	1	26814	3920	14	17	0	0
313745	1	1	17833	2000	13	39	1	1
313747	0	1	21857	780	12	39	1	0
313751	0	0	21989	900	13	346	1	0
313753	1	1	25744	2000	12	28	0	0
313754	0	1	5565	4200	13	9	0	1
313755	1	1	11970	1800	12	15	0	1
313756	0	1	0	460	12	19	0	1
313757	0	0	29949	2282	17	16	0	0
313758	0	0	53552	5500	11	9	0	1
313759	0	0	11793	1600	11	9	0	1
313761	0	0	2475	7020	10	19	0	1
313763	0	1	25879	4000	12	13	0	0
313764	1	1	15104	0	15	16	0	0
313766	0	1	38236	6000	12	346	1	1
313767	0	0	29308	16000	16	13	0	1
313770	1	1	2115	0	12	28	0	0
313771	0	0	22742	7000	12	39	1	1
313772	0	0	36061	3000	12	37	1	0
313773	0	1	0	3200	12	346	1	0
313774	1	1	42760	0	15	9	0	1
313775	1	1	8493	0	8	19	0	0
313782	0	1	7943	2500	12	13	0	0
313786	1	1	1635	800	14	39	1	1
313787	1	1	6834	7781	12	39	1	0
313789	0	1	19926	8400	13	13	0	1
313790	1	1	32632	14000	12	13	0	1
313791	1	1	4180	11000	12	13	0	0
313792	1	1	10728	4100	11	1	0	1
313793	0	0	6144	150	11	39	1	0
313795	1	1	21288	7000	8	37	1	1
313796	1	1	33873	2646	13	16	0	0
313803	0	0	22361	0	8	1	0	0
313804	1	1	57925	3000	11	0	0	1
313805	0	1	4583	500	9	1	0	1
313806	1	1	17157	8520	12	0	0	0
313809	0	0	15375	1600	13	16	0	1
313810	1	1	30865	8400	11	19	0	1
313813	1	1	12309	3500	12	13	0	0
313815	0	0	42397	14900	13	39	1	1
313820	0	0	45869	7360	12	28	0	1
313825	1	1	0	922	12	19	0	1
313826	0	1	476	0	12	9	0	0
313829	0	1	20969	5106	12	13	0	0
313830	1	1	3564	0	8	9	0	0
313834	0	0	17046	10000	11	1	0	1
313841	1	1	13674	2000	13	17	0	0
313842	0	1	1500	0	11	13	0	1
313843	0	1	3183	0	12	13	0	0
313844	0	0	29809	0	12	19	0	0
313845	0	1	26985	1200	14	39	1	1
313846	0	0	8367	79	9	15	0	0
313848	0	1	471	4800	10	28	0	0
313849	0	0	7680	0	11	1	0	0
313850	0	0	1311	400	10	16	0	1
313853	0	0	16158	3000	12	0	0	1
313856	0	1	6768	0	12	17	0	0
313858	1	1	25654	4050	8	13	0	1
313860	1	1	7772	800	11	13	0	0
313864	0	0	1008	1500	16	17	0	1
313865	0	0	1838	280	11	19	0	1
313866	1	1	43110	8254	8	9	0	1
313867	1	1	0	0	12	5	0	0
313873	0	1	11991	600	11	39	1	1
313881	1	1	41627	85	11	39	1	1
313882	0	1	2982	13000	13	16	0	1
313883	1	1	48281	6020	12	13	0	1
313888	0	0	15930	0	8	9	0	1
313889	1	1	27652	6487	10	9	0	0
313890	0	1	22400	2584	12	13	0	0
313891	1	1	0	2500	11	19	0	0
313893	0	1	1154	0	12	28	0	0
313894	0	1	0	100	10	1	0	1
313895	0	0	13026	2853	12	13	0	1
313901	0	0	5727	800	12	13	0	0
313902	0	1	0	0	10	1	0	0
313904	1	1	12363	167	15	16	0	0
313905	0	0	2133	0	12	13	0	0
313906	1	1	10688	0	13	15	0	0
313908	1	1	27617	5460	10	16	0	1
313910	0	0	13750	10831	12	13	0	0
313912	0	0	0	400	12	0	0	1
313913	1	1	16460	9148	12	13	0	0
313915	1	1	41994	2016	17	1	0	0
313916	1	1	1647	2500	12	13	0	1
313921	0	1	28215	22000	12	19	0	1
313922	0	0	23957	8500	14	17	0	1
313923	0	0	22178	7680	12	37	1	0
313924	1	1	57016	14000	10	1	0	1
313925	1	1	26992	10500	12	1	0	1
313926	0	0	22968	1000	14	13	0	1
313927	0	0	14841	1800	12	13	0	1
313929	1	1	4417	2000	11	13	0	1
313930	0	0	24695	2000	8	2	0	1
313933	1	1	75052	7204	14	346	1	1
313936	0	1	26236	800	12	13	0	0
313938	1	1	0	0	12	13	0	1
313940	0	1	1785	0	9	2	0	1
313944	1	1	345	1400	7	16	0	1
313946	0	1	37797	3200	12	5	0	1
313949	0	0	19257	3000	10	13	0	1
313954	0	0	15289	3797	9	28	0	0
313959	1	1	19839	0	11	2	0	0
313961	1	1	5128	2000	12	17	0	1
313962	0	1	0	0	12	346	1	0
313968	1	1	14050	0	13	17	0	1
313969	0	1	15164	12000	12	13	0	1
313971	1	1	19403	103	12	16	0	0
313972	0	0	15069	600	9	15	0	0
313974	0	1	26932	1850	12	9	0	0
313981	0	0	37488	5000	12	40	1	0
313982	0	0	5425	0	12	13	0	0
313983	1	1	8854	500	12	0	0	1
313988	1	1	4745	0	11	1	0	0
313992	1	1	11671	1800	12	17	0	0
313993	1	1	36183	4000	10	13	0	0
314001	0	0	0	1658	14	19	0	1
314004	0	0	1463	2750	12	39	1	1
314006	0	1	27085	14400	11	5	0	1
314008	0	0	6210	1800	12	15	0	1
314012	0	1	0	0	11	2	0	1
314013	0	0	0	0	12	40	1	0
314016	0	0	0	400	10	13	0	1
314019	1	1	0	0	9	5	0	1
314023	0	0	0	0	9	19	0	0
314025	0	0	1123	78	10	17	0	1
314029	0	1	53802	675	8	1	0	1
314030	1	1	14000	8000	14	1	0	0
314033	0	1	1248	3600	12	13	0	1
314034	1	1	16883	12000	10	15	0	1
314035	0	1	1203	278	10	13	0	0
314037	0	0	36039	2000	12	19	0	1
314039	1	1	1053	11	8	1	0	1
314041	0	1	14952	0	12	17	0	1
314044	1	1	41727	604	12	15	0	1
314045	1	1	17865	0	9	2	0	1
314047	0	1	617	2000	13	17	0	1
314051	0	1	4434	5000	13	16	0	1
314052	1	1	18525	76	12	13	0	0
314054	1	1	10425	0	12	17	0	0
314055	0	0	3885	3500	15	16	0	1
314057	0	1	4773	0	12	13	0	1
314058	1	1	13815	2600	14	16	0	1
314059	0	0	0	1600	12	2	0	0
314061	1	1	32967	9000	12	39	1	1
314065	0	0	35854	4500	12	13	0	0
314067	0	1	26468	2000	9	28	0	1
314068	0	0	11417	300	15	15	0	1
314069	1	1	5397	1200	12	19	0	1
314070	0	0	37335	19000	9	40	1	1
314072	0	0	773	4200	10	17	0	0
314073	1	1	30324	600	12	37	1	1
314074	0	1	9459	5000	12	39	1	1
314077	1	1	42786	7800	12	39	1	0
314078	1	1	52713	0	11	17	0	1
314080	0	0	9512	5234	12	0	0	1
314081	1	1	0	5342	12	346	1	1
314084	0	0	5062	5000	12	346	1	0
314085	1	1	753	0	13	17	0	1
314086	0	0	3129	4104	10	39	1	1
314088	1	1	30198	3462	14	16	0	0
314091	0	1	23079	2757	8	39	1	1
314092	1	1	4853	0	9	2	0	0
314093	1	1	9600	0	16	16	0	0
314094	1	1	369	450	13	39	1	0
314095	1	1	0	0	11	346	1	0
314097	1	1	37797	0	8	1	0	0
314098	1	1	28863	4000	12	17	0	1
314099	1	1	12031	4280	12	39	1	0
314101	0	0	0	0	9	5	0	1
314102	1	1	18946	5200	12	15	0	0
314103	0	0	37687	200	12	19	0	0
314105	1	1	35110	8999	12	16	0	1
314113	0	0	6734	2000	12	15	0	0
314114	0	0	10134	0	8	13	0	0
314115	1	1	11505	600	11	13	0	0
314116	0	1	7105	10000	13	13	0	0
314117	1	1	19555	612	12	16	0	1
314121	1	1	15177	0	10	13	0	0
314124	0	0	0	0	17	16	0	1
314127	1	1	1944	0	12	17	0	0
314133	1	1	43299	250	12	9	0	1
314134	1	1	0	0	10	17	0	0
314135	1	1	109503	0	12	13	0	1
314139	0	1	0	850	9	2	0	0
314141	0	0	7030	3800	12	13	0	1
314142	0	0	22453	9000	12	1	0	1
314147	0	0	43078	3625	12	1	0	0
314153	1	1	11601	0	12	28	0	0
314154	0	0	564	2000	11	16	0	0
314155	1	1	26529	5500	12	0	0	1
314158	1	1	0	0	12	19	0	0
314164	0	0	36933	17325	12	0	0	1
314165	1	1	11121	4455	8	9	0	0
314167	0	1	21061	0	11	13	0	0
314170	0	1	15966	700	12	39	1	0
314171	0	0	1503	0	9	1	0	0
314175	0	0	17673	708	11	17	0	1
314176	0	0	0	1500	15	15	0	0
314177	0	1	0	0	12	2	0	0
314178	0	1	18120	864	12	13	0	0
314179	0	1	13905	6500	12	13	0	1
314181	0	1	18333	0	12	28	0	0
314183	0	0	1575	0	8	9	0	0
314186	0	0	21153	0	15	15	0	0
314187	0	0	951	696	10	28	0	0
314188	0	0	5615	1417	9	9	0	0
314189	0	0	5994	300	11	19	0	1
314194	0	1	16561	6000	10	39	1	1
314196	0	1	5955	2314	11	2	0	1
314197	0	1	1065	0	11	17	0	0
314199	0	1	1608	3000	12	13	0	0
314200	1	1	48546	0	11	0	0	0
314201	0	1	6410	0	12	1	0	1
314203	0	1	4529	40	10	39	1	0
314204	0	0	27891	12000	11	13	0	1
314208	0	0	14579	0	12	15	0	0
314209	0	1	0	0	15	40	1	1
314211	1	1	6444	5000	12	17	0	0
314212	1	1	20032	600	11	1	0	0
314215	0	0	24820	0	9	39	1	1
314216	1	1	2187	0	13	15	0	0
314219	0	1	8478	2800	9	37	1	1
314220	0	0	27903	19203	11	17	0	0
314224	0	1	13933	200	11	1	0	0
314225	0	0	5490	3500	12	17	0	1
314226	0	0	31617	5000	12	2	0	1
314227	0	1	23381	5500	18	16	0	0
314228	0	0	264	9500	9	13	0	0
314232	1	1	7105	200	8	37	1	0
314234	0	0	0	0	12	28	0	0
314237	0	0	19617	0	12	17	0	0
314239	0	0	12635	0	12	13	0	0
314243	0	1	1445	7000	11	13	0	1
314244	1	1	44126	5000	9	9	0	0
314246	1	1	10938	6800	12	17	0	0
314249	1	1	10535	8640	10	19	0	1
314250	1	1	1675	3000	9	13	0	0
314251	0	0	30742	182	12	1	0	1
314253	0	1	12252	0	11	19	0	0
314254	0	0	21297	15000	12	13	0	1
314257	1	1	64380	6000	9	16	0	1
314258	0	0	0	4000	12	39	1	0
314259	0	0	43638	4084	16	16	0	1
314260	0	0	4475	300	16	15	0	0
314262	0	1	264	250	10	39	1	1
314264	1	1	0	800	13	37	1	0
314265	1	1	8076	4670	11	9	0	1
314267	1	1	5308	6204	13	39	1	0
314271	0	1	0	0	12	13	0	1
314273	1	1	23865	0	12	19	0	0
314274	0	1	32455	2400	10	9	0	1
314275	0	0	29753	0	12	15	0	0
314282	1	1	30852	10000	11	1	0	0
314283	1	1	12524	0	15	17	0	1
314284	1	1	19926	1800	10	13	0	1
314287	1	1	23994	6839	14	39	1	1
314290	1	1	5955	8000	10	1	0	1
314294	0	1	0	0	9	13	0	0
314295	0	1	438	3000	10	13	0	1
314297	1	1	18282	7840	9	17	0	0
314299	0	0	40167	17052	12	0	0	1
314303	0	0	4330	2500	9	2	0	0
314305	0	0	3495	344	8	13	0	0
314306	0	0	62216	4500	12	13	0	0
314307	1	1	2668	11320	12	16	0	1
314308	1	1	4058	13500	9	13	0	1
314313	0	1	21914	1200	12	15	0	0
314314	1	1	57	506	12	17	0	0
314316	0	0	2639	900	8	1	0	0
314317	0	0	0	0	8	13	0	0
314321	1	1	1654	99	12	13	0	1
314323	0	1	53845	8000	11	19	0	1
314325	0	1	28249	8742	12	39	1	0
314335	1	1	46758	5000	12	17	0	0
314336	0	0	1215	1000	11	13	0	0
314339	0	1	50141	10000	12	17	0	0
314340	1	1	16024	5500	9	39	1	1
314341	1	1	1224	10000	14	13	0	1
314344	1	1	3234	3000	13	17	0	0
314347	1	1	52	0	11	17	0	0
314348	0	0	4294	672	11	17	0	0
314354	1	1	25155	0	12	9	0	1
314356	0	0	21416	6000	16	13	0	0
314358	1	1	0	0	12	9	0	0
314359	1	1	1926	0	12	19	0	1
314360	0	0	7842	0	12	19	0	1
314362	1	1	6353	723	12	1	0	0
314369	1	1	0	0	10	19	0	1
314370	0	0	45867	2000	12	13	0	1
314371	0	0	17149	5000	12	13	0	0
314374	1	1	3373	960	10	1	0	0
314375	0	0	18945	3000	12	37	1	0
314380	1	1	5292	0	12	2	0	1
314381	1	1	32	0	8	9	0	0
314383	0	0	27360	0	16	39	1	1
314384	0	1	57536	4000	13	2	0	1
314385	1	1	30670	2800	12	13	0	0
314386	0	1	25459	15000	11	40	1	0
314388	1	1	125748	33000	12	16	0	1
314389	0	0	15009	292	13	39	1	0
314392	0	0	33747	0	12	13	0	1
314394	1	1	10083	3492	12	17	0	1
314396	0	0	56	5200	12	1	0	1
314397	0	0	34077	12000	12	19	0	1
314398	0	1	0	2500	8	13	0	1
314399	0	1	0	7800	11	19	0	0
314400	0	0	48096	6000	13	15	0	1
314402	1	1	28	2729	12	16	0	1
314403	0	1	240	10000	12	39	1	0
314405	1	1	1819	189	14	39	1	1
314409	0	1	1350	90	12	1	0	0
314410	1	1	26493	0	10	9	0	1
314412	0	0	13235	1680	12	1	0	0
314413	1	1	4005	3635	12	39	1	0
314414	0	0	0	3000	12	19	0	1
314417	1	1	17535	1777	12	13	0	0
314420	0	1	15549	7548	10	13	0	0
314421	1	1	0	0	12	19	0	0
314422	1	1	621	0	12	13	0	1
314424	0	1	2675	2241	14	19	0	0
314426	0	0	0	0	13	17	0	0
314427	0	1	11864	6000	12	1	0	1
314428	0	1	1545	11000	10	39	1	0
314429	0	1	567	4800	12	19	0	1
314430	1	1	11382	219	11	9	0	0
314431	0	0	18522	800	9	15	0	1
314432	1	1	0	0	12	5	0	0
314433	1	1	0	0	11	9	0	0
314434	1	1	38855	1900	11	1	0	1
314435	1	1	44580	4000	16	16	0	0
314436	1	1	24409	9000	9	13	0	1
314441	0	1	18	25	11	15	0	1
314443	0	0	25477	4000	12	17	0	0
314444	1	1	39741	7250	12	37	1	1
314445	1	1	15335	1200	9	17	0	0
314447	0	1	0	0	11	28	0	0
314448	0	0	4461	200	12	13	0	1
314449	0	0	1506	0	11	9	0	0
314450	1	1	36279	5606	15	13	0	0
314453	1	1	16924	0	14	15	0	1
314454	1	1	33328	2340	8	17	0	0
314457	0	0	47301	6989	15	39	1	1
314458	1	1	8101	2200	12	15	0	1
314460	1	1	1080	5677	12	16	0	0
314468	1	1	18017	1800	11	13	0	0
314469	0	0	26780	1792	9	13	0	0
314471	0	0	5793	0	11	17	0	0
314476	0	1	12159	0	8	1	0	0
314484	0	1	10872	1800	10	13	0	1
314486	0	0	0	0	12	346	1	0
314491	0	0	24460	0	12	13	0	1
314494	0	1	798	2000	9	13	0	0
314496	0	0	0	0	13	5	0	0
314498	0	1	10851	5698	12	13	0	0
314500	0	1	1315	1350	12	2	0	1
314502	0	1	9544	2000	12	1	0	1
314505	0	0	720	0	12	17	0	0
314506	1	1	18357	0	12	1	0	0
314507	0	1	13080	9000	12	15	0	0
314512	0	0	3477	3159	15	16	0	1
314513	0	0	38713	3825	12	0	0	1
314515	0	0	26781	4300	12	16	0	1
314516	1	1	64068	7700	14	13	0	1
314520	0	0	12692	4972	10	39	1	1
314521	0	1	453	0	15	37	1	1
314523	0	0	7152	2160	13	19	0	0
314526	1	1	2624	0	10	1	0	1
314527	1	1	1752	0	11	15	0	1
314528	1	1	4422	4000	12	19	0	0
314529	0	0	14826	3000	11	9	0	0
314530	0	0	635	0	12	13	0	0
314531	0	0	3330	0	10	1	0	0
314532	1	1	35521	11000	12	13	0	1
314533	0	0	5058	6000	10	13	0	0
314534	1	1	31809	5000	12	1	0	0
314535	1	1	47545	6800	12	13	0	1
314537	0	1	150	0	11	17	0	1
314538	0	0	12000	150	11	15	0	0
314542	1	1	21177	0	11	1	0	0
314543	0	0	42096	0	12	1	0	1
314544	0	0	8804	6750	11	13	0	0
314547	1	1	1997	0	11	16	0	1
314548	0	0	29947	4000	12	1	0	1
314551	1	1	15254	5096	10	0	0	1
314552	0	1	9053	2000	8	13	0	0
314557	1	1	32901	5100	14	37	1	0
314558	0	1	22053	550	14	37	1	1
314559	1	1	2751	0	9	13	0	0
314560	0	0	825	0	12	17	0	0
314561	0	0	10061	9000	13	15	0	1
314562	1	1	19576	0	8	1	0	1
314564	0	1	14862	0	8	19	0	1
314566	0	0	14002	120	11	13	0	1
314567	0	0	144	13000	12	39	1	1
314568	1	1	16215	13000	9	19	0	1
314571	1	1	1755	0	13	13	0	0
314572	1	1	18869	3552	12	15	0	0
314573	0	1	35505	2389	12	37	1	0
314575	1	1	31549	1000	12	13	0	0
314577	0	0	47432	1900	12	9	0	0
314579	1	1	13374	5000	11	39	1	1
314581	0	0	29385	2000	11	28	0	1
314586	1	1	20659	1155	12	1	0	1
314588	0	0	39916	7000	10	0	0	1
314589	1	1	13398	3360	8	2	0	0
314590	0	1	0	1600	16	37	1	1
314591	0	0	17060	800	12	1	0	0
314592	0	0	3822	3800	9	17	0	1
314593	1	1	2433	0	11	19	0	1
314596	0	1	13680	1280	11	19	0	0
314602	1	1	0	0	13	17	0	1
314605	1	1	21744	0	13	13	0	0
314608	1	1	19839	2600	12	9	0	1
314609	0	0	0	2188	12	1	0	0
314611	1	1	2541	128	10	17	0	0
314612	1	1	597	0	9	19	0	1
314613	0	1	31778	2000	12	17	0	0
314614	1	1	0	6000	12	1	0	0
314615	1	1	0	2400	12	39	1	1
314620	0	1	10392	1979	12	13	0	1
314621	1	1	17642	800	12	13	0	0
314622	0	1	31743	714	12	13	0	0
314623	1	1	1251	0	12	28	0	0
314627	1	1	7416	2500	14	1	0	0
314630	0	1	11084	11000	10	15	0	1
314634	0	1	600	0	9	9	0	0
314635	0	1	0	11000	12	13	0	1
314636	0	1	454	2400	14	17	0	1
314637	0	0	372	0	12	9	0	0
314640	1	1	24921	3350	12	13	0	0
314641	0	1	351	6250	16	13	0	1
314643	1	1	41250	10739	14	0	0	1
314644	1	1	1485	1695	12	16	0	1
314645	1	1	0	1318	8	16	0	0
314651	0	1	51109	5400	14	13	0	1
314652	0	0	15763	3385	12	39	1	1
314655	0	1	0	0	10	13	0	1
314656	0	0	43678	0	12	13	0	0
314657	0	0	24038	0	11	19	0	0
314664	0	0	1270	140	13	13	0	0
314665	0	0	25284	0	12	13	0	0
314667	1	1	23496	2800	9	13	0	0
314669	1	1	2775	3978	12	17	0	0
314670	1	1	53526	0	12	16	0	1
314671	1	1	2499	3000	11	13	0	1
314672	1	1	12985	4500	17	19	0	1
314676	0	1	4764	250	13	13	0	1
314679	0	0	24716	10800	12	13	0	1
314680	1	1	4251	0	10	13	0	0
314681	1	1	0	0	12	17	0	0
314683	0	0	39	800	14	0	0	0
314685	1	1	1163	3500	12	16	0	0
314688	1	1	22413	6000	12	1	0	1
314689	1	1	0	0	12	16	0	0
314690	0	0	78	5000	10	13	0	0
314691	0	1	16275	0	9	1	0	0
314695	1	1	21315	8000	15	16	0	1
314696	0	0	36924	2500	11	0	0	1
314697	1	1	489	2600	13	13	0	1
314698	1	1	17898	4200	12	13	0	1
314700	0	1	26891	7600	13	1	0	1
314705	1	1	4501	0	12	19	0	1
314708	0	0	27855	5000	10	13	0	1
314709	0	0	31118	0	12	40	1	1
314710	0	1	762	0	12	9	0	0
314713	1	1	0	6000	12	13	0	1
314714	0	1	1617	0	12	13	0	1
314715	0	0	6531	3800	12	13	0	1
314720	0	1	6275	1980	13	28	0	0
314723	0	0	44496	1946	12	16	0	0
314724	0	0	0	1200	12	15	0	1
314725	1	1	21106	0	12	13	0	0
314726	1	1	6981	250	9	1	0	0
314727	0	0	0	4000	9	37	1	0
314728	0	0	11230	9000	12	15	0	1
314736	1	1	22603	1728	12	19	0	1
314738	1	1	0	0	10	9	0	0
314739	0	0	38621	0	14	17	0	0
314741	1	1	2598	5227	12	17	0	0
314743	0	1	10194	0	12	9	0	1
314745	0	0	27380	3200	18	15	0	1
314748	1	1	12899	0	8	1	0	1
314751	1	1	4	0	12	17	0	1
314752	0	0	0	8000	12	13	0	1
314755	0	0	12563	0	12	2	0	0
314760	0	0	34119	2400	12	1	0	1
314762	0	0	480	3089	12	19	0	1
314763	1	1	628	0	14	19	0	0
314765	1	1	27025	23000	14	19	0	0
314768	0	1	6681	3300	10	9	0	1
314771	0	0	8772	244	9	1	0	0
314774	1	1	34039	0	14	19	0	1
314775	1	1	34841	3690	12	17	0	1
314776	0	0	15402	0	13	1	0	0
314779	0	1	0	140	10	9	0	0
314780	0	0	6712	5200	11	13	0	0
314782	0	0	4293	900	12	15	0	1
314783	0	1	987	1000	13	9	0	0
314784	1	1	19128	1600	12	15	0	1
314786	0	0	7509	20000	12	1	0	1
314788	0	0	24084	2755	13	13	0	0
314792	0	0	0	0	11	9	0	1
314794	1	1	12460	0	11	9	0	0
314795	0	1	8782	6585	16	13	0	0
314796	0	1	20310	392	16	13	0	0
314797	1	1	68877	3326	8	0	0	1
314800	1	1	15232	2000	10	1	0	0
314801	1	1	17797	0	9	13	0	1
314802	0	1	10546	0	12	1	0	0
314804	1	1	59236	203	13	9	0	1
314811	1	1	12009	7000	12	16	0	0
314820	0	1	390	6000	11	19	0	1
314821	0	1	7309	3500	10	37	1	1
314823	0	1	15761	1854	12	13	0	1
314824	1	1	233	0	12	5	0	0
314826	0	1	0	300	11	16	0	0
314828	0	1	0	1589	13	2	0	1
314832	0	0	23082	13596	11	16	0	0
314833	1	1	8310	5000	14	19	0	0
314835	0	0	27521	4500	12	2	0	0
314836	0	1	36731	1000	10	1	0	0
314837	1	1	66440	4368	8	13	0	1
314841	1	1	33423	1000	12	0	0	1
314842	0	0	16094	7000	14	37	1	0
314843	0	1	62955	4800	16	346	1	1
314848	0	0	26414	0	9	40	1	0
314849	0	0	36909	1200	12	13	0	0
314850	0	0	8127	0	12	19	0	0
314852	0	0	206	3000	14	19	0	1
314853	0	1	33581	800	12	13	0	0
314854	1	1	5682	0	10	19	0	0
314862	1	1	21204	0	11	17	0	1
314864	0	0	37701	9921	11	13	0	0
314865	1	1	27781	3693	12	16	0	1
314866	1	1	24	2500	14	39	1	0
314869	0	1	0	0	12	28	0	0
314870	0	1	3102	814	12	9	0	0
314871	1	1	18114	1700	12	15	0	0
314873	1	1	19261	0	12	40	1	1
314874	0	0	25409	13649	11	16	0	1
314878	0	1	0	370	9	13	0	1
314881	1	1	20376	400	11	28	0	1
314882	0	1	1141	0	11	17	0	0
314883	1	1	11468	0	12	13	0	1
314885	0	0	154	1178	13	17	0	1
314886	1	1	49794	98	14	40	1	1
314888	0	1	30660	0	16	13	0	1
314889	0	0	35790	1400	12	16	0	1
314892	0	1	14036	2500	12	13	0	0
314897	0	1	26037	2900	12	1	0	0
314898	0	1	115	3050	11	1	0	1
314900	0	0	3816	17488	12	13	0	0
314901	0	1	129	0	10	19	0	0
314907	1	1	10192	1100	15	39	1	0
314908	1	1	35594	2000	12	13	0	0
314909	0	1	715	0	11	13	0	1
314914	0	0	2733	9000	12	17	0	1
314916	0	0	4945	0	10	9	0	1
314917	0	1	0	9500	12	1	0	0
314923	0	1	24563	3000	15	13	0	1
314925	0	1	1474	800	8	13	0	0
314929	0	0	12559	1615	12	16	0	0
314931	1	1	2552	0	12	17	0	0
314932	1	1	0	0	15	1	0	0
314933	0	0	48777	3500	16	13	0	1
314937	0	0	0	0	14	15	0	0
314945	1	1	41256	10000	16	13	0	0
314947	1	1	231	400	10	13	0	1
314950	1	1	1452	1050	12	19	0	1
314951	0	1	12288	5360	14	13	0	0
314953	0	0	1860	0	11	37	1	0
314955	0	0	0	7800	12	1	0	1
314956	1	1	29172	7732	12	39	1	1
314957	1	1	18045	4500	12	17	0	0
314960	0	0	18759	0	12	17	0	0
314966	0	0	1754	13811	12	1	0	0
314967	0	1	37579	10230	10	39	1	1
314968	1	1	4386	5000	12	37	1	0
314969	1	1	34290	5600	10	39	1	1
314974	0	0	33840	5400	14	2	0	1
314976	0	0	7908	1095	12	9	0	1
314977	1	1	20912	5350	14	39	1	0
314979	0	0	1751	875	8	1	0	0
314982	0	1	49705	6000	12	9	0	1
314983	0	0	3188	1900	14	2	0	1
314984	0	0	36095	6100	13	39	1	1
314985	1	1	198	0	10	19	0	1
314987	0	0	0	2700	11	13	0	0
314988	0	1	55440	10000	12	13	0	1
314989	0	1	27118	6000	12	13	0	0
314990	1	1	11879	400	16	9	0	0
314991	1	1	1608	0	8	13	0	1
314992	1	1	216	0	13	1	0	0
314994	0	1	0	0	12	40	1	0
314995	0	1	47460	4000	12	2	0	0
314997	1	1	59103	12000	11	13	0	1
314998	1	1	436	0	8	1	0	0
314999	0	0	0	0	11	39	1	0
315002	0	0	17596	4224	12	346	1	1
315003	1	1	18956	4000	11	13	0	1
315004	1	1	3321	0	10	1	0	0
315005	1	1	2493	93	12	15	0	1
315008	0	1	0	4000	12	5	0	0
315010	0	0	38772	11000	8	13	0	1
315011	0	0	13332	5000	9	39	1	0
315013	0	0	8391	0	13	13	0	0
315015	0	0	85269	16000	12	0	0	1
315017	0	1	1519	13250	8	13	0	0
315019	1	1	29299	4300	12	13	0	0
315022	1	1	9180	3000	12	13	0	0
315028	0	1	26703	3000	12	13	0	1
315029	1	1	576	11000	11	1	0	1
315030	1	1	15794	4600	15	28	0	1
315032	0	0	27523	700	15	1	0	0
315035	0	1	0	0	8	28	0	0
315037	1	1	2427	6588	12	39	1	0
315039	0	0	1619	3000	14	16	0	0
315041	0	0	35226	9223	11	17	0	0
315042	0	0	21954	1386	8	13	0	1
315045	1	1	2097	0	8	9	0	0
315046	0	0	29214	9100	12	0	0	0
315047	0	1	24565	3200	12	13	0	0
315049	0	0	32679	1000	14	15	0	0
315050	1	1	17821	0	14	19	0	1
315056	1	1	25530	1800	11	13	0	1
315060	0	0	19955	2285	11	16	0	0
315062	1	1	28509	4388	16	16	0	0
315064	0	0	33479	7865	12	1	0	1
315068	0	1	0	2882	12	13	0	0
315070	1	1	45048	8600	12	15	0	1
315071	1	1	2595	276	11	1	0	0
315073	1	1	32276	3288	16	16	0	1
315076	0	0	14019	7000	13	17	0	0
315078	1	1	18828	6600	10	13	0	1
315081	0	0	3138	3780	10	16	0	0
315083	0	0	31419	0	12	9	0	0
315084	0	0	14495	0	16	13	0	1
315085	0	0	8887	4600	12	17	0	1
315087	1	1	13224	10400	11	19	0	1
315088	0	1	29055	8894	9	39	1	1
315091	1	1	25144	0	12	17	0	1
315092	1	1	23730	4200	15	15	0	0
315096	0	1	11459	1000	12	13	0	0
315097	0	0	310	0	11	2	0	1
315100	0	1	4935	1240	8	39	1	0
315101	0	1	27243	7800	13	39	1	0
315102	1	1	18471	3000	12	1	0	1
315103	0	0	11835	0	12	17	0	0
315104	1	1	18195	5400	12	1	0	0
315109	1	1	0	5500	8	19	0	0
315115	0	1	35627	0	11	40	1	1
315117	1	1	23946	42	12	2	0	1
315118	1	1	33678	3560	12	39	1	0
315120	0	1	0	8000	10	1	0	1
315123	0	0	5	0	9	17	0	0
315130	0	1	40374	3000	11	19	0	1
315133	0	1	594	2000	9	2	0	1
315134	0	0	18261	3600	8	13	0	0
315135	0	0	35775	4037	10	16	0	1
315137	1	1	615	0	11	9	0	1
315139	0	1	42	200	10	13	0	1
315140	0	1	27	60	11	16	0	0
315141	0	0	2367	0	10	19	0	1
315142	1	1	35725	576	11	13	0	0
315145	0	1	12637	10000	12	16	0	0
315146	0	1	0	0	10	346	1	0
315149	1	1	13693	5000	13	17	0	0
315151	1	1	2466	500	11	39	1	0
315152	0	1	14045	0	12	5	0	1
315158	1	1	0	0	10	17	0	0
315159	0	0	1321	2712	13	16	0	0
315160	1	1	726	2000	11	15	0	1
315161	0	0	646	0	12	13	0	0
315164	0	0	0	0	17	19	0	0
315170	0	1	2940	720	8	19	0	1
315172	0	0	15847	0	12	40	1	0
315173	0	1	23028	1360	10	0	0	1
315175	0	0	8952	630	11	1	0	1
315180	1	1	14217	200	12	17	0	0
315185	1	1	38135	3000	12	39	1	1
315187	1	1	29062	12000	12	13	0	1
315189	1	1	729	0	12	13	0	0
315190	1	1	61132	0	12	28	0	1
315191	1	1	14920	985	16	37	1	1
315194	1	1	48234	21000	12	13	0	1
315195	0	1	13215	2300	10	13	0	1
315197	0	0	4680	3400	12	13	0	0
315198	1	1	31831	3500	12	39	1	0
315199	0	0	33455	7200	12	9	0	1
315202	0	0	34656	9000	12	13	0	1
315203	0	0	1686	2500	8	13	0	0
315206	1	1	13206	1	10	15	0	0
315209	0	1	0	5000	10	2	0	1
315210	0	0	3574	0	10	15	0	1
315213	0	1	7422	4524	8	13	0	0
315217	1	1	7537	0	9	15	0	0
315221	1	1	27638	5000	12	17	0	0
315222	1	1	8652	3000	11	2	0	1
315224	1	1	26151	6570	12	17	0	1
315229	0	0	2268	2000	12	1	0	0
315231	1	1	21723	6366	12	13	0	1
315233	1	1	46440	438	12	0	0	1
315235	0	1	978	4124	8	1	0	0
315237	0	0	870	0	16	16	0	1
315238	1	1	42150	0	8	19	0	1
315239	1	1	14474	10000	17	5	0	0
315241	0	1	70740	10000	10	13	0	1
315242	1	1	6787	0	12	5	0	1
315243	1	1	36168	19400	12	17	0	0
315244	0	0	12189	3900	11	13	0	0
315248	0	1	17526	0	11	5	0	1
315254	1	1	28776	1800	12	13	0	0
315255	0	0	0	0	14	28	0	1
315256	0	1	10404	170	9	2	0	0
315257	0	0	22578	832	10	13	0	1
315259	1	1	10425	600	10	2	0	0
315260	0	0	2620	0	8	39	1	1
315262	0	0	8754	0	12	17	0	1
315268	1	1	82574	9500	12	1	0	1
315273	0	0	11546	1218	8	13	0	1
315274	0	0	0	0	12	2	0	1
315276	0	0	3099	800	12	15	0	0
315278	1	1	18786	0	11	1	0	0
315281	0	1	77736	16000	10	9	0	1
315285	1	1	2238	0	10	17	0	0
315287	1	1	7215	0	16	39	1	0
315288	1	1	19011	5000	11	9	0	0
315290	1	1	17003	336	12	13	0	0
315291	0	0	6780	0	12	28	0	1
315293	0	1	8727	12000	9	13	0	0
315300	1	1	17469	2220	15	19	0	1
315302	0	0	8810	6200	13	39	1	1
315303	0	0	11442	5000	12	13	0	0
315304	1	1	1534	0	9	19	0	1
315305	1	1	51965	2740	11	16	0	1
315306	0	1	0	0	8	13	0	1
315309	1	1	23133	5942	12	16	0	0
315310	0	1	0	12000	11	1	0	1
315311	1	1	2973	1500	12	13	0	0
315317	0	0	49143	7300	12	13	0	1
315318	0	1	0	1500	14	5	0	0
315321	0	1	0	0	12	13	0	0
315322	0	0	0	0	11	28	0	1
315325	1	1	25729	1331	11	39	1	0
315326	1	1	23899	0	12	13	0	0
315327	0	1	135	0	12	39	1	1
315328	0	0	9646	0	11	17	0	1
315329	1	1	43731	4757	16	16	0	0
315334	0	0	32928	1000	13	13	0	1
315335	1	1	6726	3707	12	13	0	1
315337	1	1	6640	0	12	9	0	0
315339	1	1	17184	3000	12	13	0	0
315342	0	0	38820	1750	12	9	0	1
315343	0	1	1650	0	12	2	0	1
315346	0	0	6481	0	10	5	0	1
315349	1	1	21395	0	12	15	0	0
315350	0	1	17175	9807	14	17	0	0
315351	0	0	29090	825	12	9	0	0
315352	0	1	13323	0	11	39	1	0
315353	0	0	34862	2000	16	16	0	1
315354	0	0	489	0	8	9	0	0
315359	1	1	4559	0	12	16	0	0
315362	0	1	14409	1736	12	1	0	0
315363	1	1	39922	14000	12	15	0	1
315364	1	1	18060	0	11	39	1	1
315366	0	0	23104	720	14	15	0	0
315367	0	0	12876	5000	10	13	0	0
315372	0	0	60903	1000	13	9	0	1
315374	1	1	18383	7000	12	1	0	0
315376	0	0	735	0	12	19	0	0
315379	0	0	504	0	8	13	0	1
315380	1	1	20949	2000	12	0	0	0
315386	1	1	61938	8000	10	13	0	1
315387	1	1	25770	3000	12	17	0	0
315389	1	1	16567	0	12	9	0	0
315392	1	1	38922	5000	17	9	0	1
315393	0	1	5704	5000	12	1	0	1
315394	1	1	57450	14000	12	13	0	1
315395	1	1	589	800	11	1	0	0
315396	0	0	2419	800	12	37	1	1
315397	1	1	14430	2000	10	19	0	1
315400	0	0	15879	630	12	15	0	1
315405	1	1	2269	2000	12	13	0	1
315406	1	1	11301	0	12	19	0	0
315408	0	1	7807	10500	14	13	0	0
315409	0	0	6336	19	12	1	0	0
315413	0	0	0	8200	12	13	0	1
315418	0	1	0	120	9	39	1	0
315423	1	1	1674	0	12	9	0	0
315426	0	1	21497	9000	12	37	1	1
315429	0	1	1056	800	12	28	0	0
315431	0	0	54	0	11	17	0	0
315435	0	0	11372	0	10	40	1	0
315436	0	1	0	1695	12	19	0	0
315438	0	1	0	224	8	1	0	0
315440	0	1	3261	4800	12	19	0	0
315442	0	0	31152	8000	11	13	0	0
315445	0	1	31771	8694	12	13	0	0
315446	0	1	0	0	10	40	1	0
315447	1	1	0	2710	12	40	1	0
315449	0	1	25765	2800	12	13	0	0
315450	0	0	47648	0	12	2	0	1
315451	0	0	36085	4300	12	39	1	0
315452	1	1	23710	91	10	16	0	0
315455	1	1	77180	0	12	19	0	1
315456	0	0	7521	4000	9	39	1	1
315459	1	1	16896	0	12	17	0	0
315467	1	1	26020	3600	12	15	0	1
315470	1	1	43443	200	12	37	1	0
315471	1	1	2544	1000	14	39	1	1
315474	1	1	0	0	12	19	0	1
315476	1	1	9017	2904	14	39	1	0
315477	0	0	990	15000	12	39	1	1
315479	0	1	31958	8000	12	13	0	1
315480	0	1	36064	0	9	39	1	0
315481	1	1	27762	200	12	13	0	0
315483	0	1	20655	3000	14	2	0	0
315485	1	1	0	0	8	9	0	0
315486	0	0	28884	1200	14	13	0	0
315487	1	1	706	5000	13	1	0	0
315489	0	0	26039	0	12	13	0	0
315491	1	1	56931	14000	14	13	0	1
315494	0	1	22332	12000	10	28	0	1
315507	1	1	27344	10000	12	16	0	1
315508	1	1	0	3000	12	9	0	0
315509	0	0	0	0	11	17	0	0
315510	1	1	10794	6456	8	13	0	0
315511	0	0	816	0	10	2	0	1
315512	1	1	31312	6095	12	17	0	0
315513	0	0	22835	350	12	28	0	0
315514	0	0	37045	4000	14	39	1	1
315516	1	1	42219	6000	12	19	0	1
315517	0	0	4854	8000	13	13	0	0
315519	1	1	0	0	12	1	0	1
315520	0	0	6179	3515	12	39	1	0
315522	1	1	16395	72	12	16	0	0
315524	1	1	28313	2000	17	15	0	0
315525	0	0	43434	1000	15	2	0	0
315526	0	0	21375	470	12	13	0	0
315528	0	0	20301	38	8	1	0	0
315529	0	0	0	4250	12	13	0	0
315531	0	0	20496	1200	11	1	0	0
315532	1	1	17966	0	12	40	1	0
315539	1	1	26173	0	12	13	0	0
315544	0	1	11169	3700	12	9	0	0
315545	1	1	30130	2317	11	1	0	1
315548	1	1	4597	3945	10	0	0	1
315552	1	1	0	776	13	1	0	0
315554	0	1	21906	899	12	28	0	0
315555	0	1	21969	2000	12	17	0	0
315556	1	1	20888	450	12	16	0	0
315559	1	1	12111	1000	10	13	0	0
315564	0	0	0	0	10	0	0	1
315567	1	1	17246	0	11	17	0	0
315570	0	1	15231	1400	8	13	0	1
315572	1	1	25278	1600	12	17	0	1
315576	0	0	23549	9179	12	1	0	0
315578	1	1	3639	3484	12	9	0	1
315579	1	1	14945	0	12	17	0	1
315580	0	1	41678	8000	13	16	0	1
315583	0	0	8538	0	11	13	0	1
315584	0	1	1908	7000	12	13	0	1
315585	1	1	4955	0	10	37	1	1
315586	1	1	10128	2592	12	17	0	0
315587	0	1	16296	9507	12	17	0	0
315588	0	0	7729	0	12	40	1	0
315589	1	1	0	0	12	17	0	1
315596	1	1	23778	1500	12	9	0	1
315597	0	0	22524	200	12	15	0	1
315600	1	1	7754	6000	12	13	0	1
315601	1	1	23186	960	9	13	0	1
315607	0	0	33882	2206	12	13	0	0
315609	1	1	2269	300	9	1	0	0
315610	1	1	6281	10000	12	39	1	1
315614	0	1	27	2000	16	2	0	0
315615	0	0	6144	1000	11	13	0	1
315618	0	1	75	1331	7	17	0	0
315619	1	1	1528	0	12	1	0	0
315620	0	0	8007	0	10	17	0	0
315622	0	1	2676	1600	12	13	0	0
315624	0	1	55304	3500	15	19	0	1
315625	0	1	14143	14560	11	346	1	0
315626	0	0	0	0	9	9	0	0
315627	1	1	1701	0	11	17	0	0
315638	1	1	0	400	14	40	1	1
315640	1	1	2122	5014	9	1	0	0
315641	0	0	39	0	9	17	0	0
315644	1	1	16803	8000	12	16	0	0
315646	1	1	11240	13000	9	13	0	1
315648	0	0	17280	1989	12	13	0	1
315650	1	1	23091	5699	14	19	0	0
315651	0	1	81304	8000	17	40	1	1
315658	0	1	1485	0	11	28	0	0
315659	0	0	27300	2600	11	13	0	1
315662	0	0	0	0	9	1	0	0
315663	1	1	3832	4830	12	5	0	0
315664	0	1	0	1200	11	2	0	0
315667	0	1	2340	0	12	9	0	1
315668	1	1	0	9019	13	16	0	1
315669	0	0	10943	0	11	1	0	0
315671	0	0	4869	6065	12	16	0	0
315672	0	0	30135	2500	17	16	0	1
315673	0	0	0	0	8	19	0	0
315678	0	0	3177	2700	8	13	0	0
315680	0	1	0	0	12	13	0	1
315681	1	1	0	0	10	39	1	0
315684	1	1	336	0	11	15	0	1
315685	0	1	39437	5670	13	0	0	0
315690	1	1	67936	18000	12	13	0	1
315691	1	1	8943	0	11	28	0	0
315694	1	1	28380	0	14	19	0	1
315697	1	1	0	0	12	40	1	1
315698	1	1	3595	12733	12	39	1	1
315700	0	0	282	1180	12	1	0	0
315701	0	1	0	0	8	17	0	1
315703	0	1	16689	2471	11	16	0	1
315707	1	1	16286	900	12	17	0	0
315708	1	1	18646	67	12	17	0	0
315712	0	1	31878	0	12	13	0	1
315713	1	1	8013	550	13	2	0	0
315724	1	1	0	208	12	19	0	1
315725	0	0	29836	6200	11	39	1	0
315727	0	0	19279	1000	12	9	0	1
315734	1	1	1788	5200	9	17	0	0
315737	1	1	17262	6000	11	39	1	1
315741	1	1	32807	4866	12	16	0	0
315743	1	1	3432	12500	12	37	1	1
315745	0	1	32134	3000	12	13	0	0
315746	0	1	10842	4500	12	13	0	1
315747	0	0	25015	5120	9	9	0	1
315750	1	1	16391	0	12	9	0	0
315752	1	1	18849	0	12	17	0	1
315754	0	0	13948	2000	10	13	0	1
315757	0	1	2955	0	12	17	0	0
315758	1	1	37788	3329	12	9	0	1
315762	0	0	40278	1500	16	2	0	0
315764	0	1	23127	4386	12	17	0	0
315766	1	1	1680	0	8	2	0	0
315767	1	1	27793	5250	13	37	1	1
315768	1	0	12312	0	12	15	0	0
315769	0	0	24573	4179	11	39	1	0
315770	0	1	51606	0	11	9	0	0
315771	1	1	20092	6000	12	37	1	0
315773	1	1	4728	6000	12	37	1	1
315774	0	0	33933	2600	11	1	0	0
315775	1	1	25859	4000	12	16	0	1
315778	1	1	5085	2100	11	15	0	0
315785	0	0	28804	8000	10	28	0	1
315787	0	1	11321	0	13	13	0	0
315789	0	0	24746	1000	12	2	0	1
315790	1	1	14549	8000	12	17	0	0
315793	0	1	3164	0	9	13	0	0
315794	1	1	13285	1240	10	37	1	0
315797	1	1	9105	4500	8	13	0	1
315800	0	0	640	1200	11	13	0	1
315802	0	1	0	0	12	40	1	0
315803	0	0	33035	3000	10	39	1	1
315804	0	0	4966	3000	14	13	0	1
315806	0	0	25707	1400	12	9	0	0
315807	0	0	142	800	12	13	0	0
315811	0	1	8994	2000	12	1	0	0
315812	0	1	652	8000	11	28	0	1
315813	1	1	7428	0	12	9	0	1
315819	0	0	0	3000	12	13	0	0
315820	0	0	11142	4000	12	13	0	0
315821	1	1	13816	3227	14	15	0	0
315822	0	0	66942	30000	13	28	0	1
315824	1	1	44597	0	8	19	0	1
315831	0	1	24521	25	12	1	0	1
315832	1	1	819	0	10	0	0	0
315834	0	1	1350	2026	12	13	0	0
315835	1	1	38400	4000	12	13	0	1
315836	0	0	13638	11040	12	15	0	1
315837	0	0	15825	0	16	15	0	0
315838	1	1	21798	2400	13	15	0	0
315839	0	1	1692	0	9	19	0	0
315840	1	1	24798	0	8	37	1	1
315841	1	1	12138	2100	11	1	0	0
315843	1	1	43748	0	8	19	0	1
315845	1	1	8541	3033	12	17	0	0
315846	1	1	1819	400	12	17	0	1
315848	1	1	28363	5000	12	39	1	1
315849	0	0	0	6984	12	19	0	0
315852	0	1	30095	6000	9	39	1	0
315855	0	1	11282	8000	12	13	0	0
315864	1	1	15327	0	14	9	0	1
315865	1	1	16763	4278	10	15	0	0
315866	0	0	750	902	10	17	0	0
315868	0	1	0	0	12	13	0	0
315872	0	0	22073	4000	12	13	0	1
315876	0	0	31235	2000	14	9	0	0
315878	1	1	14934	1500	12	13	0	1
315879	0	0	4619	5	11	15	0	0
315880	1	1	62790	1200	11	40	1	1
315882	0	0	21006	8000	12	13	0	0
315884	1	1	48511	11000	12	16	0	1
315890	0	0	18384	0	11	28	0	0
315891	0	0	21444	5500	12	16	0	0
315892	1	1	44154	9600	12	16	0	0
315893	0	0	0	0	12	15	0	0
315894	1	1	2652	2300	14	16	0	0
315901	0	0	36287	8000	12	19	0	0
315902	0	1	4804	0	17	40	1	1
315904	1	1	28239	6800	12	13	0	1
315905	0	1	29667	6500	12	39	1	1
315909	1	1	20041	0	13	5	0	1
315914	0	0	0	0	12	17	0	0
315916	1	1	4854	0	12	13	0	0
315917	1	1	51	140	10	16	0	0
315918	1	1	60	0	11	15	0	0
315920	0	0	7758	0	9	28	0	1
315925	0	0	55105	15000	12	16	0	1
315928	0	1	0	0	9	13	0	0
315931	0	0	8674	2900	12	1	0	0
315932	0	1	45317	5000	12	1	0	0
315935	0	1	94191	0	10	19	0	1
315936	0	0	10457	0	11	28	0	1
315937	1	1	7395	6000	11	39	1	1
315938	0	0	16911	1600	9	13	0	1
315939	0	0	5442	7000	9	16	0	1
315941	0	1	0	1500	12	13	0	1
315943	0	0	23670	0	11	28	0	0
315946	1	1	2610	0	12	1	0	0
315949	0	0	23342	400	9	5	0	1
315954	0	0	2601	2000	8	1	0	0
315955	0	1	48968	10000	12	346	1	1
315956	0	0	28935	10000	14	13	0	1
315960	0	0	5762	10000	14	16	0	0
315962	0	0	18	0	12	19	0	0
315964	0	1	1632	0	12	1	0	0
315966	0	1	2442	400	11	19	0	1
315967	1	1	486	0	11	13	0	0
315968	0	1	0	0	9	5	0	0
315969	1	1	17364	4200	12	13	0	0
315970	1	1	4047	3200	9	13	0	1
315973	0	0	21255	0	11	1	0	0
315976	0	0	19128	8000	10	13	0	1
315977	0	0	34191	11000	12	16	0	0
315980	0	1	132	0	9	13	0	0
315982	0	1	14078	0	11	17	0	0
315985	1	1	555	57	10	1	0	0
315986	0	1	156	600	12	13	0	1
315988	0	1	44309	270	12	13	0	1
315989	0	1	19900	6080	12	13	0	0
315991	1	1	22510	684	12	16	0	0
315992	1	1	12050	3216	10	17	0	0
315994	1	1	14961	1155	11	13	0	1
315995	0	0	7776	3200	8	19	0	1
316001	0	0	29276	5000	12	15	0	1
316005	1	1	18303	4675	12	13	0	0
316007	0	0	7629	150	9	13	0	1
316010	1	1	19837	4087	8	39	1	0
316014	1	1	16074	3162	12	16	0	0
316015	0	0	3315	3949	10	39	1	0
316016	0	0	35445	8000	12	39	1	1
316017	0	0	14791	1400	11	17	0	1
316019	0	1	0	3600	10	16	0	1
316020	0	0	11276	1000	9	13	0	0
316021	1	1	0	0	12	19	0	1
316022	1	1	0	0	9	13	0	0
316023	0	0	552	0	12	9	0	0
316028	0	0	12964	3486	12	5	0	1
316029	1	1	4584	0	10	9	0	1
316030	0	1	32038	0	12	1	0	1
316031	0	0	9735	9000	13	1	0	1
316032	1	1	15288	3600	12	37	1	0
316035	0	0	2250	0	14	15	0	0
316037	1	1	14668	8240	8	13	0	0
316039	1	1	0	0	12	40	1	0
316041	0	1	0	0	11	28	0	0
316042	0	0	16224	3500	14	39	1	1
316045	1	1	28512	12000	10	13	0	1
316047	0	0	0	1306	10	17	0	0
316048	0	0	30485	0	13	13	0	0
316050	0	1	21452	12098	9	1	0	1
316054	1	1	7147	0	13	19	0	1
316058	1	1	14010	0	12	9	0	0
316060	1	1	8691	215	8	13	0	1
316061	0	0	39132	9995	12	15	0	1
316066	0	0	3461	6700	12	39	1	1
316067	1	1	9895	162	13	16	0	1
316070	1	1	11372	650	14	5	0	1
316071	0	1	2556	900	8	9	0	1
316072	0	0	20880	400	11	13	0	0
316074	1	1	2697	0	12	13	0	0
316075	0	0	782	0	8	19	0	0
316077	0	1	29297	9000	10	28	0	1
316078	0	0	1212	3200	10	1	0	0
316079	1	1	2768	0	8	1	0	0
316080	0	1	0	16000	9	13	0	0
316081	1	1	26655	1560	12	5	0	1
316083	0	0	7513	6000	15	16	0	0
316085	1	1	23682	8000	10	1	0	0
316086	0	0	7395	6000	10	13	0	0
316088	0	0	26526	6185	12	16	0	1
316089	1	1	1477	3696	12	0	0	0
316090	0	1	14228	6000	13	37	1	0
316093	0	1	0	32	8	13	0	0
316095	1	1	33494	2921	14	0	0	0
316096	0	1	357	500	12	2	0	0
316100	1	1	3612	11000	16	13	0	1
316105	0	1	3048	3393	11	13	0	1
316108	1	1	10095	844	12	17	0	1
316109	0	0	9430	6	12	15	0	1
316110	1	1	52693	3000	12	9	0	1
316112	0	1	17191	0	12	9	0	1
316118	0	0	19257	3837	11	13	0	0
316119	0	1	24471	5200	13	13	0	0
316124	1	1	11375	0	10	9	0	1
316130	1	1	49047	8672	12	1	0	1
316131	0	0	6465	2000	12	13	0	1
316133	0	0	76	400	11	13	0	1
316135	1	0	0	0	12	13	0	0
316141	0	0	17502	10000	12	13	0	0
316142	1	1	7418	206	10	346	1	0
316143	1	1	34668	5284	12	0	0	0
316144	0	0	0	8500	14	39	1	1
316147	1	1	43977	3000	12	16	0	0
316150	0	1	705	863	12	13	0	0
316158	1	1	3180	0	8	1	0	0
316163	0	1	39720	2658	13	13	0	1
316169	0	1	64095	7726	12	0	0	0
316170	0	1	30872	6700	9	13	0	0
316174	0	1	21898	4355	12	13	0	0
316176	0	0	0	0	11	9	0	0
316177	0	0	4200	2000	12	17	0	0
316180	1	1	441	2000	12	1	0	0
316183	0	0	29970	2700	13	16	0	1
316184	0	1	1203	0	12	9	0	0
316185	0	0	10632	3040	12	0	0	0
316187	0	0	98153	3120	13	13	0	0
316188	1	1	5064	4000	12	16	0	0
316189	1	1	30363	4370	9	1	0	0
316191	1	1	1896	0	12	13	0	1
316195	0	1	18776	3000	9	2	0	0
316202	1	1	56171	10000	12	13	0	1
316203	0	0	10680	0	13	13	0	1
316206	0	0	7185	2702	12	0	0	0
316207	0	0	4980	3000	15	16	0	1
316208	1	1	5142	7000	12	17	0	0
316216	0	0	0	0	12	19	0	0
316218	0	0	3771	0	8	13	0	0
316219	0	0	33906	4000	12	17	0	1
316220	1	1	7734	0	8	15	0	1
316225	1	1	42333	4592	12	17	0	0
316226	1	1	17508	0	12	37	1	0
316229	1	1	26766	3500	15	19	0	0
316232	1	1	0	0	12	9	0	0
316235	0	0	18767	150	9	9	0	0
316238	0	0	0	0	8	13	0	0
316239	1	1	52965	19454	12	9	0	1
316240	0	1	10729	2700	11	1	0	1
316241	0	0	4854	8137	10	39	1	0
316243	0	1	0	5528	13	39	1	0
316245	0	0	28179	2560	15	19	0	1
316246	0	1	1104	530	14	13	0	0
316247	1	1	6271	170	11	1	0	0
316250	1	1	26340	6414	10	9	0	0
316257	1	1	45215	1500	12	9	0	1
316259	0	0	32057	4482	13	0	0	1
316262	1	1	63016	5000	12	9	0	1
316264	1	1	12562	0	11	19	0	0
316272	0	0	17876	4000	12	17	0	1
316274	1	1	0	1000	14	2	0	1
316276	1	1	19345	0	12	13	0	0
316277	1	1	16055	180	12	15	0	1
316280	0	1	14362	1000	12	13	0	0
316283	0	0	33246	6000	11	15	0	1
316285	0	0	63888	7200	12	0	0	1
316287	0	0	31618	12000	10	13	0	0
316289	0	0	13104	1520	12	9	0	1
316294	1	1	7507	2000	10	9	0	1
316295	1	1	10093	800	10	13	0	1
316296	1	1	564	18000	7	16	0	1
316298	1	1	6355	0	9	9	0	0
316302	0	0	7126	0	12	9	0	0
316307	1	1	14587	1900	10	16	0	0
316309	0	1	13335	6000	12	37	1	1
316313	1	1	7755	9388	9	2	0	1
316315	0	1	5281	0	12	17	0	0
316316	0	1	15113	1820	10	1	0	0
316317	1	1	70421	1300	15	39	1	1
316318	0	0	7747	3600	10	13	0	1
316320	0	0	28749	0	8	19	0	1
316321	1	1	38754	0	8	16	0	1
316325	0	0	9797	7000	12	16	0	1
316328	1	1	30	4000	11	16	0	1
316330	1	1	13056	3000	14	19	0	0
316331	0	0	30025	0	11	28	0	1
316334	1	1	15725	0	12	17	0	1
316336	1	1	11990	900	8	9	0	1
316337	1	1	270	0	8	19	0	1
316338	1	1	0	5000	12	9	0	0
316339	1	1	72432	9600	12	13	0	1
316341	1	1	24629	6265	13	16	0	0
316343	0	0	477	150	8	9	0	1
316344	1	1	3390	0	7	19	0	1
316349	0	0	13307	98	12	1	0	1
316356	0	1	18855	6958	12	39	1	1
316357	1	1	555	14347	11	9	0	1
316359	1	1	4539	3360	11	0	0	1
316360	0	1	1800	4000	8	2	0	1
316363	0	0	11160	0	12	13	0	0
316365	1	1	9688	0	14	13	0	1
316369	0	0	23329	0	17	40	1	1
316370	1	1	708	0	11	9	0	0
316371	0	0	0	0	12	0	0	1
316376	0	1	0	0	12	9	0	0
316384	1	1	4350	0	12	19	0	0
316387	0	0	162	3000	14	19	0	1
316392	0	1	42	350	12	28	0	1
316393	1	1	12171	1138	13	16	0	0
316394	0	1	20523	2100	12	28	0	0
316396	1	1	3790	0	11	1	0	0
316397	0	0	9974	2640	12	13	0	1
316403	1	1	42640	0	12	15	0	0
316406	0	0	1578	0	12	17	0	0
316408	1	1	39726	6688	13	16	0	1
316409	1	1	63455	9000	12	1	0	1
316415	0	0	6559	2000	12	13	0	0
316418	1	1	21264	0	17	39	1	0
316419	1	0	10507	0	12	17	0	0
316422	1	1	28764	1500	11	37	1	0
316428	0	0	7626	13000	11	17	0	0
316433	0	0	12303	0	10	16	0	1
316434	1	1	6768	3100	10	1	0	1
316435	0	1	8722	5000	9	13	0	0
316437	0	1	7297	1000	15	13	0	1
316438	0	1	2300	500	17	13	0	1
316439	1	1	15834	4263	12	17	0	1
316441	1	1	37270	0	11	16	0	1
316444	0	0	19500	5800	12	13	0	0
316445	0	0	12489	0	10	37	1	0
316446	0	1	9780	9860	16	19	0	1
316447	1	1	15550	850	10	16	0	0
316448	1	1	33924	8910	12	13	0	1
316449	0	0	10306	4200	12	39	1	0
316451	0	0	201	0	12	0	0	0
316452	1	0	1003	0	12	346	1	1
316453	0	1	12138	0	12	13	0	1
316454	0	1	905	700	10	13	0	1
316458	1	1	17262	1200	12	2	0	0
316459	0	0	25835	6800	10	2	0	0
316465	0	0	1858	1000	10	19	0	1
316468	1	1	31002	6000	8	1	0	0
316469	0	0	27007	4500	12	16	0	0
316470	1	1	3597	1400	11	13	0	0
316473	0	1	27449	0	10	28	0	1
316474	0	1	1117	0	13	346	1	1
316477	1	1	66279	23462	11	37	1	1
316479	1	1	27318	1988	12	2	0	0
316483	0	0	183	310	12	2	0	0
316484	0	1	67556	1500	11	1	0	1
316487	1	1	21564	360	12	19	0	0
316494	0	1	26589	1500	13	15	0	0
316495	0	1	0	650	8	13	0	1
316496	0	0	2075	4400	12	9	0	0
316497	1	1	40275	2844	12	17	0	0
316498	0	1	16014	1000	11	39	1	1
316500	1	1	33620	4000	12	17	0	1
316505	1	1	0	19000	12	16	0	0
316506	1	1	48719	3000	12	9	0	1
316511	0	1	21	4000	11	9	0	1
316514	0	0	35415	6894	12	39	1	0
316516	1	1	18037	2904	12	19	0	1
316518	0	1	477	3200	12	2	0	1
316520	0	1	27465	8000	14	13	0	0
316521	0	0	20241	4823	13	2	0	0
316522	0	1	9566	0	8	28	0	0
316524	1	1	40589	400	9	16	0	1
316526	0	0	13737	2300	12	0	0	0
316529	1	1	22455	5350	14	15	0	1
316532	1	1	5194	0	12	28	0	1
316534	0	0	440	0	12	13	0	0
316540	0	0	28867	17000	12	13	0	1
316544	0	0	1467	300	12	17	0	0
316545	0	0	670	0	9	19	0	1
316547	0	0	26967	2000	12	17	0	0
316551	0	1	2004	0	12	13	0	0
316554	0	0	8075	2820	8	1	0	0
316555	1	1	17838	0	11	0	0	0
316557	0	1	19410	5400	12	13	0	1
316559	0	0	18105	7000	11	39	1	1
316564	0	1	0	0	12	39	1	1
316566	0	0	117	400	8	28	0	1
316567	1	1	24337	100	13	9	0	1
316571	0	1	54684	6400	10	13	0	1
316572	1	1	3322	1000	12	17	0	1
316576	0	0	3225	2000	14	16	0	0
316578	0	0	4461	318	12	1	0	0
316580	1	1	173	8000	13	15	0	1
316583	0	0	11406	2128	12	15	0	0
316592	0	1	4928	0	12	37	1	1
316593	0	0	2628	5000	11	1	0	0
316594	1	1	72	0	11	1	0	0
316596	0	0	24627	6000	12	39	1	1
316598	1	1	16770	5690	12	2	0	0
316600	1	1	36523	6560	14	15	0	1
316603	0	0	8769	2000	12	28	0	1
316604	0	0	3480	0	10	19	0	1
316605	0	0	45	0	12	9	0	0
316606	0	1	21740	5962	12	13	0	0
316608	1	1	10851	0	12	17	0	1
316612	0	1	11378	0	16	13	0	1
316613	0	1	5391	6000	12	15	0	1
316614	1	1	8007	3600	16	2	0	0
316615	1	1	21947	0	12	2	0	0
316617	0	0	0	4800	12	19	0	0
316619	1	1	13519	0	11	37	1	1
316621	1	1	0	0	11	37	1	0
316622	0	1	0	0	8	19	0	0
316624	1	1	0	0	14	16	0	0
316626	0	0	0	0	14	40	1	0
316627	0	0	0	8400	11	346	1	1
316628	0	0	56189	14000	12	16	0	1
316631	1	1	21422	0	12	19	0	0
316632	1	1	165	0	12	17	0	0
316635	1	1	390	0	11	16	0	0
316636	1	1	9921	1000	14	5	0	1
316638	0	1	16215	0	8	13	0	0
316640	0	0	1348	8481	10	13	0	0
316641	1	1	13920	8936	12	19	0	0
316642	1	1	9582	5000	10	37	1	0
316644	0	0	0	0	9	13	0	1
316646	0	1	835	3000	9	13	0	1
316647	0	0	23336	9300	14	13	0	1
316650	1	1	12039	6876	11	13	0	0
316653	0	0	33279	4289	12	17	0	0
316654	1	1	39816	0	15	37	1	0
316663	0	1	80	0	9	9	0	0
316667	0	0	469	3	9	37	1	0
316668	1	1	5064	7900	12	16	0	1
316672	0	0	71	5720	12	39	1	0
316673	1	1	10508	0	12	9	0	0
316674	1	1	2361	6400	12	13	0	0
316675	0	1	23431	0	12	39	1	0
316676	1	1	3173	2600	12	13	0	1
316677	0	0	21629	0	11	13	0	1
316683	0	0	2187	0	11	17	0	1
316684	1	1	423	0	12	16	0	0
316689	1	1	16404	3920	12	39	1	1
316690	1	1	22734	3198	12	13	0	0
316692	1	1	5964	1900	12	17	0	0
316693	1	1	681	0	11	19	0	0
316694	1	1	18844	1300	12	15	0	1
316698	0	0	4019	140	11	16	0	0
316699	0	1	14310	0	13	37	1	0
316700	1	1	17412	0	14	9	0	1
316705	1	1	20190	1935	9	39	1	1
316708	0	0	12653	0	13	13	0	0
316710	1	1	2370	10000	11	1	0	0
316712	0	1	785	8858	11	39	1	1
316714	0	0	3397	656	9	17	0	1
316715	0	0	1524	4973	13	39	1	1
316717	1	1	8258	1200	12	1	0	0
316721	1	1	803	3500	8	28	0	0
316722	0	0	14536	4840	10	13	0	0
316723	0	0	33	0	12	17	0	0
316724	1	1	0	2349	8	17	0	0
316729	0	1	7278	0	8	1	0	0
316734	1	1	21913	3000	12	17	0	0
316735	0	1	3509	5000	16	13	0	1
316736	1	1	0	4680	11	1	0	0
316738	0	0	5152	200	8	1	0	0
316741	1	1	13012	0	12	13	0	1
316742	0	1	6395	1750	12	13	0	1
316748	1	1	0	800	12	9	0	0
316750	1	1	37977	6000	10	39	1	1
316751	1	1	12062	3000	13	2	0	0
316752	1	1	22560	825	11	0	0	0
316755	0	0	1686	4000	14	15	0	1
316759	1	1	9325	57	12	13	0	0
316760	1	1	29208	1500	13	16	0	0
316765	1	1	1481	4000	12	5	0	1
316766	0	0	18581	0	12	28	0	1
316769	0	0	35656	3118	11	16	0	0
316771	0	0	15813	0	10	9	0	0
316774	0	1	1799	3500	14	17	0	0
316780	1	1	0	0	12	17	0	0
316783	1	1	32081	12000	9	13	0	1
316786	1	1	32781	7000	13	39	1	1
316787	0	1	37524	4000	10	39	1	1
316789	1	1	46855	300	12	0	0	1
316796	0	1	3231	0	14	9	0	1
316803	0	1	49467	6000	12	15	0	1
316807	0	0	27432	250	15	19	0	0
316810	1	1	36735	9000	13	13	0	0
316812	0	1	2896	1800	14	15	0	0
316813	0	1	8076	2400	12	13	0	0
316815	0	0	31290	500	12	16	0	1
316821	1	1	24393	6000	9	0	0	0
316824	0	0	3150	1200	9	13	0	0
316825	0	1	18663	700	9	13	0	0
316826	0	1	13804	2000	9	2	0	0
316835	0	0	0	0	8	1	0	1
316837	0	1	41028	2808	12	17	0	0
316838	1	1	10725	13000	11	19	0	1
316839	0	0	16791	0	12	17	0	0
316842	1	1	0	0	10	5	0	1
316843	0	0	3405	0	11	15	0	0
316847	0	0	16121	5600	14	13	0	1
316850	1	1	6065	5545	9	13	0	0
316851	0	1	9321	0	8	1	0	0
316852	0	0	10830	5000	14	16	0	0
316855	0	0	18648	2658	12	0	0	1
316856	1	1	12944	4041	16	13	0	0
316858	1	1	15192	6000	10	39	1	1
316859	0	0	3618	420	9	19	0	1
316864	0	0	3397	350	11	17	0	0
316868	0	1	42555	1150	12	1	0	0
316869	0	0	21924	3600	16	19	0	1
316870	1	1	3622	3000	14	19	0	0
316872	1	1	1128	5000	16	16	0	1
316873	1	1	0	0	12	19	0	0
316876	1	1	9150	1024	11	0	0	1
316879	0	0	903	15000	13	15	0	1
316883	1	1	60528	10800	13	16	0	0
316884	0	1	0	3484	11	17	0	1
316890	1	1	9409	0	8	19	0	0
316891	1	1	24813	6000	13	17	0	0
316893	1	1	9966	5000	12	39	1	1
316898	0	1	18306	600	8	13	0	1
316901	1	1	18300	1500	11	2	0	1
316906	0	1	55770	5000	10	13	0	1
316908	0	0	27940	9000	12	39	1	1
316914	0	0	0	0	10	1	0	0
316915	0	0	46098	7274	10	39	1	1
316917	1	1	40953	40	10	13	0	1
316918	0	0	3775	3240	12	37	1	0
316919	0	0	57	0	8	13	0	1
316923	0	0	0	2040	11	346	1	0
316925	0	0	37658	13000	11	15	0	1
316926	1	1	24996	0	16	0	0	1
316928	1	1	15169	0	9	2	0	0
316929	1	1	32472	7841	12	13	0	0
316933	0	1	12596	0	12	9	0	0
316935	1	1	3369	0	8	15	0	0
316936	0	1	207	2500	12	37	1	1
316939	0	1	0	0	12	28	0	0
316940	0	1	16487	2400	12	1	0	1
316942	1	1	48063	4800	10	16	0	1
316945	1	1	577	0	12	16	0	0
316946	0	0	5977	5100	14	17	0	1
316947	0	0	478	5882	16	9	0	1
316949	1	1	1035	0	10	2	0	0
316950	1	1	22515	0	12	15	0	0
316951	1	1	5733	150	12	9	0	0
316953	1	1	796	0	10	19	0	1
316956	0	1	20637	1250	13	2	0	0
316957	0	1	8166	1306	15	15	0	0
316959	1	1	34060	4835	16	39	1	0
316960	1	1	33533	5000	12	13	0	1
316962	1	1	65781	1200	10	9	0	0
316964	0	0	2898	0	12	15	0	0
316971	1	1	39146	6000	16	19	0	1
316972	1	1	1947	6650	12	19	0	1
316975	0	0	5164	0	8	19	0	1
316976	1	1	3308	0	7	13	0	0
316977	0	1	5685	6590	15	19	0	0
316978	0	1	4329	5840	11	13	0	0
316980	1	1	0	3387	9	9	0	1
316981	0	0	9776	300	11	13	0	0
316983	0	0	8298	600	17	9	0	1
316990	1	1	4124	3000	11	1	0	0
316991	1	1	18567	0	11	13	0	1
317000	1	1	0	0	12	5	0	0
317002	0	0	29778	107	12	13	0	0
317003	0	0	21166	2900	13	9	0	1
317006	1	1	687	1440	8	17	0	1
317007	0	1	147	4760	9	19	0	0
317010	0	0	25836	8000	10	13	0	0
317012	0	0	14798	6000	11	17	0	0
317013	0	0	31854	130	10	1	0	1
317017	0	1	0	480	12	13	0	1
317020	0	0	699	3513	12	16	0	1
317023	0	1	1533	3456	17	39	1	0
317027	1	1	2544	7900	10	16	0	1
317033	0	1	0	3400	12	19	0	1
317035	0	0	34926	300	13	17	0	1
317037	1	1	0	539	10	2	0	1
317038	0	1	11539	5300	13	40	1	0
317041	1	1	8678	2500	13	13	0	0
317042	1	1	5627	8000	12	16	0	0
317044	1	1	2973	0	11	19	0	0
317048	0	0	1887	4500	9	1	0	1
317049	1	1	28833	8000	13	13	0	1
317052	0	0	0	0	12	39	1	0
317053	0	0	27240	3700	12	13	0	1
317055	0	1	31360	3600	15	16	0	1
317056	1	1	18197	6661	9	1	0	0
317060	1	1	9128	16000	9	40	1	1
317061	1	1	7068	110	12	39	1	0
317062	1	1	14252	0	12	19	0	0
317065	1	1	858	369	12	16	0	0
317071	0	1	23775	0	9	13	0	0
317072	1	1	1639	621	10	17	0	0
317073	1	1	37157	0	11	13	0	0
317074	0	1	17646	6540	12	9	0	0
317079	0	1	81046	7310	16	39	1	1
317080	0	0	44055	13000	12	16	0	1
317085	0	0	0	1500	11	9	0	0
317089	0	1	0	0	10	28	0	1
317091	0	1	23019	5976	12	13	0	0
317093	1	1	32897	2496	12	13	0	1
317096	0	0	0	4500	14	28	0	1
317100	1	1	4230	0	11	1	0	1
317105	0	0	47606	4500	8	1	0	0
317106	0	0	3844	0	8	346	1	0
317107	1	1	21096	0	10	39	1	0
317108	0	1	3510	0	12	2	0	0
317111	1	1	9105	3000	8	17	0	0
317112	0	0	46430	11000	12	19	0	1
317115	0	1	5143	0	12	13	0	0
317120	1	1	17871	0	8	13	0	1
317123	1	1	23571	7060	14	39	1	1
317124	1	1	8793	0	8	19	0	1
317125	0	0	1429	620	12	19	0	0
317127	0	1	7474	12800	12	13	0	0
317128	1	1	4116	4000	14	16	0	1
317130	0	1	52660	1100	12	1	0	0
317131	0	0	11415	16000	12	13	0	0
317134	0	0	0	0	8	9	0	1
317137	0	1	2232	2500	10	2	0	1
317139	1	1	59439	0	12	13	0	1
317142	0	1	33942	0	14	1	0	1
317145	0	0	27328	650	12	13	0	0
317146	0	1	26421	0	12	2	0	0
317147	0	1	20541	10500	12	13	0	0
317148	0	0	20997	3257	11	16	0	0
317150	0	0	93	0	13	13	0	1
317151	0	0	0	0	12	17	0	0
317154	1	1	17304	4000	12	1	0	0
317156	1	1	59727	11500	9	13	0	1
317157	0	0	30439	2000	14	15	0	1
317159	0	1	1672	3800	12	9	0	1
317161	0	1	5687	0	10	1	0	0
317162	0	1	22863	480	13	13	0	0
317163	1	1	24827	0	12	2	0	0
317164	0	0	303	3000	11	15	0	1
317165	0	0	18325	250	12	13	0	0
317167	0	0	3309	854	12	39	1	1
317168	1	1	3317	0	12	17	0	0
317169	0	0	7086	0	11	28	0	0
317171	0	1	15366	0	9	346	1	0
317172	1	1	6813	500	12	1	0	0
317176	0	0	0	0	12	0	0	0
317178	1	1	52493	5000	12	13	0	0
317180	0	1	127	600	14	2	0	1
317182	1	1	0	0	12	19	0	0
317184	0	1	5709	0	12	17	0	0
317186	0	1	108	0	12	13	0	0
317187	0	0	1371	2400	10	39	1	0
317188	0	0	6102	0	12	13	0	0
317189	0	1	25262	117	11	13	0	0
317190	1	1	10029	0	8	28	0	0
317191	1	1	490	167	12	28	0	0
317192	0	0	12084	2000	12	13	0	1
317193	1	1	11139	0	14	19	0	1
317197	1	1	16650	2912	15	19	0	1
317199	0	1	0	960	8	1	0	0
317201	1	1	19195	5200	13	16	0	0
317202	0	1	33351	6000	12	1	0	0
317204	1	1	606	0	8	19	0	0
317207	0	0	26630	3146	11	13	0	0
317213	0	0	17466	0	8	19	0	1
317216	1	1	639	0	12	13	0	1
317220	0	0	47415	14000	15	17	0	0
317221	0	0	4204	1140	12	19	0	1
317224	1	1	0	0	12	5	0	0
317229	0	0	42739	1700	12	37	1	1
317235	1	1	12024	1468	12	9	0	0
317237	1	1	43120	15000	12	16	0	1
317238	1	1	2760	0	12	13	0	1
317245	0	0	3700	1172	12	9	0	1
317246	1	1	28603	0	14	15	0	1
317247	0	1	34620	0	8	9	0	1
317248	0	1	36669	298	12	13	0	0
317250	0	0	5462	40	12	13	0	0
317252	0	0	0	0	12	0	0	0
317254	0	1	26241	98	15	13	0	1
317257	0	0	41059	11232	12	0	0	0
317258	0	1	26667	6120	12	19	0	0
317261	0	1	22579	274	10	13	0	0
317262	0	1	344	2189	9	28	0	0
317265	0	0	73636	9000	10	19	0	1
317266	1	1	7587	3000	12	19	0	1
317269	0	0	12573	0	14	37	1	0
317271	1	1	553	0	12	13	0	0
317274	1	1	20652	0	8	19	0	1
317275	1	1	37131	10135	14	0	0	1
317276	1	1	2730	1967	11	39	1	0
317278	0	1	5797	2000	12	13	0	1
317279	1	1	14380	0	12	2	0	0
317280	0	1	3916	5000	12	1	0	0
317281	1	1	858	3100	10	17	0	1
317284	1	1	19225	7000	12	2	0	1
317285	0	0	11061	5000	16	28	0	0
317288	0	0	10471	240	12	13	0	0
317290	0	0	6186	3100	12	1	0	0
317293	1	1	28621	5500	12	13	0	0
317300	0	1	0	7082	13	2	0	1
317301	0	0	26115	6779	11	9	0	1
317302	0	0	17085	200	12	17	0	0
317309	1	1	27834	0	12	16	0	0
317310	1	1	33795	8000	9	13	0	1
317312	1	1	0	960	12	2	0	0
317313	1	1	0	1500	10	9	0	0
317314	0	0	4488	0	14	17	0	1
317316	1	1	59877	2000	12	0	0	1
317317	1	1	0	4856	11	1	0	0
317320	0	0	2754	5000	12	15	0	0
317323	0	0	2341	1000	13	17	0	0
317327	1	1	12537	4000	8	19	0	1
317328	0	0	5748	98	12	13	0	0
317333	0	1	28026	900	12	1	0	1
317335	1	1	18219	0	14	17	0	0
317336	1	1	17730	7500	16	15	0	1
317341	0	1	13098	672	12	13	0	0
317342	0	0	3669	11980	13	16	0	1
317346	0	0	69846	4500	12	13	0	1
317347	0	1	9569	9000	12	28	0	0
317349	1	1	18612	12000	15	16	0	0
317350	0	0	8389	450	8	17	0	0
317351	0	1	13383	0	14	13	0	1
317357	1	1	9627	200	12	1	0	1
317358	1	1	29762	6000	12	1	0	0
317361	1	1	462	0	11	1	0	0
317363	1	1	16722	434	9	13	0	0
317364	0	1	3693	3541	12	13	0	1
317366	0	0	226	6622	12	13	0	1
317368	1	1	39051	0	11	13	0	1
317369	0	0	3573	0	8	9	0	0
317371	0	0	80472	0	16	16	0	1
317372	0	0	16336	3500	12	13	0	0
317374	0	0	17184	5000	12	13	0	0
317378	1	1	418	3050	10	19	0	1
317385	0	0	30171	4000	11	13	0	0
317386	1	1	6304	6950	12	0	0	1
317387	0	1	12729	8000	12	15	0	1
317389	0	1	19045	1960	12	346	1	0
317391	1	1	9180	800	12	13	0	1
317398	0	1	0	14000	17	17	0	1
317399	0	0	23064	4200	13	39	1	0
317402	0	1	180	320	12	13	0	0
317403	0	1	20661	1043	16	19	0	0
317404	1	1	16127	4880	11	40	1	1
317405	1	1	68248	6000	12	13	0	1
317409	0	1	0	0	12	28	0	0
317410	1	1	0	49	12	17	0	1
317413	1	1	11582	0	14	15	0	1
317416	1	1	28050	800	12	17	0	1
317418	1	1	14727	71	11	17	0	0
317420	0	0	318	0	17	16	0	0
317422	1	1	555	387	12	16	0	0
317423	0	1	0	400	12	13	0	1
317428	0	0	39684	1200	12	2	0	0
317429	1	1	657	4000	12	13	0	0
317431	0	1	3358	5882	12	39	1	0
317436	0	1	520	9000	13	13	0	1
317450	0	1	29962	7000	12	19	0	0
317451	0	0	2186	1000	10	13	0	0
317452	1	1	6994	0	12	1	0	0
317456	1	1	4515	2000	11	1	0	0
317460	1	1	74511	12506	12	13	0	1
317468	0	0	28311	4100	11	1	0	0
317470	0	0	0	5200	16	13	0	0
317471	1	1	12450	5835	12	17	0	0
317474	0	1	318	1600	12	16	0	0
317476	0	1	28407	1800	12	16	0	1
317479	1	1	5559	1200	12	19	0	1
317480	0	0	1110	240	11	28	0	1
317481	0	0	9	0	11	17	0	0
317482	0	1	25424	4500	12	13	0	1
317483	0	1	6910	0	9	13	0	1
317485	0	0	1188	45	12	9	0	0
317486	0	0	40180	8000	12	15	0	1
317487	0	0	29098	4200	12	1	0	1
317496	0	1	0	358	12	28	0	0
317500	1	1	26391	17000	13	13	0	0
317502	0	0	0	0	9	19	0	1
317503	1	0	10672	4000	14	15	0	1
317507	1	1	10515	3150	12	13	0	0
317511	1	1	33034	10000	8	1	0	1
317512	0	0	15542	2800	12	13	0	0
317516	1	1	4713	200	11	16	0	0
317518	1	1	4285	1400	12	13	0	0
317519	0	0	47835	4992	12	19	0	1
317520	1	1	23761	1945	12	13	0	0
317524	1	1	3605	6800	13	9	0	0
317529	1	1	0	0	12	16	0	0
317531	0	0	0	0	11	9	0	1
317534	0	0	25923	5000	9	37	1	0
317535	1	1	0	9000	9	13	0	0
317536	0	1	0	800	10	17	0	0
317540	0	1	63364	7336	12	0	0	1
317541	0	0	15786	0	11	346	1	1
317545	0	0	11912	7800	12	1	0	1
317550	0	1	1857	422	12	9	0	0
317553	1	1	27794	6000	10	1	0	1
317554	1	1	21027	0	12	1	0	0
317556	0	1	30558	0	12	17	0	0
317561	1	1	0	2000	10	39	1	1
317562	0	1	0	0	12	13	0	0
317565	0	0	35085	0	8	19	0	1
317566	1	1	0	3600	12	16	0	0
317569	1	1	1679	0	8	9	0	0
317571	0	0	0	0	12	19	0	1
317572	1	1	8388	200	12	15	0	0
317576	0	0	22996	6500	11	13	0	1
317577	1	1	12306	6500	13	17	0	1
317578	0	1	2189	5000	11	39	1	1
317579	0	1	25505	2000	13	13	0	0
317581	0	0	3365	1800	11	5	0	0
317583	0	0	18980	0	12	19	0	1
317584	0	0	31338	6116	12	13	0	0
317587	0	0	0	500	12	9	0	0
317589	1	1	17986	106	12	13	0	0
317591	1	1	5478	3000	12	1	0	0
317592	0	0	51734	0	7	9	0	1
317593	0	0	15207	2500	9	16	0	0
317594	0	0	13833	600	13	17	0	0
317596	1	1	12004	270	8	1	0	0
317597	1	1	13741	1644	12	13	0	1
317599	1	1	84873	3077	12	0	0	1
317600	1	1	6948	4000	13	16	0	1
317602	1	1	6168	0	12	13	0	1
317603	1	1	6768	0	12	17	0	1
317604	0	1	0	350	12	40	1	1
317605	0	0	6439	0	9	1	0	0
317606	1	1	17248	0	12	13	0	0
317608	0	1	13898	8470	13	13	0	0
317609	1	1	28052	600	12	15	0	1
317610	1	1	0	0	12	15	0	0
317612	0	0	2463	600	10	1	0	0
317615	0	0	17448	0	12	16	0	0
317616	1	1	0	0	10	16	0	0
317619	0	1	9624	5500	12	13	0	1
317621	0	1	42993	3000	12	13	0	1
317622	1	1	39540	5000	12	13	0	0
317623	1	1	20910	0	12	9	0	0
317624	0	1	27312	8854	10	0	0	0
317625	1	1	5824	3500	11	19	0	0
317627	1	1	53136	1500	10	13	0	0
317631	1	1	66408	12000	14	40	1	1
317633	1	1	17726	0	12	1	0	0
317634	0	0	16944	4000	8	19	0	1
317636	1	1	933	0	9	17	0	0
317638	1	1	7077	234	10	19	0	0
317639	1	1	16760	4800	14	16	0	1
317640	0	0	6668	7000	12	37	1	0
317641	1	1	4370	2000	8	17	0	0
317642	1	1	134861	8000	12	16	0	1
317644	1	1	8116	900	11	28	0	0
317645	0	0	3758	0	12	39	1	0
317646	0	0	1705	3200	11	9	0	0
317652	0	1	8289	2400	9	39	1	0
317653	0	1	12478	190	10	17	0	0
317658	0	0	8652	1400	14	37	1	1
317660	0	0	26758	5000	14	39	1	1
317661	1	1	64865	5000	13	1	0	1
317662	0	1	0	2400	12	13	0	0
317666	0	0	5958	2000	11	9	0	1
317667	0	0	123	0	10	19	0	1
317670	0	1	928	700	11	13	0	1
317672	0	1	29122	5800	10	0	0	1
317673	0	0	0	3309	13	0	0	0
317678	0	0	17220	7000	9	1	0	0
317680	0	0	0	360	12	19	0	0
317681	1	1	0	5000	11	13	0	1
317683	1	1	16674	7269	9	16	0	0
317684	1	1	27128	4500	12	15	0	1
317688	1	1	12153	5000	12	1	0	1
317690	0	1	23595	10000	12	13	0	1
317693	0	0	171	850	13	9	0	1
317695	0	0	19734	14073	12	13	0	1
317697	0	1	6	10080	12	37	1	0
317702	0	0	2588	800	10	17	0	0
317705	1	1	25993	0	12	17	0	0
317715	1	1	0	10000	12	16	0	1
317716	0	1	6684	4000	12	2	0	0
317719	0	0	9072	4750	11	17	0	1
317720	0	0	4011	5000	12	19	0	0
317721	0	0	2118	6500	13	16	0	0
317725	0	0	1458	17000	14	13	0	1
317726	0	1	0	0	9	16	0	1
317730	1	1	16864	219	13	17	0	0
317731	1	1	2505	0	10	9	0	0
317732	0	0	34	800	13	16	0	0
317735	1	1	885	0	12	0	0	0
317738	0	0	22455	6720	12	9	0	0
317739	0	0	35600	120	12	13	0	0
317740	1	1	26295	2500	12	39	1	0
317741	1	1	21304	1406	10	39	1	1
317743	0	0	24093	23000	12	28	0	1
317748	0	0	84	0	10	13	0	1
317750	1	1	6227	0	10	2	0	1
317754	0	1	15915	1500	10	37	1	0
317755	0	0	810	1000	9	1	0	1
317764	1	1	48864	14000	12	1	0	1
317768	0	0	4618	10000	12	40	1	1
317770	1	1	19552	10000	10	13	0	1
317771	1	1	22955	0	12	17	0	1
317772	0	0	20769	1100	12	39	1	0
317773	0	0	0	1000	10	1	0	1
317775	0	0	24543	0	12	9	0	1
317776	1	1	68628	2000	13	37	1	0
317780	1	1	11607	600	15	19	0	1
317781	1	1	12789	3000	14	13	0	0
317785	1	1	1305	4000	15	16	0	0
317786	1	1	19796	1018	15	16	0	1
317787	1	1	513	8750	12	16	0	1
317791	1	1	24561	1800	14	9	0	0
317794	0	1	17130	5500	12	13	0	1
317797	0	0	21499	3000	12	37	1	1
317799	1	1	2832	5000	12	37	1	1
317801	0	0	26335	6000	12	16	0	0
317803	0	1	27324	14000	11	28	0	1
317804	1	1	6382	9600	12	16	0	0
317806	0	0	108	3720	12	16	0	1
317807	1	1	21049	4800	12	15	0	1
317810	0	0	1008	100	8	2	0	1
317811	1	1	36573	4352	9	39	1	1
317813	0	0	1128	0	17	39	1	0
317814	1	1	19503	0	12	13	0	0
317816	1	1	19614	600	11	1	0	0
317823	0	1	8730	1035	9	13	0	0
317824	1	1	8112	3000	12	13	0	1
317827	0	1	31948	520	12	2	0	0
317828	1	1	28692	6000	12	1	0	0
317831	1	1	23682	6900	12	16	0	0
317832	0	0	23880	0	10	2	0	1
317833	0	0	17817	1700	16	17	0	0
317834	0	1	41067	5000	11	37	1	1
317835	0	0	27849	5925	13	16	0	0
317837	1	1	0	0	9	9	0	0
317842	0	0	0	0	12	17	0	0
317845	0	0	29041	5700	10	13	0	0
317849	0	0	300	412	11	28	0	0
317850	0	1	15584	0	12	5	0	1
317851	0	0	41958	3216	8	15	0	0
317853	0	0	20601	7200	8	19	0	0
317855	0	0	59676	7000	12	13	0	0
317856	1	1	675	509	10	17	0	0
317857	0	1	789	0	11	346	1	0
317858	0	1	12076	3480	12	346	1	1
317861	1	1	3672	5000	10	39	1	1
317864	0	1	0	0	8	19	0	0
317865	1	1	11442	5800	10	13	0	1
317868	0	0	0	0	12	40	1	0
317869	0	0	21343	1376	14	19	0	0
317870	1	1	16274	0	14	39	1	0
317871	0	1	26850	6500	10	13	0	0
317872	0	0	912	0	12	37	1	0
317874	0	0	52206	0	10	19	0	1
317875	0	0	3220	2000	7	1	0	0
317877	0	1	7163	6000	14	16	0	1
317879	1	1	46101	0	12	13	0	0
317883	1	1	24564	0	12	17	0	1
317884	1	1	38717	2200	12	2	0	1
317885	0	1	47546	4000	12	5	0	1
317887	0	0	21214	3480	10	1	0	0
317888	0	0	52628	6000	10	13	0	1
317891	0	1	1683	0	12	346	1	0
317899	0	1	22817	0	12	0	0	1
317901	1	1	18319	7911	12	39	1	1
317903	1	1	0	1200	12	2	0	1
317907	1	1	54980	8000	11	13	0	1
317908	1	1	1761	1680	12	17	0	0
317909	1	1	5445	2000	12	346	1	1
317910	1	1	31418	1000	10	39	1	0
317911	1	1	24010	135	17	9	0	0
317916	1	1	7338	0	12	0	0	1
317918	0	1	401	250	10	13	0	0
317919	0	0	0	0	12	9	0	0
317925	1	1	20781	0	13	0	0	1
317927	0	0	34083	8000	12	39	1	1
317928	0	0	26992	3000	11	37	1	0
317929	1	1	25925	3000	12	39	1	1
317932	1	1	13200	0	12	2	0	0
317934	0	1	41985	18000	13	13	0	1
317935	1	1	1833	1800	12	39	1	1
317936	0	0	30051	3000	12	13	0	1
317940	0	1	54761	0	14	40	1	0
317942	0	1	13957	0	8	19	0	0
317945	0	0	4529	1000	8	17	0	0
317946	0	0	23084	3952	12	19	0	0
317949	1	1	26016	9500	12	13	0	1
317951	1	1	19957	5082	17	19	0	1
317958	1	1	32709	2185	12	13	0	0
317960	0	1	127353	9560	10	13	0	1
317961	0	0	3009	0	12	17	0	0
317965	1	1	51918	1100	12	15	0	1
317968	0	0	3606	0	9	1	0	0
317969	0	1	0	0	9	1	0	0
317970	1	1	59295	14000	12	15	0	1
317971	0	0	20787	10000	12	39	1	1
317972	1	1	8402	0	12	5	0	0
317975	1	1	0	0	9	37	1	0
317978	0	0	4401	0	11	9	0	0
317979	0	1	3524	0	12	13	0	0
317982	0	0	359	750	12	17	0	0
317984	1	1	39141	0	12	9	0	1
317986	1	1	0	0	12	2	0	1
317989	0	0	3117	500	15	1	0	0
317993	0	1	1209	1500	13	28	0	1
317999	0	0	31785	10000	12	13	0	0
318000	1	1	18163	4300	12	39	1	0
318001	0	1	746	0	12	9	0	0
318002	1	1	26460	3500	12	1	0	1
318003	0	0	14293	0	13	15	0	0
318004	0	0	21707	0	14	39	1	0
318006	1	1	771	0	12	13	0	0
318008	0	0	122	3000	8	17	0	1
318009	0	1	17316	0	12	39	1	0
318016	0	1	0	1000	8	2	0	1
318017	0	1	6	0	12	37	1	0
318018	1	1	3886	2500	8	17	0	1
318019	1	1	4011	0	12	9	0	0
318020	0	0	26637	7500	12	13	0	1
318022	0	0	6802	1600	8	346	1	0
318024	0	0	6746	752	12	15	0	0
318028	0	1	42768	21000	12	2	0	1
318029	1	1	6436	0	10	19	0	0
318030	0	0	14007	15000	12	15	0	1
318031	1	1	50147	7000	11	2	0	1
318033	0	0	5484	5581	12	19	0	1
318034	0	1	26808	4500	10	1	0	0
318038	1	1	25644	15545	13	17	0	0
318039	0	0	5418	2400	9	13	0	1
318041	1	1	0	9900	15	2	0	0
318043	1	1	49752	13200	12	1	0	1
318044	0	1	20850	2000	9	13	0	1
318046	0	1	42254	6000	11	13	0	1
318048	1	1	5889	2500	12	15	0	0
318050	0	1	26055	2300	12	39	1	1
318051	1	1	11622	6000	12	16	0	0
318052	0	1	16287	1895	11	9	0	1
318053	0	0	523	0	14	13	0	0
318054	1	1	354	0	10	19	0	1
318059	0	1	10392	700	17	16	0	0
318060	0	0	246	7000	10	19	0	0
318061	1	1	20389	0	13	16	0	0
318062	0	0	40434	2180	12	19	0	0
318063	0	0	15538	6212	12	39	1	0
318068	0	0	15248	4500	12	0	0	1
318069	0	1	71886	2400	12	15	0	1
318070	1	1	21060	400	12	1	0	1
318072	0	1	0	0	10	13	0	0
318079	0	0	1458	3107	12	17	0	0
318083	0	0	26458	4550	12	16	0	0
318084	1	1	7045	1200	12	16	0	1
318088	0	1	3660	0	15	28	0	1
318089	0	0	43145	3000	15	9	0	1
318093	0	1	30604	4583	11	39	1	1
318094	0	1	0	1603	12	13	0	0
318095	0	0	4800	6760	12	13	0	0
318096	1	1	17832	0	10	9	0	1
318097	1	1	1515	900	12	9	0	0
318099	1	1	30388	6006	12	1	0	0
318102	0	1	0	0	10	9	0	1
318103	1	1	17538	5000	11	13	0	0
318104	0	1	0	875	14	1	0	0
318107	0	0	27356	1000	12	28	0	1
318110	0	1	10518	0	14	9	0	0
318115	1	1	7671	0	14	15	0	0
318116	1	1	14094	180	8	19	0	1
318117	1	1	39676	870	12	13	0	1
318119	0	1	8214	0	14	28	0	1
318120	1	1	33192	0	13	17	0	0
318121	1	1	26581	5600	12	13	0	1
318124	0	1	3309	0	12	13	0	1
318125	1	1	10255	0	12	16	0	1
318128	0	0	9154	0	10	1	0	0
318133	0	1	510	3400	12	39	1	0
318138	1	1	31505	8663	11	19	0	1
318140	1	1	2505	1290	12	37	1	0
318142	0	0	0	397	11	1	0	0
318143	1	1	2046	16800	16	15	0	0
318145	0	0	37112	5000	11	17	0	1
318146	1	1	19735	0	13	39	1	0
318147	0	0	29841	16000	12	13	0	1
318155	0	0	1435	0	12	16	0	0
318157	0	1	53669	10803	10	1	0	1
318162	1	1	42567	15000	12	1	0	0
318164	0	0	46028	0	14	17	0	1
318166	0	0	650	10000	13	16	0	0
318168	0	1	40661	7200	12	40	1	1
318174	1	1	4746	0	12	13	0	0
318182	1	1	12075	1200	12	15	0	1
318185	1	1	236	1000	12	13	0	0
318186	0	1	64763	10000	12	37	1	1
318187	0	1	1644	9000	11	39	1	1
318189	0	1	7754	0	12	13	0	1
318191	0	0	483	375	13	39	1	0
318194	1	1	1980	200	11	28	0	0
318196	1	1	65961	19609	10	0	0	1
318198	1	1	0	16500	12	39	1	1
318200	1	1	19935	10000	12	1	0	0
318205	0	0	21202	5000	9	13	0	0
318206	1	1	0	0	11	5	0	0
318209	1	1	40417	4300	12	1	0	0
318210	0	1	10433	2165	12	17	0	0
318211	1	1	5667	5502	12	16	0	0
318213	1	1	534	0	14	16	0	0
318214	0	1	10052	7000	13	346	1	1
318217	0	1	0	540	12	19	0	1
318218	1	1	18627	5742	12	17	0	1
318220	1	1	6684	0	12	37	1	1
318222	1	1	29482	0	16	0	0	1
318227	0	0	0	5400	12	13	0	0
318228	0	1	196	7800	10	1	0	1
318229	0	1	23904	0	12	16	0	0
318233	0	0	0	0	12	1	0	0
318236	0	1	26103	6000	9	2	0	0
318239	0	0	44067	3000	16	2	0	1
318240	0	1	31422	1000	10	28	0	1
318242	1	1	20118	6000	12	19	0	1
318244	0	0	56421	2600	12	13	0	1
318246	1	1	16800	11000	12	9	0	1
318249	1	1	25119	10000	16	40	1	1
318250	0	0	12087	1750	11	13	0	1
318255	1	1	63330	9700	12	13	0	1
318257	1	1	39116	7000	14	16	0	0
318258	0	1	2520	3000	12	13	0	0
318259	1	1	21201	5760	12	37	1	0
318261	1	1	17032	0	13	15	0	0
318264	1	1	26186	6488	12	16	0	0
318265	1	1	17653	1140	12	5	0	0
318266	0	0	35868	10100	12	13	0	0
318270	0	0	9960	6000	13	28	0	1
318272	0	1	14640	5300	8	13	0	1
318273	1	1	11634	1180	11	15	0	0
318275	1	1	17959	7500	12	17	0	0
318276	0	0	20298	5000	12	39	1	1
318277	1	1	8727	6000	10	39	1	1
318278	1	1	12249	0	12	39	1	0
318279	0	1	15501	8000	9	1	0	0
318281	1	1	2941	9200	12	16	0	0
318286	0	0	17107	9000	10	5	0	1
318287	0	0	22089	5743	12	13	0	0
318288	0	0	93671	16204	12	39	1	1
318289	0	0	4494	0	13	17	0	0
318291	0	0	0	54	12	1	0	1
318294	1	1	16546	5000	14	13	0	0
318300	1	1	27549	6192	12	28	0	0
318301	0	0	3546	0	11	19	0	0
318302	1	1	17160	0	12	2	0	0
318303	0	0	2487	360	13	28	0	0
318306	1	1	4604	0	12	13	0	1
318308	0	1	0	145	9	9	0	1
318311	0	0	30997	3500	13	13	0	0
318312	0	1	3882	0	12	13	0	1
318316	0	1	522	100	8	39	1	1
318317	1	1	14361	3500	12	13	0	0
318318	1	1	47736	0	12	9	0	1
318321	0	1	4571	400	12	13	0	0
318322	0	1	5217	9898	12	13	0	0
318323	1	1	54998	7600	13	16	0	1
318325	0	0	260	2144	11	19	0	0
318327	0	0	465	2460	12	17	0	0
318332	1	1	3873	0	12	13	0	1
318333	0	0	21228	0	10	17	0	0
318335	1	1	0	160	10	16	0	0
318338	0	0	8587	10000	9	13	0	1
318339	1	1	13536	125	12	13	0	1
318340	1	1	25107	0	16	15	0	0
318344	0	1	3061	1200	16	13	0	1
318348	1	1	2577	256	12	17	0	0
318349	0	1	56346	0	17	19	0	1
318350	1	1	8358	3925	9	16	0	0
318351	1	1	669	310	13	13	0	0
318353	1	1	33460	1100	12	13	0	0
318354	1	1	3572	218	11	13	0	0
318355	0	0	3336	1600	12	1	0	0
318356	0	0	37410	4000	12	15	0	1
318361	1	1	0	3000	8	1	0	1
318364	1	1	15951	3500	17	16	0	1
318366	1	1	90077	12000	12	37	1	1
318367	0	1	0	0	11	2	0	1
318369	1	1	47898	10000	12	37	1	1
318370	1	1	37815	22000	11	37	1	1
318371	1	1	6038	0	12	17	0	0
318372	1	1	12518	2130	8	2	0	0
318373	0	0	1317	0	13	28	0	1
318374	0	0	25076	8000	12	13	0	0
318376	0	1	253	1500	12	13	0	0
318377	0	1	6839	3832	14	0	0	1
318379	0	1	35674	3000	8	1	0	1
318380	1	1	0	3442	15	16	0	0
318387	0	0	78150	16000	12	13	0	0
318388	1	1	37821	4600	13	9	0	0
318389	1	1	12509	2658	12	39	1	0
318392	0	0	7085	200	10	1	0	0
318395	1	1	4556	1366	12	1	0	0
318397	0	1	49911	6000	11	13	0	0
318398	1	1	59937	14000	13	13	0	1
318403	1	1	41190	1448	13	16	0	0
318404	0	0	4276	135	13	9	0	1
318405	0	1	0	0	13	5	0	0
318410	0	1	16824	0	12	13	0	0
318411	1	1	1351	444	11	0	0	0
318415	0	1	2763	3000	12	13	0	0
318421	1	1	38365	400	12	13	0	1
318424	1	1	10990	0	13	13	0	0
318425	0	1	861	3000	12	13	0	0
318427	0	0	0	0	11	28	0	0
318428	1	1	17313	4000	12	13	0	1
318429	0	1	13344	1067	12	1	0	1
318432	0	0	35028	10100	11	13	0	1
318433	1	1	0	0	12	17	0	1
318434	0	0	9677	5000	12	13	0	0
318436	0	0	5855	3000	12	17	0	0
318439	1	1	19374	0	12	9	0	0
318440	1	1	13632	2000	16	19	0	1
318443	0	0	462	1500	11	13	0	1
318444	0	1	789	2500	10	13	0	1
318445	0	1	13894	9720	10	39	1	0
318447	1	1	47283	22000	12	37	1	1
318449	0	0	40157	7920	8	1	0	1
318452	1	1	5970	7079	14	16	0	0
318454	0	1	15384	1540	9	17	0	0
318455	1	1	7202	4560	8	9	0	1
318457	0	1	21195	2600	12	13	0	0
318460	0	0	1467	4000	11	0	0	0
318464	1	1	12656	500	12	1	0	0
318465	0	1	0	0	9	19	0	0
318470	0	1	33604	98	11	1	0	1
318472	1	1	3301	0	12	15	0	0
318473	0	1	51690	69	12	13	0	0
318475	0	0	10365	2000	12	15	0	1
318476	1	1	7519	1200	9	28	0	1
318478	1	1	11855	528	8	13	0	1
318479	1	1	0	0	8	37	1	0
318484	0	0	5066	7000	16	17	0	1
318485	0	0	237	0	12	19	0	0
318487	1	1	41598	3500	10	15	0	1
318491	0	0	12309	4000	11	2	0	1
318492	1	1	16291	7741	11	13	0	0
318495	0	0	105747	6000	13	2	0	1
318496	0	0	4866	1000	12	16	0	0
318498	1	1	0	2897	13	9	0	0
318499	1	1	53421	7000	17	9	0	1
318500	1	1	7218	2605	10	39	1	0
318502	0	0	12522	6530	13	13	0	1
318503	1	1	22362	5630	12	37	1	0
318504	1	1	46244	5719	12	16	0	1
318506	1	1	40	9600	12	1	0	0
318508	0	0	1239	1260	15	15	0	0
318511	0	1	6649	4200	12	5	0	0
318512	0	1	0	1440	12	19	0	0
318514	1	1	0	900	12	2	0	1
318517	1	1	36846	10500	12	13	0	1
318519	0	1	3597	800	10	16	0	1
318521	0	1	17142	0	8	17	0	0
318522	1	1	675	0	11	2	0	0
318523	0	0	76673	1000	12	37	1	1
318524	0	1	8980	0	11	1	0	0
318525	0	1	717	0	10	13	0	1
318527	0	0	36277	6000	12	13	0	0
318528	0	1	2456	0	12	28	0	1
318529	1	0	15932	1917	12	37	1	0
318532	0	0	1477	9600	12	13	0	0
318533	0	1	16617	0	16	13	0	0
318534	1	1	4701	3300	11	16	0	0
318535	0	1	7874	0	12	28	0	1
318536	0	0	61485	200	12	9	0	1
318541	0	1	17589	2743	12	1	0	0
318543	0	0	0	3000	12	13	0	1
318545	1	1	50640	700	11	15	0	1
318547	0	0	19694	1500	12	37	1	0
318548	1	1	8541	3500	12	15	0	1
318549	0	0	7464	144	12	17	0	0
318550	1	1	17703	980	10	0	0	1
318551	1	1	6104	4500	10	40	1	0
318553	1	1	542	1249	10	16	0	0
318555	0	0	234	6333	11	19	0	1
318556	0	0	2416	3000	13	13	0	1
318557	1	1	40851	3000	12	39	1	0
318558	1	1	123	0	8	37	1	0
318561	0	0	0	3500	9	13	0	1
318563	0	1	7739	0	12	39	1	0
318569	0	0	8269	4800	12	5	0	1
318572	0	0	43712	1164	12	39	1	1
318574	0	1	20945	7265	11	13	0	0
318576	1	1	31681	0	13	13	0	1
318578	1	1	4608	3000	13	15	0	0
318579	1	1	14751	0	11	17	0	0
318582	0	0	16143	4500	12	39	1	0
318583	0	1	34001	8830	12	17	0	0
318586	0	1	84759	12050	12	13	0	1
318588	0	0	726	0	10	16	0	0
318589	0	1	0	170	14	2	0	0
318590	1	1	6549	0	8	17	0	0
318591	0	0	1987	0	8	1	0	0
318601	0	0	0	0	11	19	0	0
318602	0	0	21531	1100	12	13	0	0
318603	1	1	38229	4237	11	0	0	1
318606	0	1	46224	10000	12	13	0	0
318609	0	0	905	4418	8	16	0	1
318611	1	1	72394	1700	14	37	1	1
318615	0	0	7137	275	8	17	0	0
318616	0	0	26448	4400	14	39	1	0
318617	0	0	35445	7000	12	37	1	1
318619	0	1	9026	0	12	13	0	1
318620	1	1	10722	4350	13	13	0	1
318623	1	1	578	3500	12	16	0	0
318625	0	0	17374	0	18	13	0	1
318626	0	1	28801	160	8	13	0	0
318628	0	0	4551	10000	10	16	0	0
318630	0	0	16248	69	11	15	0	1
318632	0	0	10542	3400	12	13	0	0
318636	1	1	50951	4866	16	0	0	1
318637	0	0	12086	89	9	15	0	0
318642	1	1	27133	0	9	13	0	0
318644	1	1	22821	1500	11	39	1	1
318649	1	1	0	2240	10	19	0	0
318650	1	1	69739	14000	12	13	0	1
318653	1	1	2235	0	10	1	0	0
318655	0	1	4094	0	12	1	0	0
318656	0	1	4835	0	11	346	1	1
318658	1	1	10347	0	12	37	1	1
318662	1	1	2397	8000	12	19	0	0
318663	0	0	7264	3000	14	13	0	0
318664	1	1	2469	0	12	16	0	0
318666	1	1	17082	1500	12	9	0	1
318667	0	1	4758	200	12	2	0	0
318668	0	1	10438	10800	17	13	0	0
318669	1	1	19289	4000	12	15	0	1
318673	0	0	13914	0	12	13	0	0
318677	1	1	23289	50	12	13	0	0
318678	1	1	4515	75	9	1	0	0
318681	1	1	4044	6600	15	19	0	1
318682	1	1	42275	3600	11	13	0	0
318684	0	1	6102	590	12	13	0	1
318685	0	1	3164	3500	16	13	0	1
318686	1	1	22956	2040	15	39	1	0
318687	1	1	16965	3500	10	13	0	1
318689	1	1	29781	0	12	39	1	0
318690	1	1	12963	2500	14	19	0	1
318694	0	1	6400	7500	8	5	0	1
318695	1	1	9163	2000	11	9	0	1
318697	1	1	26062	1800	10	13	0	1
318702	0	0	24261	3892	16	17	0	0
318703	0	0	8364	8597	12	28	0	0
318704	0	0	35047	0	9	2	0	0
318709	1	1	4335	0	8	19	0	0
318713	0	1	23312	2500	12	13	0	0
318720	0	1	6	3000	9	2	0	1
318725	1	1	7408	1100	10	39	1	0
318726	1	1	5332	3400	8	2	0	1
318727	0	1	0	0	14	28	0	1
318731	0	0	9486	0	11	0	0	0
318733	1	1	0	1400	12	2	0	1
318736	0	0	0	0	10	16	0	0
318737	0	0	36440	0	11	1	0	1
318740	1	1	4720	7680	10	19	0	1
318741	0	1	339	0	13	13	0	1
318742	1	1	42741	200	10	39	1	1
318746	0	0	17826	2000	12	13	0	1
318752	1	1	33387	0	13	13	0	0
318755	0	0	6171	250	12	2	0	1
318756	0	1	9573	0	13	13	0	1
318758	0	1	3296	10780	11	40	1	1
318760	0	0	4230	800	8	13	0	1
318762	0	1	9264	1000	14	1	0	1
318763	0	0	14063	1300	10	13	0	1
318765	1	1	54780	2100	12	1	0	1
318766	1	1	9561	5000	12	1	0	1
318768	0	0	24171	250	14	39	1	1
318769	1	1	36767	3828	12	17	0	0
318770	0	1	36351	1100	15	39	1	1
318774	1	1	19776	5628	12	1	0	0
318776	1	1	1788	168	12	17	0	1
318781	1	1	13749	1000	16	16	0	1
318782	1	1	33159	3435	12	9	0	1
318784	0	0	2741	0	8	1	0	0
318785	1	1	32837	11730	12	13	0	1
318786	1	1	1017	0	13	9	0	0
318787	0	0	9516	5700	10	37	1	0
318788	1	1	4278	600	12	19	0	0
318790	0	0	34977	0	12	17	0	0
318791	0	0	23204	10800	8	13	0	1
318792	0	1	4983	6000	12	13	0	0
318793	0	0	20061	8500	12	1	0	0
318794	1	1	47996	4520	9	16	0	1
318797	0	0	17103	1100	12	13	0	1
318799	0	1	40463	15000	11	5	0	1
318802	0	1	45662	1500	12	13	0	1
318806	0	0	5493	0	8	19	0	0
318810	0	1	26559	1200	13	9	0	1
318811	1	1	30291	4000	11	16	0	1
318814	1	1	30823	4000	8	13	0	1
318815	1	1	1235	0	16	9	0	1
318820	1	1	0	0	8	9	0	1
318822	0	0	24336	4094	12	16	0	0
318823	0	0	4774	1000	12	1	0	0
318825	0	0	16228	1300	12	16	0	0
318828	1	1	0	2000	10	2	0	1
318831	1	1	4824	2300	13	13	0	1
318833	0	1	8181	0	10	1	0	0
318835	0	1	49695	1440	12	13	0	1
318842	1	1	37950	0	13	19	0	0
318843	1	1	10867	1060	11	1	0	0
318845	0	0	39230	8190	12	16	0	1
318846	0	0	2881	1500	12	13	0	1
318847	1	1	79253	20000	15	37	1	1
318848	0	0	0	0	8	28	0	0
318851	0	0	55173	1370	10	13	0	0
318852	1	1	31076	9320	12	1	0	1
318854	1	1	32191	12000	14	13	0	0
318855	0	1	0	0	11	9	0	0
318859	0	1	10998	0	9	0	0	1
318861	0	0	0	0	12	9	0	0
318862	0	0	4489	10500	12	19	0	1
318863	0	1	24146	8000	11	39	1	0
318864	0	1	20098	150	12	13	0	1
318867	0	0	1140	250	11	19	0	0
318869	0	0	1550	4198	12	16	0	1
318870	1	1	3252	5994	13	13	0	0
318876	1	1	15816	2000	11	1	0	1
318877	0	1	82	0	8	13	0	1
318879	0	0	28283	4400	12	15	0	1
318881	0	0	13305	12000	14	13	0	1
318883	0	0	9942	10500	11	39	1	0
318885	1	1	17337	0	9	28	0	0
318886	0	0	50241	10	12	13	0	0
318887	1	1	12315	8600	12	15	0	1
318889	0	0	9480	250	8	19	0	1
318891	1	1	25755	3300	13	13	0	1
318896	0	1	9798	3500	13	39	1	0
318897	0	0	16463	2714	12	39	1	0
318901	1	1	11327	2556	12	17	0	0
318902	0	1	1516	0	12	2	0	0
318905	0	1	8556	4000	12	37	1	0
318906	1	1	62175	98	12	1	0	1
318907	0	1	6336	10114	12	13	0	1
318909	0	1	519	2040	11	17	0	0
318910	1	1	42897	0	14	15	0	1
318913	1	1	0	0	10	13	0	0
318916	1	1	6282	0	11	19	0	1
318917	0	1	6164	6000	12	13	0	1
318918	0	0	1505	1260	12	39	1	1
318919	0	0	4016	0	8	19	0	1
318923	0	1	3450	0	8	13	0	0
318926	0	0	53980	11655	12	9	0	1
318929	0	1	0	0	12	2	0	1
318931	0	0	3481	3050	12	13	0	1
318932	0	1	1811	4868	11	37	1	1
318934	0	0	6547	2500	12	39	1	0
318936	0	1	25200	9000	12	13	0	0
318938	1	1	30989	9000	16	16	0	0
318939	0	0	0	5610	12	19	0	0
318942	0	0	0	0	12	39	1	1
318943	1	1	29186	9465	12	0	0	0
318944	1	1	13366	2500	12	15	0	1
318947	1	1	12945	1055	12	39	1	1
318948	1	1	0	0	12	13	0	0
318950	0	0	5523	0	10	39	1	1
318953	0	0	25451	77	12	2	0	0
318958	1	1	0	0	13	2	0	0
318961	0	1	4544	0	7	28	0	0
318962	0	1	66	0	12	28	0	0
318964	0	1	597	5892	16	13	0	1
318965	0	0	170	140	8	9	0	0
318967	1	1	20787	12262	12	5	0	1
318969	1	1	33771	4860	12	15	0	1
318972	0	0	0	700	10	1	0	0
318973	1	1	34739	3711	12	16	0	1
318974	0	0	23433	1020	11	1	0	0
318975	1	1	27630	5800	12	13	0	1
318977	0	1	30376	85	10	9	0	1
318979	1	1	3456	1244	12	1	0	1
318980	1	1	24897	0	10	1	0	0
318981	0	1	27412	435	14	9	0	0
318982	1	1	57404	22389	12	13	0	1
318984	1	1	40056	18800	12	16	0	1
318986	0	1	0	2400	12	13	0	0
318988	0	0	30864	10500	12	17	0	1
318989	0	0	1944	0	10	9	0	0
318990	1	1	22376	5000	10	13	0	1
318993	1	1	30756	0	8	1	0	0
318994	1	1	14640	728	12	19	0	1
318997	0	1	47694	4900	12	19	0	0
318998	0	0	12612	0	9	37	1	0
319003	0	0	16857	3000	12	13	0	1
319004	1	1	39491	0	12	16	0	0
319005	0	0	5607	1200	12	1	0	0
319009	0	0	43571	2000	11	19	0	1
319011	1	1	7502	500	15	13	0	1
319012	1	1	1949	17	10	1	0	1
319015	1	1	44410	7168	12	2	0	1
319016	1	1	28667	6700	11	39	1	0
319018	1	1	20925	11000	12	15	0	1
319021	0	0	8196	2500	12	17	0	0
319022	0	0	0	0	11	16	0	1
319028	0	1	0	0	7	19	0	1
319031	0	0	13680	180	16	15	0	0
319033	0	1	203	0	9	1	0	0
319034	0	1	3855	0	14	39	1	1
319038	0	0	37487	4000	12	13	0	0
319039	1	1	5244	0	14	17	0	0
319040	1	1	3699	5240	12	17	0	1
319042	1	1	5883	640	12	13	0	0
319043	1	1	14866	0	14	15	0	0
319046	1	1	24195	2512	13	16	0	1
319049	0	0	984	0	10	2	0	1
319050	1	1	14140	1200	12	15	0	1
319051	1	1	17980	224	16	17	0	0
319052	0	0	33862	7000	10	13	0	1
319058	0	1	2423	0	9	1	0	0
319063	1	1	19500	0	17	16	0	1
319064	1	1	25250	2000	13	37	1	1
319066	1	1	34828	5400	10	19	0	0
319067	0	0	11007	5900	12	13	0	0
319068	0	0	41987	48	10	1	0	0
319072	0	0	367	0	11	13	0	1
319077	0	0	5068	2310	10	13	0	0
319081	1	1	2874	5000	13	17	0	1
319083	1	1	5067	468	8	13	0	0
319084	1	1	26004	2282	10	0	0	0
319088	0	0	8567	2300	11	9	0	1
319090	0	1	7296	3000	12	13	0	0
319091	1	1	4501	5212	11	16	0	0
319092	0	0	28730	6000	12	13	0	0
319095	0	0	1379	2652	12	13	0	0
319096	0	0	24228	2900	12	0	0	0
319098	1	1	35677	0	12	0	0	1
319101	0	0	0	0	12	40	1	0
319102	0	1	0	0	10	13	0	0
319103	1	1	20577	5280	16	39	1	1
319109	0	0	0	0	12	2	0	0
319111	0	1	723	500	12	9	0	1
319113	1	1	0	402	10	0	0	1
319115	1	1	11442	2500	12	39	1	1
319116	0	1	31047	4266	15	16	0	0
319117	0	1	9477	2912	13	346	1	0
319118	0	0	20720	6000	15	15	0	0
319120	1	1	53005	12000	12	13	0	1
319123	1	1	10042	1600	8	16	0	0
319125	0	1	11496	0	9	1	0	0
319126	1	1	7644	299	11	17	0	0
319127	0	0	31737	6000	13	2	0	0
319128	1	1	21994	1600	16	19	0	1
319129	1	1	816	275	13	2	0	1
319132	0	0	34784	0	11	346	1	0
319134	1	1	11235	4000	12	13	0	1
319135	0	0	9188	98	12	1	0	0
319136	0	1	4618	1300	12	16	0	0
319137	0	1	23421	500	12	17	0	0
319138	1	1	28062	500	12	13	0	1
319145	0	1	31924	4790	13	28	0	1
319149	1	1	6453	1080	11	19	0	1
319151	1	1	56291	1739	16	17	0	1
319159	0	1	2701	3000	11	5	0	0
319160	1	1	61769	9000	12	15	0	1
319164	1	1	14110	0	11	13	0	0
319170	0	1	20016	9000	12	17	0	0
319171	1	1	816	2000	12	15	0	0
319173	1	1	16079	0	12	13	0	0
319174	0	0	17964	6000	10	13	0	1
319177	0	0	57	3287	13	16	0	0
319178	1	1	34086	11500	10	13	0	0
319183	0	1	0	1500	10	2	0	1
319187	1	1	10019	7000	12	13	0	0
319189	0	1	26898	2500	11	39	1	1
319191	1	1	0	0	8	40	1	1
319193	1	1	23063	0	12	13	0	0
319197	0	1	0	7800	11	39	1	1
319198	0	1	26094	8161	12	17	0	0
319200	1	1	5564	2700	13	2	0	0
319201	0	0	0	0	8	9	0	0
319202	1	1	19696	5985	16	39	1	1
319204	0	0	959	0	11	17	0	0
319209	0	0	17357	8462	9	19	0	1
319210	1	1	2814	0	11	19	0	0
319211	1	1	51	1200	11	9	0	0
319212	1	1	34644	1500	12	17	0	1
319214	0	1	41105	11000	12	13	0	1
319216	0	0	807	0	10	1	0	0
319217	0	1	0	0	10	13	0	1
319224	1	1	4099	10000	12	40	1	0
319225	1	1	36390	912	16	13	0	1
319226	1	1	44385	1400	11	13	0	1
319231	0	0	43925	2500	12	2	0	1
319233	1	1	31218	2500	12	19	0	0
319234	1	1	14963	6840	10	13	0	0
319236	0	1	0	1000	17	19	0	1
319244	0	0	0	465	9	13	0	0
319248	0	0	10847	4368	11	17	0	0
319250	1	1	60326	7000	10	13	0	1
319256	0	0	9441	3500	12	1	0	0
319258	0	1	0	1500	12	13	0	1
319259	0	0	11172	5620	8	2	0	1
319262	0	1	0	4800	14	39	1	1
319263	0	0	1722	0	8	28	0	1
319264	0	0	0	1688	9	16	0	0
319265	0	1	5925	7200	16	16	0	1
319270	1	1	48	1700	16	9	0	0
319274	0	1	68383	3000	10	13	0	1
319276	1	1	8156	0	9	16	0	0
319280	0	1	0	0	10	13	0	0
319287	0	0	417	0	16	0	0	0
319290	1	1	27678	40	14	15	0	0
319291	0	1	18593	4522	14	1	0	1
319292	1	1	8756	7000	8	13	0	0
319293	0	0	3276	0	14	19	0	0
319303	1	1	8671	1154	11	39	1	0
319305	1	1	20917	300	14	5	0	0
319307	1	1	234	3000	14	15	0	1
319309	0	0	6072	0	9	9	0	0
319310	1	1	2766	0	12	17	0	0
319312	1	1	62713	2000	12	9	0	1
319313	1	1	0	0	15	16	0	0
319314	1	1	18144	6000	13	16	0	0
319315	1	1	2396	0	12	2	0	0
319316	1	1	28290	1900	8	13	0	1
319323	0	1	0	134	11	15	0	0
319325	0	0	487	1000	11	16	0	0
319326	1	1	36702	7000	12	19	0	0
319328	0	1	0	6000	11	13	0	0
319329	1	1	1258	0	8	1	0	0
319330	1	1	73548	10184	12	16	0	1
319334	0	0	9062	5000	10	28	0	0
319335	0	0	1937	3000	12	17	0	1
319337	0	0	334	933	12	17	0	0
319339	0	0	41106	13000	12	15	0	1
319343	0	0	6799	5000	15	17	0	1
319344	0	0	39505	1400	11	1	0	1
319347	1	1	12942	0	12	19	0	0
319354	0	0	6406	1500	9	9	0	0
319355	0	0	25377	6000	14	39	1	1
319357	0	0	0	0	11	19	0	0
319358	1	1	6984	3497	13	1	0	0
319360	1	1	26268	824	8	1	0	1
319363	0	0	57157	6500	12	0	0	1
319367	1	1	22434	4019	14	39	1	0
319370	1	1	36909	5000	12	39	1	0
319371	1	1	2198	2193	10	16	0	0
319373	1	1	11391	2112	12	1	0	0
319377	0	1	6399	10000	12	13	0	0
319379	1	1	63180	12765	12	0	0	1
319380	1	1	7038	2700	14	39	1	1
319388	1	1	6978	0	12	19	0	1
319389	0	0	13781	300	12	28	0	1
319390	1	1	10143	0	12	19	0	0
319392	0	1	376	720	10	13	0	0
319395	1	1	8474	600	11	39	1	1
319396	0	1	20945	4800	14	28	0	0
319398	1	1	20565	5600	15	16	0	1
319399	1	1	22513	0	15	39	1	0
319400	1	1	4146	0	12	13	0	0
319401	0	1	46521	20000	12	39	1	1
319404	0	1	46497	5600	12	39	1	1
319406	1	1	25689	0	11	1	0	0
319407	1	1	738	720	9	19	0	0
319410	1	1	53769	6000	17	1	0	1
319413	0	1	297	4000	15	19	0	1
319417	0	1	8938	5592	12	39	1	0
319422	1	1	0	0	8	9	0	0
319425	0	1	19887	0	12	17	0	0
319427	1	1	4307	400	12	37	1	0
319429	0	0	36273	12500	14	13	0	1
319431	0	1	2187	9000	12	2	0	1
319435	0	0	13853	3805	12	13	0	0
319437	1	1	2433	4500	10	39	1	1
319440	1	1	312	2064	9	37	1	0
319441	0	1	1704	0	12	13	0	1
319442	1	1	6324	960	10	13	0	0
319444	0	0	25941	5850	12	1	0	0
319446	1	1	22062	5947	12	16	0	1
319448	1	1	19859	2937	12	17	0	0
319452	0	1	0	2218	12	0	0	1
319453	1	1	1109	0	12	28	0	0
319455	1	1	5081	3360	11	19	0	1
319457	1	1	0	1900	10	19	0	1
319460	0	1	0	0	8	19	0	0
319462	1	1	43488	5000	15	13	0	1
319463	1	1	1042	7500	12	13	0	0
319466	1	1	7698	8904	12	5	0	0
319467	1	1	0	0	17	19	0	1
319470	0	1	108	0	8	13	0	1
319471	0	1	16641	100	9	17	0	0
319473	0	1	48792	0	11	19	0	0
319481	0	0	15396	11000	12	17	0	0
319482	0	0	6512	4000	12	17	0	1
319488	0	1	8306	7200	9	13	0	0
319489	1	1	39759	303	12	16	0	1
319490	1	1	22278	100	10	28	0	0
319491	0	1	4526	2000	11	13	0	0
319492	0	1	12212	104	12	13	0	1
319497	0	1	1215	3000	12	2	0	1
319498	1	1	44227	2000	12	17	0	1
319500	1	1	35005	10000	11	17	0	0
319502	0	0	25577	2200	12	2	0	1
319503	1	1	30213	11869	14	13	0	0
319504	1	1	0	0	13	16	0	0
319507	0	1	0	1500	9	2	0	0
319508	1	1	24030	2737	11	9	0	1
319510	1	1	11653	6000	12	17	0	0
319511	1	1	19505	6390	10	15	0	0
319512	1	1	912	0	12	15	0	1
319513	1	1	46283	12000	11	13	0	0
319515	0	0	14386	0	12	13	0	0
319517	0	0	3492	4000	14	13	0	0
319518	0	0	17792	3000	13	13	0	1
319519	0	0	19556	10050	12	17	0	1
319523	1	1	5823	0	9	13	0	1
319525	1	1	10932	0	10	19	0	0
319526	1	1	676	504	13	16	0	0
319529	0	1	20569	360	9	13	0	0
319531	1	1	55653	100	12	13	0	1
319537	0	0	17678	8640	10	9	0	0
319539	1	1	18840	8600	8	16	0	0
319541	0	0	5876	3200	10	13	0	1
319543	1	1	36899	1600	17	19	0	0
319544	0	1	5013	3000	12	13	0	0
319546	1	1	9219	1200	12	5	0	0
319549	0	0	8307	550	15	16	0	0
319551	1	1	0	2560	13	13	0	1
319559	1	1	19651	3677	16	17	0	0
319562	0	0	9084	1800	12	13	0	1
319565	0	1	11642	7488	13	13	0	0
319568	1	1	14857	12723	13	16	0	1
319569	0	1	7183	0	12	0	0	0
319571	1	1	10755	1500	12	39	1	0
319574	1	1	8400	402	9	9	0	1
319578	1	1	171	7992	12	19	0	0
319581	0	0	42501	8000	12	13	0	1
319582	1	1	9371	6000	14	37	1	0
319585	0	1	0	1000	8	1	0	1
319586	1	1	9916	0	13	19	0	1
319587	1	1	2871	9000	16	16	0	1
319588	0	0	11055	3825	14	39	1	1
319590	0	1	43085	6000	10	13	0	1
319592	0	0	0	0	10	5	0	0
319595	0	1	58230	0	8	19	0	1
319596	0	1	3315	1300	10	17	0	1
319598	0	1	0	1750	14	37	1	1
319603	1	1	28023	0	8	19	0	0
319604	0	1	39324	4800	16	13	0	1
319605	1	1	0	0	16	16	0	0
319607	0	0	61672	10230	14	16	0	1
319608	0	0	20125	0	12	13	0	1
319610	0	1	0	2000	12	39	1	1
319611	1	1	17473	2000	11	13	0	1
319612	0	0	48640	4500	12	0	0	1
319614	0	0	16169	0	9	17	0	0
319615	0	0	16590	671	13	15	0	0
319618	0	1	15446	8000	12	13	0	1
319620	0	1	4839	3000	16	19	0	1
319621	1	1	2679	8600	9	13	0	1
319623	1	1	20058	1110	8	17	0	0
319628	0	0	16934	3500	12	17	0	0
319630	1	1	8800	7571	8	1	0	0
319631	1	1	9730	2200	12	13	0	0
319632	0	1	12174	0	12	13	0	0
319634	0	0	72074	6500	12	39	1	1
319636	1	1	9126	3000	12	13	0	0
319637	0	1	5145	8372	8	13	0	0
319638	0	0	2670	0	11	1	0	0
319640	0	1	53478	500	12	13	0	1
319644	0	0	43215	8394	15	39	1	0
319645	1	1	12073	5000	12	15	0	1
319646	1	1	14481	4832	16	17	0	0
319647	1	1	7279	1200	12	39	1	0
319650	1	1	6587	0	10	13	0	0
319653	0	0	9015	1500	12	13	0	1
319655	0	1	20184	2100	13	15	0	1
319659	1	1	14501	1400	8	16	0	0
319661	1	1	2634	725	12	15	0	0
319662	1	1	0	0	13	17	0	0
319665	0	1	0	0	9	2	0	0
319666	1	1	44119	4958	13	19	0	1
319667	1	1	35780	8000	12	9	0	0
319673	1	1	15771	5720	15	19	0	0
319674	0	0	15684	1000	12	13	0	0
319688	0	1	5613	5394	10	39	1	1
319689	0	1	12396	0	12	39	1	0
319693	0	0	9552	0	9	1	0	0
319695	1	1	978	0	12	1	0	1
319698	0	0	9648	630	12	13	0	0
319700	1	1	50424	21246	12	16	0	1
319712	0	0	42583	2200	13	2	0	0
319714	0	1	3141	5500	12	13	0	0
319715	0	0	1254	5565	12	13	0	1
319717	0	0	6410	4902	14	16	0	0
319718	0	1	33081	9347	8	13	0	1
319721	1	1	225	5432	12	39	1	0
319723	1	1	2595	6000	10	1	0	0
319727	0	1	0	0	10	19	0	1
319729	0	0	145	1601	11	16	0	1
319732	1	1	33699	11840	12	13	0	1
319733	0	0	41145	11000	16	17	0	1
319735	0	0	22524	2974	9	13	0	0
319737	0	1	17221	0	12	13	0	0
319738	1	1	9066	640	12	0	0	1
319739	0	1	48622	3000	12	2	0	1
319740	1	1	11748	3178	8	39	1	1
319741	0	1	19431	3700	9	13	0	0
319742	0	1	3504	3000	11	13	0	1
319743	1	1	10729	442	12	37	1	0
319744	0	0	9729	1760	13	9	0	0
319746	0	0	46495	12000	12	13	0	1
319747	0	0	8891	0	12	40	1	0
319748	1	1	22476	7050	14	2	0	1
319750	0	1	3141	3000	12	13	0	0
319751	0	0	64899	5000	9	0	0	1
319752	1	1	16164	10300	11	13	0	1
319757	1	1	15653	711	12	16	0	0
319764	0	0	34070	15000	13	13	0	0
319765	0	0	2289	900	11	16	0	0
319767	0	0	1479	1800	12	39	1	1
319771	0	1	24815	5382	13	13	0	0
319779	0	0	21528	2300	13	17	0	0
319780	0	0	352	28	12	37	1	1
319781	0	0	626	0	8	13	0	1
319783	1	1	9827	0	10	19	0	0
319785	0	0	14283	5000	16	13	0	1
319786	0	0	1427	3800	12	13	0	0
319788	0	1	9951	0	13	13	0	0
319789	1	1	24461	7850	10	13	0	1
319792	1	1	6186	3000	11	13	0	0
319797	0	1	15417	5200	13	13	0	0
319799	1	1	15480	155	13	0	0	0
319800	0	1	42660	200	12	13	0	1
319801	1	0	15749	200	13	15	0	1
319803	1	1	4901	507	11	0	0	0
319805	1	1	12736	3500	15	13	0	1
319806	0	1	42194	6100	12	13	0	0
319809	0	0	0	0	12	1	0	0
319811	0	0	0	0	11	37	1	0
319812	1	1	37282	1094	11	39	1	1
319814	0	0	9354	0	12	17	0	1
319817	1	1	22848	0	14	37	1	1
319818	0	1	0	98	12	1	0	1
319819	0	1	8320	2000	11	16	0	1
319823	0	1	6556	7000	14	2	0	1
319828	1	1	22587	9064	11	13	0	0
319829	1	1	17982	3100	12	17	0	0
319830	0	1	240	200	8	19	0	1
319833	0	0	22109	14000	12	16	0	0
319836	1	1	9689	23	14	13	0	1
319837	1	1	869	0	16	13	0	1
319840	1	1	4730	8000	10	28	0	0
319841	1	1	41205	0	16	28	0	1
319842	0	1	21026	0	12	13	0	1
319844	0	1	18192	200	11	9	0	1
319846	0	0	43585	9600	15	2	0	1
319847	1	1	35641	9000	13	13	0	0
319848	0	0	456	0	12	9	0	0
319849	0	1	78	0	11	1	0	0
319850	0	0	56189	0	12	13	0	1
319851	1	1	20359	11000	16	37	1	1
319852	1	1	2676	1407	12	9	0	0
319856	0	0	3354	5000	13	13	0	1
319859	0	1	30188	3400	12	28	0	1
319863	1	1	4547	3840	12	346	1	1
319867	0	1	20181	10000	12	13	0	0
319868	0	1	0	0	12	13	0	0
319871	1	1	0	40	15	15	0	0
319875	1	1	15093	0	11	17	0	0
319877	1	1	11716	150	13	15	0	1
319878	0	0	16569	7000	12	13	0	1
319881	1	1	15470	10000	9	13	0	1
319882	0	0	0	5000	14	16	0	1
319886	1	1	70894	14469	12	16	0	1
319887	1	1	9113	3500	12	13	0	1
319894	0	1	19095	200	12	13	0	0
319896	0	0	1655	0	9	9	0	1
319899	0	1	66546	4791	12	13	0	1
319901	1	1	9123	7500	12	0	0	1
319902	1	1	27710	12600	12	37	1	1
319904	0	1	0	14000	14	19	0	1
319908	0	1	31633	10056	12	2	0	0
319911	1	1	20949	6000	12	17	0	0
319915	1	1	6144	0	12	16	0	0
319916	1	1	5741	1120	9	0	0	0
319918	0	0	29058	200	12	13	0	1
319919	1	1	11490	0	8	19	0	0
319921	0	0	11913	1031	10	13	0	1
319923	1	1	0	5220	14	15	0	0
319924	1	1	425	98	12	9	0	0
319925	1	1	1599	2512	12	1	0	1
319931	1	1	0	2500	12	16	0	0
319932	0	0	42494	6030	12	16	0	1
319935	0	0	0	0	10	2	0	1
319936	1	1	34775	129	14	13	0	1
319944	1	1	6630	6438	8	1	0	0
319946	0	1	1902	2768	12	1	0	0
319947	0	1	8199	5294	17	16	0	0
319950	0	0	2504	0	14	9	0	0
319953	0	0	2382	63	16	9	0	1
319956	1	1	7614	1700	13	2	0	0
319957	0	0	0	3000	12	2	0	1
319958	0	0	36530	14000	12	19	0	1
319963	1	1	0	2000	13	15	0	1
319964	1	1	21913	5250	11	39	1	1
319969	0	0	31826	2400	13	19	0	1
319973	1	1	3351	112	9	9	0	0
319974	0	1	0	384	11	13	0	0
319975	1	1	3836	0	11	13	0	0
319976	1	1	1575	0	10	15	0	0
319978	0	1	648	0	10	2	0	1
319979	0	1	18195	3990	12	13	0	1
319981	0	1	13367	700	10	1	0	0
319982	1	1	21523	8000	12	13	0	0
319983	0	1	30979	7000	11	13	0	1
319984	1	1	27987	0	12	16	0	0
319985	1	1	3720	2000	11	346	1	0
319986	0	0	20318	1000	8	17	0	0
319989	1	1	37138	5500	11	13	0	1
319990	1	1	4692	5000	12	17	0	0
319991	1	1	5745	3000	8	39	1	1
319993	0	0	67730	10000	14	15	0	1
319996	0	1	28076	224	12	13	0	1
319998	1	1	15375	8912	12	0	0	0
320002	0	0	861	10000	13	2	0	1
320003	0	0	891	0	8	9	0	0
320004	0	0	30991	8800	12	37	1	0
320008	1	1	2617	560	9	39	1	0
320010	1	1	49824	2061	15	2	0	1
320014	0	1	9602	8000	12	19	0	0
320015	0	0	10191	6000	11	13	0	0
320018	1	1	1	1400	15	15	0	0
320019	0	0	193	0	8	19	0	0
320020	0	1	25988	4008	12	16	0	0
320021	0	0	2934	0	12	9	0	0
320029	0	1	45265	3000	12	1	0	1
320031	1	1	27115	2600	13	13	0	0
320032	1	1	7487	3500	15	1	0	0
320033	0	1	16776	6000	12	28	0	0
320034	0	1	16755	700	12	13	0	1
320036	0	1	30383	0	12	5	0	1
320037	0	1	12671	0	8	346	1	1
320038	1	1	11863	2571	8	19	0	0
320039	0	1	2556	1325	12	19	0	0
320040	0	0	11373	450	9	15	0	0
320048	0	0	7545	3000	12	19	0	0
320049	0	0	6954	3000	11	2	0	1
320050	1	1	19396	0	10	13	0	0
320051	0	0	23040	0	12	1	0	0
320052	0	1	8247	5000	12	13	0	0
320053	0	0	21634	900	11	0	0	0
320054	0	1	3992	5600	12	39	1	0
320056	0	0	6887	500	12	13	0	1
320057	1	1	5907	0	12	9	0	1
320058	0	0	6727	0	11	39	1	0
320059	0	1	27732	4000	9	13	0	0
320060	0	0	7573	2800	11	16	0	0
320064	0	1	47869	13000	12	13	0	1
320066	0	1	23478	2272	12	37	1	0
320069	1	1	25827	6000	12	15	0	1
320070	1	1	26785	278	11	1	0	0
320073	0	1	0	1400	12	2	0	0
320075	1	1	78	1260	12	16	0	0
320077	0	0	8940	1741	17	16	0	0
320080	1	1	0	0	8	16	0	1
320083	1	1	0	2200	16	16	0	0
320086	1	1	16134	2400	14	39	1	0
320087	0	1	688	90	8	2	0	1
320088	0	1	24036	13658	11	13	0	0
320091	0	0	2055	6000	8	39	1	1
320093	0	1	23198	4604	12	39	1	0
320099	0	0	70062	4728	14	16	0	1
320102	1	1	84	150	12	1	0	0
320105	0	0	5805	700	12	28	0	0
320108	0	0	23436	1000	9	28	0	0
320110	0	1	0	1000	12	28	0	1
320111	1	1	616	1200	11	19	0	1
320112	1	1	24902	6248	11	39	1	0
320113	0	0	14070	0	7	16	0	0
320114	1	1	20875	0	10	2	0	1
320117	1	1	13956	9500	10	13	0	0
320123	0	0	11208	800	16	28	0	1
320124	1	1	34737	0	8	13	0	1
320125	0	1	12435	800	14	19	0	0
320128	1	1	44648	2604	12	16	0	0
320129	0	1	10028	0	8	17	0	1
320132	1	1	0	4435	16	19	0	1
320134	0	0	13519	0	12	16	0	0
320135	1	1	42156	12030	12	13	0	1
320136	0	0	0	0	12	5	0	0
320138	1	1	15884	3432	10	15	0	0
320141	0	1	11729	0	8	13	0	1
320143	0	0	21429	750	12	37	1	0
320147	0	0	28625	2500	12	16	0	0
320151	0	1	28506	209	12	9	0	0
320152	0	0	22340	7000	13	13	0	0
320153	0	1	2799	0	12	40	1	0
320154	0	0	4748	1200	10	2	0	0
320156	0	1	12345	4864	12	39	1	1
320157	1	1	30270	13000	12	9	0	1
320164	1	1	3094	500	12	1	0	0
320165	1	1	31587	0	9	13	0	0
320169	1	1	14897	6000	13	39	1	1
320173	0	0	0	950	11	13	0	0
320174	1	1	0	0	13	1	0	0
320175	0	1	580	4850	12	1	0	1
320177	1	1	339	1648	9	9	0	0
320182	1	1	708	1905	11	16	0	0
320184	0	1	0	0	9	9	0	1
320185	0	0	22115	0	14	40	1	1
320186	0	0	15124	0	8	2	0	0
320187	1	1	25304	0	12	19	0	0
320191	1	1	19555	0	14	13	0	0
320200	1	1	7968	0	8	19	0	0
320205	0	0	0	0	14	17	0	0
320206	0	0	23403	9000	12	13	0	0
320207	0	1	14724	0	11	17	0	0
320208	1	1	1754	0	12	5	0	0
320211	1	1	7419	4328	12	13	0	0
320213	1	1	29223	3800	10	13	0	0
320216	1	1	0	0	11	9	0	0
320220	0	1	15634	4720	11	39	1	1
320221	0	0	2370	2000	9	2	0	1
320222	1	1	11292	1800	15	16	0	0
320223	0	1	12557	6720	12	17	0	1
320226	0	1	0	0	11	13	0	0
320232	0	0	0	0	8	1	0	0
320234	0	0	25938	2000	10	2	0	1
320235	1	1	5124	0	10	17	0	0
320239	0	0	4151	4000	10	17	0	1
320240	0	1	30863	5460	10	1	0	1
320246	0	1	493	0	12	13	0	0
320247	1	1	22281	6400	12	13	0	1
320249	1	1	11370	72	12	39	1	0
320250	1	1	330	5000	17	19	0	1
320255	1	0	2796	0	12	28	0	1
320256	0	0	5892	0	12	13	0	0
320257	0	1	1972	0	11	15	0	1
320258	1	1	37067	2814	10	19	0	1
320259	0	0	7934	900	12	39	1	0
320260	0	1	0	600	8	1	0	0
320264	0	1	17718	680	12	19	0	1
320265	0	0	365	1540	9	17	0	0
320266	1	1	1299	0	10	2	0	1
320268	0	0	0	0	12	15	0	1
320269	0	1	384	1600	12	13	0	0
320270	1	1	2173	200	12	19	0	1
320271	0	0	34071	9406	12	13	0	0
320275	0	0	19322	10200	10	9	0	0
320276	0	0	1944	0	10	2	0	1
320280	1	1	34320	11000	12	1	0	1
320284	0	1	7174	300	8	1	0	0
320288	0	0	15684	8000	11	13	0	1
320289	1	1	0	0	12	17	0	0
320290	1	1	28826	8000	16	16	0	0
320293	0	0	16	650	8	16	0	0
320295	1	1	36693	0	12	13	0	0
320297	0	1	27840	18200	11	15	0	1
320298	0	1	0	0	8	9	0	0
320303	1	1	3453	0	12	13	0	0
320304	0	1	68772	400	12	2	0	1
320307	0	0	19327	4800	12	0	0	1
320308	1	1	0	8000	9	13	0	1
320309	1	1	15092	2240	10	5	0	1
320310	0	0	10301	4518	12	16	0	1
320312	0	0	2980	250	9	19	0	0
320313	0	1	40	1808	12	13	0	0
320314	0	0	9491	0	10	13	0	0
320316	1	1	10417	9980	12	39	1	1
320317	1	1	8544	0	13	15	0	0
320319	0	1	62640	0	8	1	0	1
320324	0	0	42097	0	12	40	1	1
320325	0	0	34321	200	10	5	0	1
320327	0	0	48	999	13	19	0	0
320328	0	1	6790	7826	12	13	0	1
320329	0	0	26533	700	12	2	0	1
320330	0	0	12991	3234	12	17	0	0
320331	0	0	9192	0	12	16	0	0
320333	0	1	1830	400	12	1	0	0
320334	0	0	8056	5759	15	0	0	1
320337	1	1	25301	98	12	1	0	0
320338	0	0	3152	1800	16	13	0	0
320342	0	1	13647	0	12	13	0	1
320343	1	1	28881	700	11	16	0	1
320346	0	1	38932	2000	17	1	0	1
320348	1	1	0	6300	12	39	1	0
320350	0	1	1765	13487	12	5	0	0
320352	0	0	2883	0	12	37	1	0
320353	1	1	921	6700	12	17	0	0
320355	0	0	6762	150	12	15	0	0
320356	0	1	6665	9000	11	28	0	1
320358	0	0	51	0	11	17	0	0
320366	1	1	0	0	12	17	0	1
320367	1	1	41279	4864	12	17	0	0
320368	1	1	22451	4368	9	39	1	0
320371	0	1	4471	0	12	28	0	0
320374	0	1	3796	0	13	13	0	1
320375	0	0	0	4545	9	17	0	0
320378	0	0	0	0	12	37	1	0
320379	0	1	7126	0	10	2	0	0
320381	1	1	34294	2263	14	13	0	1
320382	0	0	516	6000	11	39	1	0
320384	0	0	45109	7385	14	39	1	1
320386	0	0	1149	0	10	17	0	0
320388	1	1	234	0	12	13	0	1
320391	0	1	3807	6432	14	13	0	0
320392	0	0	728	7000	7	13	0	1
320394	1	1	2124	600	12	1	0	0
320395	1	1	11577	0	11	13	0	0
320397	0	0	33130	6650	12	16	0	1
320398	0	0	18698	10500	8	9	0	0
320400	0	1	10002	0	10	17	0	0
320401	0	0	43999	2000	12	16	0	0
320404	0	0	9220	4500	15	15	0	0
320405	1	1	10669	3000	12	13	0	0
320408	1	1	9375	0	15	15	0	0
320411	1	1	33309	12097	12	39	1	1
320413	0	0	13866	6859	13	17	0	0
320414	1	1	6304	98	14	13	0	0
320416	1	1	25809	0	13	5	0	1
320417	1	1	5385	0	11	9	0	0
320418	1	1	2541	0	12	19	0	1
320419	1	1	0	704	12	40	1	1
320420	0	0	780	2234	14	16	0	0
320421	0	1	0	4000	12	19	0	1
320423	1	1	0	0	14	19	0	1
320424	1	1	63	0	12	16	0	0
320426	1	1	12708	2296	11	16	0	0
320432	1	1	18214	0	12	39	1	0
320434	1	1	39842	15000	10	1	0	0
320436	1	1	0	700	8	13	0	0
320438	1	1	14157	8000	14	15	0	1
320439	1	1	0	0	8	19	0	1
320442	0	1	18939	4240	12	13	0	1
320444	0	0	0	0	14	28	0	0
320446	0	0	19010	4000	12	37	1	0
320448	1	1	43868	10000	14	17	0	1
320452	1	1	43065	3000	12	37	1	1
320459	0	0	25174	5500	12	13	0	1
320460	1	0	19182	0	12	0	0	1
320462	0	0	2772	609	11	2	0	1
320463	1	1	6738	140	14	15	0	0
320467	0	1	16440	0	11	2	0	1
320470	0	1	19230	0	10	37	1	1
320471	0	1	4614	3600	9	13	0	1
320474	0	0	75	0	12	17	0	0
320475	0	1	0	0	8	5	0	1
320479	1	1	9705	1000	11	39	1	1
320482	1	1	50633	800	12	9	0	1
320483	0	0	6753	10000	13	16	0	1
320485	0	0	15434	7000	10	9	0	1
320488	0	1	27729	98	14	13	0	1
320492	0	0	3656	2300	9	17	0	1
320494	1	1	11271	4000	11	9	0	1
320496	0	0	2837	4000	13	16	0	1
320497	1	1	710	0	9	0	0	1
320499	0	0	0	9000	14	16	0	1
320500	1	1	0	0	12	346	1	0
320503	1	1	12261	231	12	17	0	0
320506	0	1	32067	500	10	13	0	1
320509	1	1	18275	450	14	16	0	0
320511	0	1	35021	4400	12	39	1	0
320515	0	1	0	1200	12	1	0	1
320517	1	0	50316	20000	14	2	0	1
320523	0	0	13820	390	12	13	0	1
320524	0	1	0	0	12	28	0	1
320528	0	0	24767	636	15	39	1	0
320529	0	0	903	8000	12	17	0	0
320530	0	0	24827	6500	14	17	0	0
320532	0	0	0	0	12	17	0	0
320533	0	1	814	2828	10	17	0	0
320534	1	1	741	1477	12	16	0	0
320535	0	1	24013	6500	10	1	0	1
320536	1	1	11690	0	12	13	0	0
320537	0	0	44861	5000	10	13	0	0
320540	1	1	16077	0	14	346	1	0
320549	1	1	14847	3457	8	1	0	0
320552	0	1	50318	1800	12	19	0	1
320554	1	1	8180	0	12	13	0	1
320556	1	1	12723	10816	12	1	0	0
320557	0	0	1515	0	8	28	0	0
320559	1	1	56	5937	10	1	0	0
320560	0	1	933	0	8	13	0	0
320562	0	0	0	3000	9	2	0	0
320564	0	0	4521	3000	9	1	0	0
320566	0	1	67235	1500	8	37	1	1
320568	0	1	14005	0	8	13	0	1
320569	1	1	21505	0	12	17	0	1
320571	0	1	111	1750	12	37	1	0
320573	0	0	0	0	12	17	0	0
320575	0	1	5103	0	10	19	0	1
320576	0	0	363	0	13	9	0	1
320584	0	1	3033	170	12	13	0	0
320585	0	1	9488	0	10	19	0	0
320587	1	1	861	1200	12	1	0	0
320589	0	0	2925	0	12	17	0	0
320596	1	1	25906	7782	12	39	1	1
320597	0	1	45862	11000	9	1	0	1
320598	1	1	4575	4309	12	9	0	0
320601	1	1	4041	10360	12	13	0	0
320602	0	1	14376	2000	12	13	0	1
